-- MySQL dump 10.13  Distrib 5.7.9, for Win64 (x86_64)
--
-- Host: localhost    Database: comics
-- ------------------------------------------------------
-- Server version	5.7.11-log

/*!40101 SET @OLD_CHARACTER_SET_CLIENT=@@CHARACTER_SET_CLIENT */;
/*!40101 SET @OLD_CHARACTER_SET_RESULTS=@@CHARACTER_SET_RESULTS */;
/*!40101 SET @OLD_COLLATION_CONNECTION=@@COLLATION_CONNECTION */;
/*!40101 SET NAMES utf8 */;
/*!40103 SET @OLD_TIME_ZONE=@@TIME_ZONE */;
/*!40103 SET TIME_ZONE='+00:00' */;
/*!40014 SET @OLD_UNIQUE_CHECKS=@@UNIQUE_CHECKS, UNIQUE_CHECKS=0 */;
/*!40014 SET @OLD_FOREIGN_KEY_CHECKS=@@FOREIGN_KEY_CHECKS, FOREIGN_KEY_CHECKS=0 */;
/*!40101 SET @OLD_SQL_MODE=@@SQL_MODE, SQL_MODE='NO_AUTO_VALUE_ON_ZERO' */;
/*!40111 SET @OLD_SQL_NOTES=@@SQL_NOTES, SQL_NOTES=0 */;

--
-- Table structure for table `autor`
--

DROP TABLE IF EXISTS `autor`;
/*!40101 SET @saved_cs_client     = @@character_set_client */;
/*!40101 SET character_set_client = utf8 */;
CREATE TABLE `autor` (
  `idAutor` int(11) NOT NULL,
  `nombre` varchar(45) DEFAULT NULL,
  `apellidos` varchar(45) DEFAULT NULL,
  PRIMARY KEY (`idAutor`)
) ENGINE=InnoDB DEFAULT CHARSET=utf8;
/*!40101 SET character_set_client = @saved_cs_client */;

--
-- Dumping data for table `autor`
--

LOCK TABLES `autor` WRITE;
/*!40000 ALTER TABLE `autor` DISABLE KEYS */;
INSERT INTO `autor` VALUES (1,'Guilles','Chailet'),(2,'Tom','King'),(3,'Paco','Roca'),(4,'Sean','Philips'),(5,'Edmon','Baudoin'),(6,'Quim','Bou'),(7,'Fran','Jarata'),(8,'Sheink','Gon'),(9,'Jeff','Lemire'),(10,'Steward','Green'),(11,'Hanna','Barbera'),(12,'Barber','Villhaneli'),(13,'Marguerite','Bennet'),(14,'Craig','Thompson'),(15,'Shigueru','Mizuki'),(16,'Silas','Corey'),(17,'Yoshinobu','Akita'),(18,'Vitti','Bermejo'),(19,'David','Cruz'),(20,'Stuart','Inmonen'),(21,'Peter','Green'),(22,'Cullen','Bun'),(23,'Larry','Hama'),(24,'Larry ','Hama'),(25,'Jodorowsky','Fructus'),(26,'Vivora','Comics'),(27,'Istin','Colar'),(28,'Miville','Rumberg'),(29,'Frank','Miller'),(30,'Jennifer','Strauss'),(31,'Daniel','Collins'),(32,'Jared','Waters'),(33,'Calvin','Golliat'),(34,'Daniel','Way'),(35,'Rick','Remender');
/*!40000 ALTER TABLE `autor` ENABLE KEYS */;
UNLOCK TABLES;

--
-- Table structure for table `comic`
--

DROP TABLE IF EXISTS `comic`;
/*!40101 SET @saved_cs_client     = @@character_set_client */;
/*!40101 SET character_set_client = utf8 */;
CREATE TABLE `comic` (
  `idComic` int(11) NOT NULL,
  `costo` double DEFAULT NULL,
  `titulo` varchar(45) DEFAULT NULL,
  `fechaPublicacion` date DEFAULT NULL,
  `existencias` int(11) DEFAULT NULL,
  `idSaga` int(11) DEFAULT NULL,
  PRIMARY KEY (`idComic`),
  KEY `idSaga` (`idSaga`),
  CONSTRAINT `Comic_ibfk_1` FOREIGN KEY (`idSaga`) REFERENCES `saga` (`idSaga`)
) ENGINE=InnoDB DEFAULT CHARSET=utf8;
/*!40101 SET character_set_client = @saved_cs_client */;

--
-- Dumping data for table `comic`
--

LOCK TABLES `comic` WRITE;
/*!40000 ALTER TABLE `comic` DISABLE KEYS */;
INSERT INTO `comic` VALUES (1,20,'Los escudos de Marte 3 - Sémiramis','2015-01-23',35,1),(2,30,'Los escudos de Marte 2','2015-01-25',16,1),(3,20,'Escudos de Marte 1 - Casus Belli','2015-01-30',200,1),(4,30,'Batman 5 - Yo soy Gotham 5','2014-03-24',562,2),(5,50,'Arrugas','2013-05-13',344,3),(6,100,'Kill or be Killed 1','2012-12-25',5443,4),(7,34,'Arleri','2011-02-14',123,5),(8,65,'Cercanías','2010-06-18',1234,6),(9,234,'A reventar!!','2001-01-01',345,7),(10,534,'De sangre y ron mi Cuba','2002-02-02',123,8),(11,65,'Watashitachi no Shiawase na Jikan','2003-03-03',435,9),(12,98,'Green Arrow 4 - Rompiendo tus lazos','2004-04-04',324,10),(13,65,'Ruta a Doom 5','2005-05-05',76,11),(14,455,'The Flintstones 1 - Borron y cuenta nueva','2014-02-13',64,12),(15,500,'Action Man 1 - El botín para los victoriosos','2006-06-06',354,13),(16,45,'Animosity 1 - El despertar','2007-07-07',436,14),(17,33,'Blankets','2008-08-08',658,15),(18,22,'Calle de los Misterios','2009-09-09',567,16),(19,45,'Silas Corey 2 - El Testamento de Zarkof 2ª pa','2010-10-10',234,17),(20,35,'Silas Corey 2 - El Testamento de Zarkof 1ª pa','2011-11-11',87,17),(21,34,'Silas Corey 1 - La Red Aquila','2012-12-12',987,17),(22,45,'Sorcerous Stabber Orphen 6','2013-01-13',675,18),(23,45,'Sorcerous Stabber Orphen 5','2014-02-14',589,18),(24,78,'Sorcerous Stabber Orphen 4','2015-03-15',24,18),(25,65,'Sorcerous Stabber Orphen 3','2016-04-16',525,18),(26,76,'Sorcerous Stabber Orphen 2','1995-05-17',575,18),(27,45,'Sorcerous Stabber Orphen 1','1996-06-18',75,18),(28,46,'Suiciders - Kings of HelL.A. 5 - Hijo de aguj','1997-07-19',456,19),(29,86,'Micronauts 1','1998-08-20',4567,20),(30,46,'Supermanes de America 6 - Al máximo','1999-09-21',356,21),(31,86,'Supermanes de America 5 - Lo inimaginable pas','2000-10-22',23,21),(32,86,'Supermanes de America 4 - A luchar por la jus','2001-11-23',1234,21),(33,35,'Supermanes de America 3 - Un poco de acción','2002-12-24',4445,21),(34,87,'Supermanes de America 2 - Punto de ebullición','2003-01-25',123,21),(35,68,'Supermanes de America 1 - En un mundo perfect','2004-02-26',213,21),(36,68,'Conan - The Slayer 1 - Sangre en su camino 1','2005-03-27',311,22),(37,54,'Excalibur 1','2006-04-28',2456,23),(38,57,'Spiderman - Negocios Familiares','2007-05-29',435,24),(39,76,'Showman Killer 2 - El niño de oro','2008-06-16',345,25),(40,87,'Turno de noche','2009-07-30',33,26),(41,45,'Templario 1 - En los muros de Tyr','2010-08-23',345,27),(42,97,'Reconquistas 2 - La trampa hitita','2011-09-14',65,28),(43,34,'Reconquistas 1 - La horda de los vivientes','2012-10-12',656,28),(44,87,'Ahoha Rhidor','2013-11-13',765,29),(45,567,'ALL STAR BATMAN & ROBIN, The boy wonder #2','2014-12-14',2014,34),(46,753,'ALL STAR BATMAN & ROBIN, The boy wonder #3','2015-01-12',2015,23),(47,56,'BATMAN #45','2016-02-18',345,4),(48,12,'SUPERMAN #37','1991-03-20',656,31),(49,21,'CIVIL WAR II #0','1993-04-22',24,32),(50,42,'INVINCIBLE IRON MAN #5','1994-05-09',234,33),(51,23,'VENOM: PROTECTOR LETAL','1995-09-27',188,34),(52,285,'ALL STAR BATMAN & ROBIN, The boy wonder #4','2015-01-20',1996,23),(53,43,'CHOOSING SIDES #1','1997-02-08',843,35),(54,54,'JUSTICE LEAGUE #47','1999-09-10',284,36);
/*!40000 ALTER TABLE `comic` ENABLE KEYS */;
UNLOCK TABLES;

--
-- Table structure for table `comicautor`
--

DROP TABLE IF EXISTS `comicautor`;
/*!40101 SET @saved_cs_client     = @@character_set_client */;
/*!40101 SET character_set_client = utf8 */;
CREATE TABLE `comicautor` (
  `idComic` int(11) NOT NULL,
  `idAutor` int(11) NOT NULL,
  PRIMARY KEY (`idComic`,`idAutor`),
  KEY `fk_ComicAutor_Autor1_idx` (`idAutor`),
  CONSTRAINT `fk_ComicAutor_Autor1` FOREIGN KEY (`idAutor`) REFERENCES `autor` (`idAutor`) ON DELETE NO ACTION ON UPDATE NO ACTION,
  CONSTRAINT `fk_ComicAutor_Comic1` FOREIGN KEY (`idComic`) REFERENCES `comic` (`idComic`) ON DELETE NO ACTION ON UPDATE NO ACTION
) ENGINE=InnoDB DEFAULT CHARSET=utf8;
/*!40101 SET character_set_client = @saved_cs_client */;

--
-- Dumping data for table `comicautor`
--

LOCK TABLES `comicautor` WRITE;
/*!40000 ALTER TABLE `comicautor` DISABLE KEYS */;
INSERT INTO `comicautor` VALUES (1,1),(2,1),(3,1),(4,2),(5,3),(6,4),(7,5),(8,6),(9,6),(10,7),(11,8),(12,9),(13,10),(14,11),(15,12),(16,13),(17,14),(18,15),(19,16),(20,16),(21,16),(22,17),(23,17),(24,17),(25,17),(26,17),(27,17),(28,18),(29,19),(30,20),(31,20),(32,20),(33,21),(34,21),(35,21),(36,22),(37,23),(38,24),(39,25),(40,26),(41,27),(42,28),(43,28),(44,29),(45,29),(46,29),(47,29),(48,30),(49,31),(50,32),(51,33),(52,34),(53,34),(54,35);
/*!40000 ALTER TABLE `comicautor` ENABLE KEYS */;
UNLOCK TABLES;

--
-- Table structure for table `comictema`
--

DROP TABLE IF EXISTS `comictema`;
/*!40101 SET @saved_cs_client     = @@character_set_client */;
/*!40101 SET character_set_client = utf8 */;
CREATE TABLE `comictema` (
  `idTema` int(11) NOT NULL,
  `idComic` int(11) NOT NULL,
  PRIMARY KEY (`idTema`,`idComic`),
  KEY `fk_ComicTema_Comic1_idx` (`idComic`),
  CONSTRAINT `fk_ComicTema_Comic1` FOREIGN KEY (`idComic`) REFERENCES `comic` (`idComic`) ON DELETE NO ACTION ON UPDATE NO ACTION,
  CONSTRAINT `fk_ComicTema_Tema1` FOREIGN KEY (`idTema`) REFERENCES `tema` (`idTema`) ON DELETE NO ACTION ON UPDATE NO ACTION
) ENGINE=InnoDB DEFAULT CHARSET=utf8;
/*!40101 SET character_set_client = @saved_cs_client */;

--
-- Dumping data for table `comictema`
--

LOCK TABLES `comictema` WRITE;
/*!40000 ALTER TABLE `comictema` DISABLE KEYS */;
INSERT INTO `comictema` VALUES (1,1),(1,2),(1,3),(1,4),(2,5),(3,6),(2,7),(3,8),(3,9),(2,10),(2,11),(1,12),(1,13),(4,14),(1,15),(5,16),(6,17),(5,18),(7,19),(7,20),(7,21),(1,22),(1,23),(1,24),(1,25),(1,26),(1,27),(3,28),(3,29),(1,30),(1,31),(1,32),(1,33),(1,34),(1,35),(1,36),(3,37),(1,38),(5,39),(5,40),(1,41),(1,42),(1,43),(8,44),(2,45),(3,46),(5,47),(9,48),(10,49),(3,50),(1,51),(1,52),(11,53),(1,54);
/*!40000 ALTER TABLE `comictema` ENABLE KEYS */;
UNLOCK TABLES;

--
-- Table structure for table `comicventa`
--

DROP TABLE IF EXISTS `comicventa`;
/*!40101 SET @saved_cs_client     = @@character_set_client */;
/*!40101 SET character_set_client = utf8 */;
CREATE TABLE `comicventa` (
  `idComic` int(11) NOT NULL,
  `idVenta` int(11) NOT NULL,
  `cantidad` int(11) DEFAULT NULL,
  PRIMARY KEY (`idComic`,`idVenta`),
  KEY `fk_ComicVenta_Venta1_idx` (`idVenta`),
  CONSTRAINT `fk_ComicVenta_Comic1` FOREIGN KEY (`idComic`) REFERENCES `comic` (`idComic`) ON DELETE NO ACTION ON UPDATE NO ACTION,
  CONSTRAINT `fk_ComicVenta_Venta1` FOREIGN KEY (`idVenta`) REFERENCES `venta` (`idVenta`) ON DELETE NO ACTION ON UPDATE NO ACTION
) ENGINE=InnoDB DEFAULT CHARSET=utf8;
/*!40101 SET character_set_client = @saved_cs_client */;

--
-- Dumping data for table `comicventa`
--

LOCK TABLES `comicventa` WRITE;
/*!40000 ALTER TABLE `comicventa` DISABLE KEYS */;
INSERT INTO `comicventa` VALUES (1,1,4),(1,53,3),(1,55,7),(1,107,2),(1,109,9),(1,161,5),(1,163,10),(1,215,10),(1,217,7),(1,269,6),(1,271,4),(1,323,6),(1,325,7),(1,377,1),(1,379,2),(1,431,8),(1,433,3),(1,485,2),(1,487,1),(1,539,3),(1,541,6),(1,593,3),(1,595,6),(1,647,5),(1,649,10),(1,701,9),(1,703,5),(1,755,3),(1,757,1),(1,809,6),(1,811,2),(1,863,4),(1,865,6),(1,917,1),(1,919,3),(1,971,1),(1,973,1),(1,1025,8),(1,1027,9),(1,1079,10),(1,1081,10),(1,1133,6),(1,1135,1),(1,1187,2),(1,1189,4),(1,1241,5),(1,1243,8),(1,1295,9),(1,1297,5),(1,1349,1),(1,1351,3),(1,1403,10),(1,1405,5),(1,1457,7),(1,1459,4),(1,1511,8),(1,1513,4),(1,1565,2),(1,1567,6),(1,1619,6),(1,1621,3),(1,1673,7),(1,1675,3),(1,1727,9),(1,1729,8),(1,1781,5),(1,1783,1),(1,1835,9),(1,1837,3),(1,1889,2),(1,1891,10),(1,1943,3),(1,1945,3),(1,1997,1),(1,1999,5),(2,2,8),(2,54,1),(2,56,5),(2,108,2),(2,110,1),(2,162,3),(2,164,1),(2,216,10),(2,218,10),(2,270,3),(2,272,9),(2,324,2),(2,326,6),(2,378,6),(2,380,6),(2,432,10),(2,434,8),(2,486,7),(2,488,5),(2,540,8),(2,542,5),(2,594,10),(2,596,1),(2,648,9),(2,650,3),(2,702,7),(2,704,6),(2,756,3),(2,758,2),(2,810,1),(2,812,7),(2,864,4),(2,866,7),(2,918,4),(2,920,5),(2,972,5),(2,974,2),(2,1026,6),(2,1028,4),(2,1080,1),(2,1082,1),(2,1134,3),(2,1136,6),(2,1188,7),(2,1190,3),(2,1242,3),(2,1244,10),(2,1296,1),(2,1298,10),(2,1350,1),(2,1352,2),(2,1404,8),(2,1406,2),(2,1458,1),(2,1460,10),(2,1512,3),(2,1514,9),(2,1566,3),(2,1568,8),(2,1620,3),(2,1622,6),(2,1674,7),(2,1676,3),(2,1728,3),(2,1730,3),(2,1782,7),(2,1784,1),(2,1836,9),(2,1838,3),(2,1890,6),(2,1892,5),(2,1944,4),(2,1946,9),(2,1998,3),(2,2000,3),(3,1,7),(3,3,9),(3,55,10),(3,57,5),(3,109,8),(3,111,1),(3,163,10),(3,165,2),(3,217,6),(3,219,10),(3,271,1),(3,273,6),(3,325,2),(3,327,6),(3,379,3),(3,381,7),(3,433,2),(3,435,8),(3,487,10),(3,489,6),(3,541,4),(3,543,7),(3,595,1),(3,597,5),(3,649,2),(3,651,1),(3,703,6),(3,705,8),(3,757,9),(3,759,9),(3,811,3),(3,813,4),(3,865,7),(3,867,1),(3,919,6),(3,921,6),(3,973,3),(3,975,2),(3,1027,5),(3,1029,9),(3,1081,4),(3,1083,7),(3,1135,5),(3,1137,3),(3,1189,4),(3,1191,10),(3,1243,3),(3,1245,1),(3,1297,9),(3,1299,1),(3,1351,3),(3,1353,2),(3,1405,1),(3,1407,4),(3,1459,1),(3,1461,2),(3,1513,7),(3,1515,6),(3,1567,2),(3,1569,10),(3,1621,8),(3,1623,8),(3,1675,9),(3,1677,7),(3,1729,5),(3,1731,3),(3,1783,2),(3,1785,5),(3,1837,5),(3,1839,6),(3,1891,8),(3,1893,2),(3,1945,2),(3,1947,7),(3,1999,8),(4,2,3),(4,4,5),(4,56,8),(4,58,8),(4,110,2),(4,112,3),(4,164,9),(4,166,7),(4,218,5),(4,220,2),(4,272,4),(4,274,8),(4,326,8),(4,328,10),(4,380,6),(4,382,10),(4,434,4),(4,436,1),(4,488,5),(4,490,4),(4,542,2),(4,544,4),(4,596,10),(4,598,6),(4,650,2),(4,652,1),(4,704,10),(4,706,7),(4,758,7),(4,760,10),(4,812,8),(4,814,5),(4,866,9),(4,868,6),(4,920,10),(4,922,10),(4,974,8),(4,976,8),(4,1028,5),(4,1030,5),(4,1082,10),(4,1084,3),(4,1136,2),(4,1138,2),(4,1190,9),(4,1192,10),(4,1244,5),(4,1246,4),(4,1298,6),(4,1300,8),(4,1352,4),(4,1354,7),(4,1406,3),(4,1408,7),(4,1460,3),(4,1462,6),(4,1514,7),(4,1516,8),(4,1568,8),(4,1570,8),(4,1622,1),(4,1624,4),(4,1676,9),(4,1678,1),(4,1730,3),(4,1732,3),(4,1784,10),(4,1786,9),(4,1838,5),(4,1840,1),(4,1892,7),(4,1894,5),(4,1946,8),(4,1948,8),(4,2000,1),(5,3,8),(5,5,4),(5,57,3),(5,59,7),(5,111,10),(5,113,8),(5,165,2),(5,167,7),(5,219,2),(5,221,1),(5,273,8),(5,275,6),(5,327,2),(5,329,1),(5,381,10),(5,383,1),(5,435,7),(5,437,3),(5,489,3),(5,491,4),(5,543,1),(5,545,10),(5,597,4),(5,599,1),(5,651,10),(5,653,6),(5,705,7),(5,707,1),(5,759,9),(5,761,3),(5,813,9),(5,815,9),(5,867,2),(5,869,8),(5,921,6),(5,923,3),(5,975,3),(5,977,9),(5,1029,1),(5,1031,5),(5,1083,4),(5,1085,6),(5,1137,4),(5,1139,2),(5,1191,8),(5,1193,8),(5,1245,9),(5,1247,4),(5,1299,8),(5,1301,3),(5,1353,9),(5,1355,9),(5,1407,8),(5,1409,2),(5,1461,7),(5,1463,5),(5,1515,8),(5,1517,4),(5,1569,1),(5,1571,10),(5,1623,8),(5,1625,2),(5,1677,1),(5,1679,9),(5,1731,8),(5,1733,9),(5,1785,5),(5,1787,5),(5,1839,3),(5,1841,6),(5,1893,2),(5,1895,9),(5,1947,3),(5,1949,7),(6,4,3),(6,6,3),(6,58,5),(6,60,10),(6,112,6),(6,114,7),(6,166,3),(6,168,1),(6,220,6),(6,222,10),(6,274,9),(6,276,9),(6,328,10),(6,330,10),(6,382,1),(6,384,10),(6,436,7),(6,438,3),(6,490,9),(6,492,5),(6,544,4),(6,546,6),(6,598,7),(6,600,6),(6,652,8),(6,654,3),(6,706,1),(6,708,1),(6,760,10),(6,762,9),(6,814,7),(6,816,6),(6,868,9),(6,870,2),(6,922,7),(6,924,10),(6,976,5),(6,978,7),(6,1030,8),(6,1032,8),(6,1084,4),(6,1086,8),(6,1138,9),(6,1140,7),(6,1192,1),(6,1194,7),(6,1246,6),(6,1248,1),(6,1300,2),(6,1302,5),(6,1354,1),(6,1356,4),(6,1408,1),(6,1410,7),(6,1462,3),(6,1464,4),(6,1516,1),(6,1518,8),(6,1570,6),(6,1572,2),(6,1624,9),(6,1626,6),(6,1678,1),(6,1680,2),(6,1732,7),(6,1734,2),(6,1786,4),(6,1788,2),(6,1840,6),(6,1842,7),(6,1894,9),(6,1896,2),(6,1948,4),(6,1950,10),(7,5,2),(7,7,2),(7,59,3),(7,61,9),(7,113,9),(7,115,4),(7,167,7),(7,169,4),(7,221,4),(7,223,10),(7,275,6),(7,277,7),(7,329,5),(7,331,8),(7,383,9),(7,385,6),(7,437,6),(7,439,4),(7,491,4),(7,493,8),(7,545,7),(7,547,1),(7,599,8),(7,601,1),(7,653,7),(7,655,4),(7,707,5),(7,709,4),(7,761,8),(7,763,6),(7,815,9),(7,817,2),(7,869,1),(7,871,7),(7,923,3),(7,925,5),(7,977,8),(7,979,6),(7,1031,10),(7,1033,3),(7,1085,5),(7,1087,9),(7,1139,4),(7,1141,3),(7,1193,9),(7,1195,2),(7,1247,5),(7,1249,6),(7,1301,1),(7,1303,10),(7,1355,8),(7,1357,6),(7,1409,5),(7,1411,2),(7,1463,2),(7,1465,8),(7,1517,7),(7,1519,6),(7,1571,10),(7,1573,8),(7,1625,1),(7,1627,6),(7,1679,10),(7,1681,8),(7,1733,2),(7,1735,8),(7,1787,6),(7,1789,5),(7,1841,7),(7,1843,1),(7,1895,8),(7,1897,9),(7,1949,4),(7,1951,1),(8,6,10),(8,8,1),(8,60,7),(8,62,8),(8,114,3),(8,116,7),(8,168,1),(8,170,3),(8,222,1),(8,224,1),(8,276,9),(8,278,4),(8,330,3),(8,332,6),(8,384,3),(8,386,1),(8,438,10),(8,440,7),(8,492,3),(8,494,6),(8,546,7),(8,548,5),(8,600,5),(8,602,2),(8,654,1),(8,656,6),(8,708,10),(8,710,1),(8,762,4),(8,764,7),(8,816,1),(8,818,10),(8,870,1),(8,872,1),(8,924,4),(8,926,9),(8,978,6),(8,980,1),(8,1032,9),(8,1034,8),(8,1086,8),(8,1088,6),(8,1140,2),(8,1142,3),(8,1194,4),(8,1196,3),(8,1248,6),(8,1250,9),(8,1302,5),(8,1304,9),(8,1356,7),(8,1358,3),(8,1410,4),(8,1412,4),(8,1464,10),(8,1466,8),(8,1518,7),(8,1520,6),(8,1572,2),(8,1574,3),(8,1626,7),(8,1628,7),(8,1680,6),(8,1682,3),(8,1734,7),(8,1736,6),(8,1788,2),(8,1790,7),(8,1842,5),(8,1844,1),(8,1896,8),(8,1898,10),(8,1950,4),(8,1952,6),(9,7,9),(9,9,2),(9,61,1),(9,63,8),(9,115,2),(9,117,9),(9,169,4),(9,171,7),(9,223,1),(9,225,7),(9,277,9),(9,279,9),(9,331,3),(9,333,5),(9,385,10),(9,387,2),(9,439,10),(9,441,5),(9,493,10),(9,495,2),(9,547,10),(9,549,10),(9,601,4),(9,603,7),(9,655,1),(9,657,5),(9,709,9),(9,711,4),(9,763,1),(9,765,6),(9,817,6),(9,819,7),(9,871,9),(9,873,5),(9,925,9),(9,927,7),(9,979,4),(9,981,6),(9,1033,2),(9,1035,4),(9,1087,7),(9,1089,3),(9,1141,3),(9,1143,3),(9,1195,6),(9,1197,8),(9,1249,9),(9,1251,1),(9,1303,5),(9,1305,5),(9,1357,2),(9,1359,7),(9,1411,10),(9,1413,4),(9,1465,9),(9,1467,8),(9,1519,6),(9,1521,3),(9,1573,4),(9,1575,6),(9,1627,9),(9,1629,4),(9,1681,8),(9,1683,10),(9,1735,3),(9,1737,6),(9,1789,2),(9,1791,4),(9,1843,4),(9,1845,2),(9,1897,6),(9,1899,1),(9,1951,10),(9,1953,1),(10,8,6),(10,10,2),(10,62,1),(10,64,2),(10,116,6),(10,118,7),(10,170,2),(10,172,2),(10,224,5),(10,226,1),(10,278,7),(10,280,7),(10,332,2),(10,334,1),(10,386,3),(10,388,1),(10,440,4),(10,442,3),(10,494,2),(10,496,6),(10,548,9),(10,550,7),(10,602,4),(10,604,3),(10,656,4),(10,658,10),(10,710,9),(10,712,2),(10,764,8),(10,766,2),(10,818,1),(10,820,5),(10,872,10),(10,874,3),(10,926,3),(10,928,7),(10,980,6),(10,982,7),(10,1034,8),(10,1036,5),(10,1088,10),(10,1090,5),(10,1142,10),(10,1144,3),(10,1196,3),(10,1198,5),(10,1250,1),(10,1252,9),(10,1304,5),(10,1306,8),(10,1358,1),(10,1360,8),(10,1412,7),(10,1414,10),(10,1466,9),(10,1468,10),(10,1520,5),(10,1522,7),(10,1574,1),(10,1576,7),(10,1628,7),(10,1630,9),(10,1682,9),(10,1684,8),(10,1736,8),(10,1738,5),(10,1790,2),(10,1792,1),(10,1844,3),(10,1846,6),(10,1898,2),(10,1900,9),(10,1952,1),(10,1954,9),(11,9,2),(11,11,9),(11,63,3),(11,65,1),(11,117,9),(11,119,3),(11,171,9),(11,173,1),(11,225,1),(11,227,6),(11,279,9),(11,281,2),(11,333,7),(11,335,3),(11,387,7),(11,389,3),(11,441,2),(11,443,3),(11,495,6),(11,497,2),(11,549,6),(11,551,4),(11,603,8),(11,605,10),(11,657,7),(11,659,5),(11,711,1),(11,713,5),(11,765,2),(11,767,4),(11,819,6),(11,821,5),(11,873,6),(11,875,2),(11,927,1),(11,929,8),(11,981,10),(11,983,1),(11,1035,10),(11,1037,8),(11,1089,9),(11,1091,7),(11,1143,8),(11,1145,4),(11,1197,10),(11,1199,2),(11,1251,8),(11,1253,10),(11,1305,3),(11,1307,3),(11,1359,6),(11,1361,3),(11,1413,1),(11,1415,10),(11,1467,4),(11,1469,3),(11,1521,10),(11,1523,3),(11,1575,8),(11,1577,5),(11,1629,5),(11,1631,10),(11,1683,5),(11,1685,2),(11,1737,4),(11,1739,5),(11,1791,2),(11,1793,3),(11,1845,3),(11,1847,8),(11,1899,7),(11,1901,3),(11,1953,4),(11,1955,8),(12,10,3),(12,12,10),(12,64,6),(12,66,2),(12,118,1),(12,120,4),(12,172,3),(12,174,1),(12,226,2),(12,228,9),(12,280,4),(12,282,1),(12,334,5),(12,336,1),(12,388,8),(12,390,9),(12,442,2),(12,444,4),(12,496,6),(12,498,5),(12,550,7),(12,552,7),(12,604,6),(12,606,1),(12,658,1),(12,660,5),(12,712,5),(12,714,3),(12,766,7),(12,768,9),(12,820,7),(12,822,6),(12,874,4),(12,876,4),(12,928,2),(12,930,4),(12,982,9),(12,984,8),(12,1036,6),(12,1038,3),(12,1090,9),(12,1092,8),(12,1144,5),(12,1146,1),(12,1198,4),(12,1200,2),(12,1252,6),(12,1254,6),(12,1306,10),(12,1308,9),(12,1360,10),(12,1362,2),(12,1414,9),(12,1416,3),(12,1468,3),(12,1470,9),(12,1522,7),(12,1524,4),(12,1576,1),(12,1578,3),(12,1630,6),(12,1632,5),(12,1684,6),(12,1686,4),(12,1738,3),(12,1740,10),(12,1792,10),(12,1794,1),(12,1846,7),(12,1848,8),(12,1900,8),(12,1902,1),(12,1954,3),(12,1956,3),(13,11,2),(13,13,6),(13,65,10),(13,67,1),(13,119,5),(13,121,5),(13,173,7),(13,175,10),(13,227,5),(13,229,4),(13,281,4),(13,283,8),(13,335,8),(13,337,9),(13,389,6),(13,391,8),(13,443,5),(13,445,10),(13,497,10),(13,499,7),(13,551,4),(13,553,4),(13,605,5),(13,607,5),(13,659,10),(13,661,9),(13,713,9),(13,715,4),(13,767,4),(13,769,9),(13,821,4),(13,823,9),(13,875,3),(13,877,2),(13,929,1),(13,931,7),(13,983,5),(13,985,10),(13,1037,8),(13,1039,3),(13,1091,3),(13,1093,7),(13,1145,1),(13,1147,6),(13,1199,4),(13,1201,3),(13,1253,10),(13,1255,1),(13,1307,1),(13,1309,10),(13,1361,8),(13,1363,5),(13,1415,10),(13,1417,2),(13,1469,2),(13,1471,5),(13,1523,7),(13,1525,5),(13,1577,3),(13,1579,2),(13,1631,10),(13,1633,2),(13,1685,6),(13,1687,8),(13,1739,6),(13,1741,9),(13,1793,9),(13,1795,3),(13,1847,6),(13,1849,3),(13,1901,10),(13,1903,7),(13,1955,6),(13,1957,6),(14,12,1),(14,14,1),(14,66,4),(14,68,1),(14,120,3),(14,122,10),(14,174,9),(14,176,3),(14,228,8),(14,230,10),(14,282,10),(14,284,6),(14,336,9),(14,338,7),(14,390,7),(14,392,2),(14,444,10),(14,446,2),(14,498,5),(14,500,6),(14,552,6),(14,554,1),(14,606,4),(14,608,3),(14,660,5),(14,662,6),(14,714,7),(14,716,3),(14,768,1),(14,770,3),(14,822,9),(14,824,5),(14,876,9),(14,878,6),(14,930,4),(14,932,5),(14,984,9),(14,986,5),(14,1038,4),(14,1040,9),(14,1092,4),(14,1094,9),(14,1146,3),(14,1148,10),(14,1200,4),(14,1202,3),(14,1254,5),(14,1256,6),(14,1308,9),(14,1310,9),(14,1362,10),(14,1364,2),(14,1416,8),(14,1418,4),(14,1470,3),(14,1472,10),(14,1524,8),(14,1526,2),(14,1578,2),(14,1580,6),(14,1632,7),(14,1634,10),(14,1686,3),(14,1688,9),(14,1740,9),(14,1742,1),(14,1794,3),(14,1796,5),(14,1848,8),(14,1850,1),(14,1902,1),(14,1904,3),(14,1956,4),(14,1958,2),(15,13,10),(15,15,10),(15,67,5),(15,69,1),(15,121,4),(15,123,6),(15,175,10),(15,177,8),(15,229,1),(15,231,1),(15,283,1),(15,285,9),(15,337,3),(15,339,10),(15,391,10),(15,393,7),(15,445,6),(15,447,8),(15,499,4),(15,501,7),(15,553,7),(15,555,5),(15,607,8),(15,609,3),(15,661,3),(15,663,10),(15,715,10),(15,717,2),(15,769,4),(15,771,8),(15,823,10),(15,825,5),(15,877,3),(15,879,7),(15,931,6),(15,933,9),(15,985,1),(15,987,5),(15,1039,6),(15,1041,5),(15,1093,8),(15,1095,9),(15,1147,5),(15,1149,3),(15,1201,3),(15,1203,9),(15,1255,10),(15,1257,9),(15,1309,1),(15,1311,10),(15,1363,8),(15,1365,5),(15,1417,5),(15,1419,2),(15,1471,1),(15,1473,6),(15,1525,5),(15,1527,8),(15,1579,10),(15,1581,4),(15,1633,7),(15,1635,3),(15,1687,7),(15,1689,6),(15,1741,4),(15,1743,10),(15,1795,8),(15,1797,5),(15,1849,1),(15,1851,6),(15,1903,7),(15,1905,1),(15,1957,10),(15,1959,10),(16,14,6),(16,16,5),(16,68,4),(16,70,2),(16,122,2),(16,124,8),(16,176,10),(16,178,3),(16,230,2),(16,232,4),(16,284,1),(16,286,3),(16,338,3),(16,340,5),(16,392,6),(16,394,10),(16,446,5),(16,448,10),(16,500,5),(16,502,9),(16,554,7),(16,556,3),(16,608,2),(16,610,3),(16,662,2),(16,664,4),(16,716,8),(16,718,6),(16,770,2),(16,772,7),(16,824,6),(16,826,7),(16,878,2),(16,880,4),(16,932,3),(16,934,9),(16,986,10),(16,988,4),(16,1040,6),(16,1042,9),(16,1094,10),(16,1096,8),(16,1148,6),(16,1150,10),(16,1202,9),(16,1204,9),(16,1256,2),(16,1258,9),(16,1310,7),(16,1312,7),(16,1364,5),(16,1366,5),(16,1418,3),(16,1420,2),(16,1472,6),(16,1474,3),(16,1526,2),(16,1528,10),(16,1580,6),(16,1582,6),(16,1634,4),(16,1636,3),(16,1688,2),(16,1690,3),(16,1742,2),(16,1744,5),(16,1796,8),(16,1798,9),(16,1850,6),(16,1852,5),(16,1904,7),(16,1906,10),(16,1958,1),(16,1960,3),(17,15,1),(17,17,6),(17,69,3),(17,71,7),(17,123,6),(17,125,7),(17,177,9),(17,179,6),(17,231,8),(17,233,7),(17,285,2),(17,287,3),(17,339,3),(17,341,9),(17,393,10),(17,395,3),(17,447,6),(17,449,3),(17,501,2),(17,503,3),(17,555,10),(17,557,1),(17,609,7),(17,611,8),(17,663,6),(17,665,7),(17,717,1),(17,719,9),(17,771,4),(17,773,3),(17,825,4),(17,827,5),(17,879,3),(17,881,5),(17,933,7),(17,935,2),(17,987,2),(17,989,1),(17,1041,6),(17,1043,4),(17,1095,5),(17,1097,5),(17,1149,10),(17,1151,9),(17,1203,5),(17,1205,4),(17,1257,6),(17,1259,2),(17,1311,7),(17,1313,7),(17,1365,7),(17,1367,3),(17,1419,9),(17,1421,9),(17,1473,4),(17,1475,8),(17,1527,5),(17,1529,10),(17,1581,6),(17,1583,6),(17,1635,7),(17,1637,2),(17,1689,4),(17,1691,3),(17,1743,7),(17,1745,6),(17,1797,4),(17,1799,5),(17,1851,2),(17,1853,8),(17,1905,1),(17,1907,10),(17,1959,6),(17,1961,1),(18,16,8),(18,18,3),(18,70,6),(18,72,10),(18,124,9),(18,126,2),(18,178,6),(18,180,7),(18,232,10),(18,234,9),(18,286,7),(18,288,6),(18,340,2),(18,342,4),(18,394,6),(18,396,8),(18,448,1),(18,450,1),(18,502,9),(18,504,6),(18,556,10),(18,558,3),(18,610,5),(18,612,3),(18,664,1),(18,666,1),(18,718,3),(18,720,7),(18,772,2),(18,774,3),(18,826,4),(18,828,5),(18,880,8),(18,882,9),(18,934,6),(18,936,10),(18,988,5),(18,990,1),(18,1042,2),(18,1044,3),(18,1096,7),(18,1098,9),(18,1150,2),(18,1152,2),(18,1204,10),(18,1206,2),(18,1258,4),(18,1260,7),(18,1312,7),(18,1314,8),(18,1366,5),(18,1368,9),(18,1420,7),(18,1422,10),(18,1474,6),(18,1476,6),(18,1528,8),(18,1530,1),(18,1582,10),(18,1584,10),(18,1636,8),(18,1638,7),(18,1690,6),(18,1692,8),(18,1744,4),(18,1746,6),(18,1798,7),(18,1800,10),(18,1852,3),(18,1854,7),(18,1906,1),(18,1908,2),(18,1960,9),(18,1962,7),(19,17,3),(19,19,2),(19,71,9),(19,73,10),(19,125,6),(19,127,10),(19,179,6),(19,181,7),(19,233,9),(19,235,1),(19,287,6),(19,289,8),(19,341,6),(19,343,9),(19,395,10),(19,397,7),(19,449,7),(19,451,4),(19,503,2),(19,505,2),(19,557,4),(19,559,1),(19,611,8),(19,613,6),(19,665,8),(19,667,8),(19,719,5),(19,721,7),(19,773,9),(19,775,1),(19,827,10),(19,829,6),(19,881,10),(19,883,7),(19,935,3),(19,937,7),(19,989,1),(19,991,5),(19,1043,2),(19,1045,3),(19,1097,4),(19,1099,3),(19,1151,9),(19,1153,5),(19,1205,8),(19,1207,7),(19,1259,7),(19,1261,1),(19,1313,2),(19,1315,7),(19,1367,3),(19,1369,6),(19,1421,4),(19,1423,3),(19,1475,5),(19,1477,2),(19,1529,10),(19,1531,7),(19,1583,8),(19,1585,3),(19,1637,4),(19,1639,5),(19,1691,2),(19,1693,10),(19,1745,8),(19,1747,5),(19,1799,3),(19,1801,1),(19,1853,10),(19,1855,3),(19,1907,4),(19,1909,7),(19,1961,6),(19,1963,10),(20,18,2),(20,20,4),(20,72,2),(20,74,3),(20,126,9),(20,128,2),(20,180,9),(20,182,3),(20,234,6),(20,236,8),(20,288,10),(20,290,6),(20,342,1),(20,344,10),(20,396,3),(20,398,9),(20,450,9),(20,452,1),(20,504,1),(20,506,9),(20,558,7),(20,560,3),(20,612,4),(20,614,6),(20,666,8),(20,668,1),(20,720,10),(20,722,9),(20,774,9),(20,776,1),(20,828,9),(20,830,9),(20,882,3),(20,884,4),(20,936,3),(20,938,10),(20,990,2),(20,992,1),(20,1044,4),(20,1046,4),(20,1098,3),(20,1100,4),(20,1152,1),(20,1154,1),(20,1206,7),(20,1208,7),(20,1260,1),(20,1262,2),(20,1314,1),(20,1316,6),(20,1368,6),(20,1370,3),(20,1422,1),(20,1424,1),(20,1476,5),(20,1478,8),(20,1530,6),(20,1532,5),(20,1584,7),(20,1586,1),(20,1638,4),(20,1640,4),(20,1692,5),(20,1694,7),(20,1746,3),(20,1748,7),(20,1800,7),(20,1802,5),(20,1854,4),(20,1856,3),(20,1908,7),(20,1910,10),(20,1962,10),(20,1964,1),(21,19,1),(21,21,5),(21,73,1),(21,75,6),(21,127,2),(21,129,10),(21,181,6),(21,183,6),(21,235,10),(21,237,3),(21,289,9),(21,291,6),(21,343,9),(21,345,4),(21,397,7),(21,399,9),(21,451,1),(21,453,1),(21,505,3),(21,507,10),(21,559,3),(21,561,10),(21,613,7),(21,615,3),(21,667,6),(21,669,3),(21,721,8),(21,723,10),(21,775,7),(21,777,3),(21,829,9),(21,831,5),(21,883,4),(21,885,3),(21,937,6),(21,939,4),(21,991,5),(21,993,10),(21,1045,8),(21,1047,10),(21,1099,4),(21,1101,9),(21,1153,8),(21,1155,8),(21,1207,7),(21,1209,7),(21,1261,2),(21,1263,8),(21,1315,10),(21,1317,7),(21,1369,1),(21,1371,9),(21,1423,9),(21,1425,8),(21,1477,8),(21,1479,6),(21,1531,6),(21,1533,9),(21,1585,4),(21,1587,5),(21,1639,10),(21,1641,3),(21,1693,6),(21,1695,4),(21,1747,3),(21,1749,1),(21,1801,7),(21,1803,6),(21,1855,3),(21,1857,4),(21,1909,3),(21,1911,8),(21,1963,7),(21,1965,1),(22,20,8),(22,22,2),(22,74,3),(22,76,2),(22,128,6),(22,130,7),(22,182,3),(22,184,1),(22,236,2),(22,238,1),(22,290,6),(22,292,2),(22,344,1),(22,346,6),(22,398,2),(22,400,4),(22,452,5),(22,454,6),(22,506,10),(22,508,9),(22,560,5),(22,562,2),(22,614,7),(22,616,3),(22,668,3),(22,670,5),(22,722,6),(22,724,8),(22,776,4),(22,778,7),(22,830,5),(22,832,3),(22,884,7),(22,886,10),(22,938,2),(22,940,8),(22,992,2),(22,994,2),(22,1046,10),(22,1048,3),(22,1100,10),(22,1102,2),(22,1154,7),(22,1156,5),(22,1208,10),(22,1210,10),(22,1262,6),(22,1264,2),(22,1316,6),(22,1318,1),(22,1370,2),(22,1372,1),(22,1424,6),(22,1426,8),(22,1478,5),(22,1480,7),(22,1532,5),(22,1534,5),(22,1586,2),(22,1588,10),(22,1640,2),(22,1642,6),(22,1694,9),(22,1696,9),(22,1748,7),(22,1750,3),(22,1802,6),(22,1804,7),(22,1856,3),(22,1858,9),(22,1910,9),(22,1912,4),(22,1964,8),(22,1966,8),(23,21,8),(23,23,5),(23,75,1),(23,77,10),(23,129,4),(23,131,7),(23,183,10),(23,185,10),(23,237,4),(23,239,7),(23,291,9),(23,293,1),(23,345,2),(23,347,5),(23,399,1),(23,401,6),(23,453,4),(23,455,4),(23,507,3),(23,509,3),(23,561,9),(23,563,2),(23,615,4),(23,617,7),(23,669,4),(23,671,5),(23,723,8),(23,725,7),(23,777,10),(23,779,3),(23,831,9),(23,833,5),(23,885,6),(23,887,6),(23,939,7),(23,941,7),(23,993,6),(23,995,7),(23,1047,8),(23,1049,1),(23,1101,4),(23,1103,8),(23,1155,7),(23,1157,1),(23,1209,10),(23,1211,9),(23,1263,1),(23,1265,6),(23,1317,1),(23,1319,5),(23,1371,9),(23,1373,8),(23,1425,8),(23,1427,1),(23,1479,2),(23,1481,2),(23,1533,6),(23,1535,4),(23,1587,1),(23,1589,4),(23,1641,2),(23,1643,6),(23,1695,2),(23,1697,7),(23,1749,6),(23,1751,1),(23,1803,7),(23,1805,6),(23,1857,2),(23,1859,10),(23,1911,10),(23,1913,2),(23,1965,3),(23,1967,10),(24,22,5),(24,24,3),(24,76,2),(24,78,3),(24,130,10),(24,132,9),(24,184,1),(24,186,5),(24,238,6),(24,240,7),(24,292,3),(24,294,3),(24,346,1),(24,348,5),(24,400,1),(24,402,4),(24,454,5),(24,456,4),(24,508,8),(24,510,4),(24,562,6),(24,564,7),(24,616,7),(24,618,6),(24,670,1),(24,672,5),(24,724,4),(24,726,4),(24,778,9),(24,780,8),(24,832,4),(24,834,4),(24,886,7),(24,888,3),(24,940,9),(24,942,6),(24,994,7),(24,996,8),(24,1048,7),(24,1050,1),(24,1102,10),(24,1104,2),(24,1156,9),(24,1158,9),(24,1210,6),(24,1212,4),(24,1264,6),(24,1266,6),(24,1318,2),(24,1320,9),(24,1372,10),(24,1374,7),(24,1426,3),(24,1428,5),(24,1480,5),(24,1482,3),(24,1534,6),(24,1536,4),(24,1588,8),(24,1590,3),(24,1642,6),(24,1644,9),(24,1696,3),(24,1698,6),(24,1750,10),(24,1752,3),(24,1804,8),(24,1806,3),(24,1858,9),(24,1860,6),(24,1912,4),(24,1914,6),(24,1966,7),(24,1968,4),(25,23,3),(25,25,4),(25,77,10),(25,79,1),(25,131,1),(25,133,1),(25,185,7),(25,187,1),(25,239,4),(25,241,6),(25,293,2),(25,295,8),(25,347,3),(25,349,1),(25,401,10),(25,403,9),(25,455,2),(25,457,1),(25,509,6),(25,511,3),(25,563,3),(25,565,3),(25,617,7),(25,619,7),(25,671,9),(25,673,9),(25,725,2),(25,727,6),(25,779,9),(25,781,3),(25,833,4),(25,835,8),(25,887,6),(25,889,6),(25,941,8),(25,943,10),(25,995,4),(25,997,1),(25,1049,8),(25,1051,7),(25,1103,4),(25,1105,8),(25,1157,10),(25,1159,10),(25,1211,2),(25,1213,3),(25,1265,1),(25,1267,7),(25,1319,10),(25,1321,8),(25,1373,8),(25,1375,8),(25,1427,9),(25,1429,2),(25,1481,6),(25,1483,8),(25,1535,3),(25,1537,7),(25,1589,7),(25,1591,4),(25,1643,7),(25,1645,6),(25,1697,4),(25,1699,9),(25,1751,8),(25,1753,6),(25,1805,1),(25,1807,9),(25,1859,7),(25,1861,2),(25,1913,2),(25,1915,5),(25,1967,8),(25,1969,2),(26,24,5),(26,26,3),(26,78,4),(26,80,1),(26,132,3),(26,134,10),(26,186,9),(26,188,9),(26,240,9),(26,242,8),(26,294,4),(26,296,10),(26,348,3),(26,350,4),(26,402,4),(26,404,3),(26,456,3),(26,458,3),(26,510,5),(26,512,4),(26,564,2),(26,566,3),(26,618,3),(26,620,10),(26,672,2),(26,674,1),(26,726,8),(26,728,8),(26,780,8),(26,782,1),(26,834,9),(26,836,5),(26,888,3),(26,890,7),(26,942,9),(26,944,5),(26,996,8),(26,998,6),(26,1050,6),(26,1052,1),(26,1104,6),(26,1106,1),(26,1158,6),(26,1160,2),(26,1212,8),(26,1214,8),(26,1266,6),(26,1268,3),(26,1320,7),(26,1322,1),(26,1374,10),(26,1376,8),(26,1428,8),(26,1430,6),(26,1482,4),(26,1484,7),(26,1536,5),(26,1538,2),(26,1590,1),(26,1592,3),(26,1644,5),(26,1646,5),(26,1698,7),(26,1700,6),(26,1752,3),(26,1754,9),(26,1806,10),(26,1808,10),(26,1860,4),(26,1862,3),(26,1914,1),(26,1916,7),(26,1968,9),(26,1970,4),(27,25,2),(27,27,3),(27,79,4),(27,81,9),(27,133,9),(27,135,4),(27,187,2),(27,189,3),(27,241,1),(27,243,9),(27,295,2),(27,297,5),(27,349,9),(27,351,9),(27,403,6),(27,405,6),(27,457,8),(27,459,9),(27,511,3),(27,513,1),(27,565,7),(27,567,1),(27,619,10),(27,621,7),(27,673,10),(27,675,4),(27,727,10),(27,729,6),(27,781,10),(27,783,3),(27,835,9),(27,837,8),(27,889,10),(27,891,7),(27,943,1),(27,945,2),(27,997,10),(27,999,7),(27,1051,2),(27,1053,5),(27,1105,1),(27,1107,6),(27,1159,5),(27,1161,10),(27,1213,2),(27,1215,2),(27,1267,9),(27,1269,10),(27,1321,4),(27,1323,9),(27,1375,5),(27,1377,9),(27,1429,6),(27,1431,8),(27,1483,8),(27,1485,3),(27,1537,2),(27,1539,4),(27,1591,3),(27,1593,3),(27,1645,7),(27,1647,3),(27,1699,5),(27,1701,10),(27,1753,2),(27,1755,5),(27,1807,6),(27,1809,1),(27,1861,4),(27,1863,1),(27,1915,7),(27,1917,6),(27,1969,5),(27,1971,4),(28,26,9),(28,28,5),(28,80,2),(28,82,6),(28,134,4),(28,136,7),(28,188,10),(28,190,5),(28,242,6),(28,244,1),(28,296,6),(28,298,9),(28,350,3),(28,352,6),(28,404,7),(28,406,3),(28,458,10),(28,460,7),(28,512,3),(28,514,8),(28,566,4),(28,568,9),(28,620,9),(28,622,4),(28,674,2),(28,676,2),(28,728,8),(28,730,3),(28,782,1),(28,784,5),(28,836,8),(28,838,6),(28,890,9),(28,892,4),(28,944,5),(28,946,7),(28,998,3),(28,1000,2),(28,1052,10),(28,1054,1),(28,1106,4),(28,1108,9),(28,1160,9),(28,1162,10),(28,1214,6),(28,1216,4),(28,1268,7),(28,1270,6),(28,1322,10),(28,1324,10),(28,1376,8),(28,1378,5),(28,1430,10),(28,1432,8),(28,1484,3),(28,1486,4),(28,1538,1),(28,1540,3),(28,1592,3),(28,1594,5),(28,1646,7),(28,1648,10),(28,1700,9),(28,1702,10),(28,1754,2),(28,1756,10),(28,1808,6),(28,1810,3),(28,1862,10),(28,1864,5),(28,1916,4),(28,1918,2),(28,1970,5),(28,1972,7),(29,27,6),(29,29,3),(29,81,6),(29,83,9),(29,135,5),(29,137,5),(29,189,9),(29,191,7),(29,243,10),(29,245,3),(29,297,8),(29,299,10),(29,351,9),(29,353,9),(29,405,7),(29,407,10),(29,459,9),(29,461,2),(29,513,2),(29,515,5),(29,567,9),(29,569,3),(29,621,1),(29,623,3),(29,675,7),(29,677,4),(29,729,4),(29,731,10),(29,783,7),(29,785,10),(29,837,10),(29,839,6),(29,891,6),(29,893,6),(29,945,10),(29,947,7),(29,999,8),(29,1001,3),(29,1053,10),(29,1055,5),(29,1107,4),(29,1109,10),(29,1161,3),(29,1163,9),(29,1215,9),(29,1217,3),(29,1269,1),(29,1271,5),(29,1323,4),(29,1325,7),(29,1377,6),(29,1379,6),(29,1431,5),(29,1433,7),(29,1485,1),(29,1487,6),(29,1539,10),(29,1541,6),(29,1593,8),(29,1595,7),(29,1647,3),(29,1649,2),(29,1701,10),(29,1703,10),(29,1755,7),(29,1757,3),(29,1809,7),(29,1811,3),(29,1863,7),(29,1865,4),(29,1917,9),(29,1919,3),(29,1971,8),(29,1973,1),(30,28,1),(30,30,6),(30,82,4),(30,84,5),(30,136,8),(30,138,5),(30,190,7),(30,192,10),(30,244,2),(30,246,1),(30,298,6),(30,300,8),(30,352,4),(30,354,3),(30,406,10),(30,408,9),(30,460,4),(30,462,7),(30,514,5),(30,516,10),(30,568,4),(30,570,9),(30,622,10),(30,624,2),(30,676,3),(30,678,4),(30,730,8),(30,732,5),(30,784,9),(30,786,3),(30,838,3),(30,840,2),(30,892,1),(30,894,8),(30,946,9),(30,948,1),(30,1000,3),(30,1002,10),(30,1054,2),(30,1056,4),(30,1108,8),(30,1110,10),(30,1162,5),(30,1164,4),(30,1216,1),(30,1218,10),(30,1270,8),(30,1272,7),(30,1324,4),(30,1326,9),(30,1378,4),(30,1380,5),(30,1432,1),(30,1434,9),(30,1486,6),(30,1488,8),(30,1540,8),(30,1542,6),(30,1594,6),(30,1596,9),(30,1648,1),(30,1650,4),(30,1702,4),(30,1704,9),(30,1756,4),(30,1758,6),(30,1810,10),(30,1812,3),(30,1864,5),(30,1866,2),(30,1918,2),(30,1920,3),(30,1972,1),(30,1974,4),(31,29,1),(31,31,10),(31,83,2),(31,85,9),(31,137,6),(31,139,9),(31,191,6),(31,193,7),(31,245,10),(31,247,1),(31,299,7),(31,301,1),(31,353,4),(31,355,7),(31,407,7),(31,409,5),(31,461,5),(31,463,9),(31,515,9),(31,517,7),(31,569,1),(31,571,6),(31,623,7),(31,625,6),(31,677,10),(31,679,2),(31,731,8),(31,733,9),(31,785,3),(31,787,5),(31,839,1),(31,841,7),(31,893,2),(31,895,7),(31,947,4),(31,949,4),(31,1001,8),(31,1003,4),(31,1055,7),(31,1057,2),(31,1109,6),(31,1111,7),(31,1163,1),(31,1165,8),(31,1217,9),(31,1219,2),(31,1271,10),(31,1273,6),(31,1325,2),(31,1327,1),(31,1379,8),(31,1381,2),(31,1433,4),(31,1435,8),(31,1487,8),(31,1489,6),(31,1541,2),(31,1543,4),(31,1595,3),(31,1597,6),(31,1649,6),(31,1651,10),(31,1703,10),(31,1705,7),(31,1757,10),(31,1759,7),(31,1811,6),(31,1813,7),(31,1865,5),(31,1867,2),(31,1919,6),(31,1921,10),(31,1973,5),(31,1975,10),(32,30,2),(32,32,6),(32,84,4),(32,86,1),(32,138,7),(32,140,8),(32,192,1),(32,194,2),(32,246,10),(32,248,8),(32,300,1),(32,302,3),(32,354,8),(32,356,1),(32,408,4),(32,410,10),(32,462,10),(32,464,9),(32,516,10),(32,518,10),(32,570,8),(32,572,7),(32,624,2),(32,626,1),(32,678,5),(32,680,9),(32,732,3),(32,734,6),(32,786,7),(32,788,6),(32,840,9),(32,842,4),(32,894,3),(32,896,5),(32,948,4),(32,950,7),(32,1002,4),(32,1004,4),(32,1056,10),(32,1058,2),(32,1110,1),(32,1112,4),(32,1164,10),(32,1166,10),(32,1218,1),(32,1220,2),(32,1272,9),(32,1274,9),(32,1326,1),(32,1328,9),(32,1380,5),(32,1382,7),(32,1434,2),(32,1436,3),(32,1488,7),(32,1490,1),(32,1542,6),(32,1544,9),(32,1596,9),(32,1598,6),(32,1650,8),(32,1652,8),(32,1704,3),(32,1706,2),(32,1758,5),(32,1760,5),(32,1812,9),(32,1814,5),(32,1866,6),(32,1868,5),(32,1920,5),(32,1922,4),(32,1974,4),(32,1976,1),(33,31,9),(33,33,1),(33,85,4),(33,87,10),(33,139,2),(33,141,6),(33,193,10),(33,195,9),(33,247,9),(33,249,5),(33,301,10),(33,303,3),(33,355,6),(33,357,7),(33,409,4),(33,411,9),(33,463,2),(33,465,2),(33,517,9),(33,519,6),(33,571,6),(33,573,9),(33,625,8),(33,627,6),(33,679,8),(33,681,9),(33,733,4),(33,735,10),(33,787,1),(33,789,7),(33,841,9),(33,843,6),(33,895,7),(33,897,2),(33,949,5),(33,951,3),(33,1003,2),(33,1005,8),(33,1057,2),(33,1059,6),(33,1111,10),(33,1113,5),(33,1165,6),(33,1167,5),(33,1219,8),(33,1221,8),(33,1273,6),(33,1275,2),(33,1327,6),(33,1329,9),(33,1381,1),(33,1383,9),(33,1435,6),(33,1437,1),(33,1489,8),(33,1491,10),(33,1543,3),(33,1545,5),(33,1597,5),(33,1599,1),(33,1651,1),(33,1653,7),(33,1705,10),(33,1707,6),(33,1759,9),(33,1761,3),(33,1813,6),(33,1815,10),(33,1867,10),(33,1869,7),(33,1921,5),(33,1923,9),(33,1975,1),(33,1977,3),(34,32,1),(34,34,2),(34,86,8),(34,88,9),(34,140,6),(34,142,7),(34,194,7),(34,196,1),(34,248,7),(34,250,6),(34,302,9),(34,304,2),(34,356,4),(34,358,5),(34,410,8),(34,412,10),(34,464,7),(34,466,10),(34,518,4),(34,520,8),(34,572,4),(34,574,8),(34,626,8),(34,628,6),(34,680,2),(34,682,2),(34,734,2),(34,736,7),(34,788,3),(34,790,3),(34,842,8),(34,844,1),(34,896,4),(34,898,9),(34,950,10),(34,952,9),(34,1004,1),(34,1006,8),(34,1058,2),(34,1060,2),(34,1112,7),(34,1114,4),(34,1166,7),(34,1168,6),(34,1220,3),(34,1222,8),(34,1274,10),(34,1276,3),(34,1328,4),(34,1330,2),(34,1382,8),(34,1384,8),(34,1436,10),(34,1438,9),(34,1490,2),(34,1492,1),(34,1544,4),(34,1546,7),(34,1598,5),(34,1600,6),(34,1652,8),(34,1654,2),(34,1706,5),(34,1708,3),(34,1760,10),(34,1762,3),(34,1814,2),(34,1816,1),(34,1868,6),(34,1870,6),(34,1922,3),(34,1924,10),(34,1976,7),(34,1978,10),(35,33,8),(35,35,4),(35,87,1),(35,89,4),(35,141,7),(35,143,6),(35,195,2),(35,197,2),(35,249,4),(35,251,3),(35,303,2),(35,305,6),(35,357,4),(35,359,6),(35,411,2),(35,413,7),(35,465,4),(35,467,10),(35,519,1),(35,521,10),(35,573,5),(35,575,8),(35,627,7),(35,629,2),(35,681,10),(35,683,6),(35,735,1),(35,737,3),(35,789,7),(35,791,3),(35,843,4),(35,845,5),(35,897,5),(35,899,5),(35,951,7),(35,953,1),(35,1005,5),(35,1007,3),(35,1059,8),(35,1061,9),(35,1113,4),(35,1115,9),(35,1167,5),(35,1169,2),(35,1221,8),(35,1223,1),(35,1275,8),(35,1277,5),(35,1329,8),(35,1331,8),(35,1383,9),(35,1385,7),(35,1437,10),(35,1439,10),(35,1491,7),(35,1493,10),(35,1545,3),(35,1547,6),(35,1599,3),(35,1601,8),(35,1653,9),(35,1655,2),(35,1707,6),(35,1709,5),(35,1761,10),(35,1763,9),(35,1815,1),(35,1817,3),(35,1869,8),(35,1871,7),(35,1923,7),(35,1925,3),(35,1977,1),(35,1979,3),(36,34,6),(36,36,8),(36,88,5),(36,90,7),(36,142,5),(36,144,9),(36,196,7),(36,198,10),(36,250,2),(36,252,10),(36,304,10),(36,306,7),(36,358,3),(36,360,1),(36,412,5),(36,414,1),(36,466,2),(36,468,10),(36,520,4),(36,522,3),(36,574,1),(36,576,9),(36,628,8),(36,630,9),(36,682,7),(36,684,4),(36,736,6),(36,738,2),(36,790,7),(36,792,6),(36,844,2),(36,846,9),(36,898,6),(36,900,7),(36,952,7),(36,954,6),(36,1006,9),(36,1008,3),(36,1060,10),(36,1062,2),(36,1114,6),(36,1116,7),(36,1168,7),(36,1170,8),(36,1222,9),(36,1224,4),(36,1276,4),(36,1278,10),(36,1330,7),(36,1332,6),(36,1384,7),(36,1386,1),(36,1438,3),(36,1440,2),(36,1492,2),(36,1494,8),(36,1546,7),(36,1548,7),(36,1600,1),(36,1602,8),(36,1654,9),(36,1656,4),(36,1708,1),(36,1710,3),(36,1762,8),(36,1764,7),(36,1816,8),(36,1818,9),(36,1870,1),(36,1872,1),(36,1924,9),(36,1926,1),(36,1978,4),(36,1980,5),(37,35,4),(37,37,3),(37,89,6),(37,91,6),(37,143,4),(37,145,10),(37,197,9),(37,199,6),(37,251,10),(37,253,1),(37,305,6),(37,307,10),(37,359,10),(37,361,4),(37,413,8),(37,415,9),(37,467,9),(37,469,9),(37,521,10),(37,523,6),(37,575,5),(37,577,4),(37,629,9),(37,631,9),(37,683,9),(37,685,9),(37,737,10),(37,739,6),(37,791,7),(37,793,6),(37,845,6),(37,847,9),(37,899,1),(37,901,3),(37,953,4),(37,955,2),(37,1007,9),(37,1009,4),(37,1061,1),(37,1063,6),(37,1115,10),(37,1117,4),(37,1169,9),(37,1171,4),(37,1223,9),(37,1225,8),(37,1277,7),(37,1279,5),(37,1331,5),(37,1333,9),(37,1385,9),(37,1387,2),(37,1439,5),(37,1441,9),(37,1493,7),(37,1495,9),(37,1547,3),(37,1549,10),(37,1601,2),(37,1603,1),(37,1655,10),(37,1657,9),(37,1709,3),(37,1711,4),(37,1763,3),(37,1765,9),(37,1817,9),(37,1819,2),(37,1871,6),(37,1873,2),(37,1925,5),(37,1927,6),(37,1979,10),(37,1981,7),(38,36,1),(38,38,10),(38,90,5),(38,92,10),(38,144,4),(38,146,5),(38,198,8),(38,200,1),(38,252,8),(38,254,5),(38,306,7),(38,308,7),(38,360,4),(38,362,4),(38,414,5),(38,416,3),(38,468,10),(38,470,8),(38,522,8),(38,524,10),(38,576,2),(38,578,3),(38,630,5),(38,632,5),(38,684,1),(38,686,3),(38,738,10),(38,740,6),(38,792,4),(38,794,3),(38,846,2),(38,848,8),(38,900,6),(38,902,6),(38,954,6),(38,956,1),(38,1008,9),(38,1010,6),(38,1062,7),(38,1064,9),(38,1116,2),(38,1118,10),(38,1170,2),(38,1172,3),(38,1224,1),(38,1226,4),(38,1278,3),(38,1280,10),(38,1332,7),(38,1334,3),(38,1386,9),(38,1388,9),(38,1440,2),(38,1442,8),(38,1494,10),(38,1496,1),(38,1548,7),(38,1550,7),(38,1602,4),(38,1604,9),(38,1656,10),(38,1658,3),(38,1710,5),(38,1712,2),(38,1764,9),(38,1766,9),(38,1818,1),(38,1820,6),(38,1872,3),(38,1874,8),(38,1926,9),(38,1928,3),(38,1980,9),(38,1982,4),(39,37,1),(39,39,2),(39,91,9),(39,93,10),(39,145,5),(39,147,3),(39,199,2),(39,201,3),(39,253,2),(39,255,10),(39,307,4),(39,309,3),(39,361,6),(39,363,8),(39,415,6),(39,417,9),(39,469,6),(39,471,10),(39,523,5),(39,525,1),(39,577,2),(39,579,7),(39,631,9),(39,633,3),(39,685,6),(39,687,2),(39,739,3),(39,741,2),(39,793,5),(39,795,2),(39,847,2),(39,849,10),(39,901,10),(39,903,10),(39,955,9),(39,957,1),(39,1009,8),(39,1011,9),(39,1063,10),(39,1065,6),(39,1117,3),(39,1119,10),(39,1171,9),(39,1173,7),(39,1225,9),(39,1227,1),(39,1279,8),(39,1281,6),(39,1333,5),(39,1335,3),(39,1387,1),(39,1389,3),(39,1441,4),(39,1443,10),(39,1495,9),(39,1497,2),(39,1549,3),(39,1551,8),(39,1603,2),(39,1605,3),(39,1657,2),(39,1659,2),(39,1711,3),(39,1713,5),(39,1765,4),(39,1767,1),(39,1819,4),(39,1821,5),(39,1873,1),(39,1875,2),(39,1927,7),(39,1929,1),(39,1981,10),(39,1983,4),(40,38,10),(40,40,10),(40,92,10),(40,94,8),(40,146,3),(40,148,6),(40,200,9),(40,202,6),(40,254,10),(40,256,9),(40,308,4),(40,310,5),(40,362,8),(40,364,10),(40,416,2),(40,418,7),(40,470,2),(40,472,2),(40,524,9),(40,526,5),(40,578,8),(40,580,9),(40,632,7),(40,634,10),(40,686,5),(40,688,4),(40,740,3),(40,742,7),(40,794,8),(40,796,10),(40,848,4),(40,850,7),(40,902,8),(40,904,9),(40,956,5),(40,958,6),(40,1010,4),(40,1012,9),(40,1064,2),(40,1066,4),(40,1118,1),(40,1120,6),(40,1172,5),(40,1174,4),(40,1226,1),(40,1228,1),(40,1280,6),(40,1282,4),(40,1334,8),(40,1336,9),(40,1388,9),(40,1390,9),(40,1442,6),(40,1444,7),(40,1496,3),(40,1498,6),(40,1550,3),(40,1552,9),(40,1604,10),(40,1606,5),(40,1658,5),(40,1660,9),(40,1712,4),(40,1714,1),(40,1766,2),(40,1768,8),(40,1820,5),(40,1822,5),(40,1874,3),(40,1876,9),(40,1928,7),(40,1930,8),(40,1982,2),(40,1984,10),(41,39,6),(41,41,7),(41,93,4),(41,95,10),(41,147,4),(41,149,10),(41,201,3),(41,203,9),(41,255,5),(41,257,5),(41,309,4),(41,311,2),(41,363,4),(41,365,10),(41,417,2),(41,419,2),(41,471,6),(41,473,2),(41,525,3),(41,527,10),(41,579,10),(41,581,9),(41,633,4),(41,635,10),(41,687,2),(41,689,10),(41,741,4),(41,743,9),(41,795,1),(41,797,7),(41,849,5),(41,851,9),(41,903,1),(41,905,7),(41,957,3),(41,959,2),(41,1011,8),(41,1013,8),(41,1065,3),(41,1067,5),(41,1119,3),(41,1121,2),(41,1173,7),(41,1175,7),(41,1227,4),(41,1229,3),(41,1281,9),(41,1283,2),(41,1335,1),(41,1337,6),(41,1389,1),(41,1391,10),(41,1443,1),(41,1445,10),(41,1497,7),(41,1499,10),(41,1551,1),(41,1553,6),(41,1605,9),(41,1607,8),(41,1659,1),(41,1661,3),(41,1713,10),(41,1715,3),(41,1767,9),(41,1769,5),(41,1821,8),(41,1823,4),(41,1875,7),(41,1877,8),(41,1929,5),(41,1931,3),(41,1983,9),(41,1985,2),(42,40,6),(42,42,10),(42,94,10),(42,96,1),(42,148,7),(42,150,2),(42,202,5),(42,204,1),(42,256,5),(42,258,2),(42,310,3),(42,312,4),(42,364,9),(42,366,9),(42,418,1),(42,420,7),(42,472,8),(42,474,8),(42,526,7),(42,528,9),(42,580,6),(42,582,1),(42,634,2),(42,636,2),(42,688,4),(42,690,10),(42,742,6),(42,744,9),(42,796,8),(42,798,7),(42,850,6),(42,852,6),(42,904,7),(42,906,8),(42,958,5),(42,960,3),(42,1012,8),(42,1014,9),(42,1066,5),(42,1068,1),(42,1120,3),(42,1122,6),(42,1174,3),(42,1176,1),(42,1228,3),(42,1230,2),(42,1282,6),(42,1284,9),(42,1336,4),(42,1338,7),(42,1390,2),(42,1392,7),(42,1444,4),(42,1446,8),(42,1498,1),(42,1500,10),(42,1552,10),(42,1554,8),(42,1606,4),(42,1608,3),(42,1660,3),(42,1662,8),(42,1714,7),(42,1716,1),(42,1768,3),(42,1770,7),(42,1822,9),(42,1824,10),(42,1876,1),(42,1878,10),(42,1930,3),(42,1932,9),(42,1984,5),(42,1986,4),(43,41,1),(43,43,3),(43,95,2),(43,97,9),(43,149,2),(43,151,10),(43,203,3),(43,205,1),(43,257,6),(43,259,5),(43,311,5),(43,313,7),(43,365,2),(43,367,3),(43,419,8),(43,421,4),(43,473,7),(43,475,6),(43,527,10),(43,529,2),(43,581,9),(43,583,1),(43,635,9),(43,637,4),(43,689,1),(43,691,10),(43,743,8),(43,745,1),(43,797,8),(43,799,3),(43,851,6),(43,853,5),(43,905,1),(43,907,9),(43,959,3),(43,961,7),(43,1013,9),(43,1015,6),(43,1067,3),(43,1069,2),(43,1121,7),(43,1123,7),(43,1175,2),(43,1177,10),(43,1229,8),(43,1231,5),(43,1283,6),(43,1285,5),(43,1337,4),(43,1339,2),(43,1391,3),(43,1393,9),(43,1445,9),(43,1447,8),(43,1499,5),(43,1501,1),(43,1553,9),(43,1555,8),(43,1607,8),(43,1609,9),(43,1661,6),(43,1663,9),(43,1715,10),(43,1717,4),(43,1769,7),(43,1771,4),(43,1823,1),(43,1825,7),(43,1877,9),(43,1879,2),(43,1931,1),(43,1933,5),(43,1985,4),(43,1987,8),(44,42,5),(44,44,10),(44,96,4),(44,98,8),(44,150,4),(44,152,3),(44,204,1),(44,206,8),(44,258,4),(44,260,7),(44,312,10),(44,314,7),(44,366,1),(44,368,9),(44,420,5),(44,422,3),(44,474,5),(44,476,3),(44,528,4),(44,530,4),(44,582,1),(44,584,7),(44,636,2),(44,638,8),(44,690,5),(44,692,4),(44,744,8),(44,746,1),(44,798,7),(44,800,4),(44,852,2),(44,854,7),(44,906,7),(44,908,7),(44,960,10),(44,962,1),(44,1014,9),(44,1016,7),(44,1068,10),(44,1070,1),(44,1122,3),(44,1124,8),(44,1176,6),(44,1178,5),(44,1230,7),(44,1232,9),(44,1284,3),(44,1286,5),(44,1338,3),(44,1340,2),(44,1392,8),(44,1394,4),(44,1446,6),(44,1448,10),(44,1500,5),(44,1502,4),(44,1554,2),(44,1556,9),(44,1608,4),(44,1610,5),(44,1662,9),(44,1664,3),(44,1716,8),(44,1718,10),(44,1770,7),(44,1772,8),(44,1824,3),(44,1826,1),(44,1878,4),(44,1880,4),(44,1932,3),(44,1934,10),(44,1986,10),(44,1988,5),(45,43,5),(45,45,10),(45,97,6),(45,99,6),(45,151,10),(45,153,8),(45,205,3),(45,207,10),(45,259,4),(45,261,9),(45,313,8),(45,315,9),(45,367,1),(45,369,7),(45,421,4),(45,423,10),(45,475,10),(45,477,6),(45,529,1),(45,531,10),(45,583,2),(45,585,5),(45,637,8),(45,639,3),(45,691,2),(45,693,6),(45,745,2),(45,747,2),(45,799,4),(45,801,7),(45,853,2),(45,855,2),(45,907,4),(45,909,4),(45,961,10),(45,963,3),(45,1015,10),(45,1017,9),(45,1069,10),(45,1071,5),(45,1123,3),(45,1125,7),(45,1177,4),(45,1179,4),(45,1231,9),(45,1233,9),(45,1285,2),(45,1287,5),(45,1339,3),(45,1341,6),(45,1393,3),(45,1395,10),(45,1447,6),(45,1449,6),(45,1501,7),(45,1503,4),(45,1555,9),(45,1557,5),(45,1609,3),(45,1611,1),(45,1663,2),(45,1665,9),(45,1717,6),(45,1719,5),(45,1771,4),(45,1773,8),(45,1825,9),(45,1827,5),(45,1879,9),(45,1881,1),(45,1933,7),(45,1935,8),(45,1987,2),(45,1989,2),(46,44,3),(46,46,7),(46,98,10),(46,100,6),(46,152,8),(46,154,7),(46,206,6),(46,208,2),(46,260,9),(46,262,4),(46,314,9),(46,316,5),(46,368,10),(46,370,8),(46,422,10),(46,424,6),(46,476,8),(46,478,9),(46,530,5),(46,532,3),(46,584,1),(46,586,8),(46,638,4),(46,640,2),(46,692,3),(46,694,8),(46,746,6),(46,748,9),(46,800,4),(46,802,8),(46,854,2),(46,856,5),(46,908,5),(46,910,6),(46,962,3),(46,964,4),(46,1016,9),(46,1018,10),(46,1070,5),(46,1072,9),(46,1124,7),(46,1126,7),(46,1178,6),(46,1180,2),(46,1232,4),(46,1234,10),(46,1286,10),(46,1288,5),(46,1340,8),(46,1342,10),(46,1394,1),(46,1396,4),(46,1448,7),(46,1450,8),(46,1502,3),(46,1504,3),(46,1556,1),(46,1558,4),(46,1610,9),(46,1612,3),(46,1664,3),(46,1666,3),(46,1718,5),(46,1720,2),(46,1772,7),(46,1774,7),(46,1826,9),(46,1828,9),(46,1880,1),(46,1882,1),(46,1934,1),(46,1936,7),(46,1988,8),(46,1990,5),(47,45,6),(47,47,8),(47,99,2),(47,101,4),(47,153,1),(47,155,8),(47,207,2),(47,209,5),(47,261,1),(47,263,2),(47,315,5),(47,317,2),(47,369,7),(47,371,7),(47,423,5),(47,425,10),(47,477,2),(47,479,8),(47,531,9),(47,533,8),(47,585,4),(47,587,3),(47,639,1),(47,641,8),(47,693,9),(47,695,6),(47,747,10),(47,749,8),(47,801,9),(47,803,2),(47,855,7),(47,857,3),(47,909,7),(47,911,3),(47,963,2),(47,965,4),(47,1017,3),(47,1019,10),(47,1071,10),(47,1073,5),(47,1125,6),(47,1127,4),(47,1179,7),(47,1181,4),(47,1233,3),(47,1235,2),(47,1287,10),(47,1289,10),(47,1341,6),(47,1343,1),(47,1395,8),(47,1397,6),(47,1449,4),(47,1451,4),(47,1503,3),(47,1505,2),(47,1557,4),(47,1559,5),(47,1611,7),(47,1613,6),(47,1665,7),(47,1667,10),(47,1719,3),(47,1721,4),(47,1773,1),(47,1775,8),(47,1827,1),(47,1829,5),(47,1881,5),(47,1883,6),(47,1935,6),(47,1937,5),(47,1989,1),(47,1991,10),(48,46,4),(48,48,8),(48,100,1),(48,102,1),(48,154,1),(48,156,6),(48,208,8),(48,210,4),(48,262,10),(48,264,8),(48,316,2),(48,318,5),(48,370,2),(48,372,3),(48,424,3),(48,426,7),(48,478,1),(48,480,8),(48,532,3),(48,534,10),(48,586,1),(48,588,8),(48,640,1),(48,642,7),(48,694,4),(48,696,8),(48,748,6),(48,750,1),(48,802,2),(48,804,3),(48,856,3),(48,858,3),(48,910,1),(48,912,5),(48,964,9),(48,966,1),(48,1018,5),(48,1020,9),(48,1072,1),(48,1074,8),(48,1126,4),(48,1128,10),(48,1180,8),(48,1182,8),(48,1234,7),(48,1236,7),(48,1288,5),(48,1290,5),(48,1342,5),(48,1344,9),(48,1396,2),(48,1398,4),(48,1450,5),(48,1452,4),(48,1504,4),(48,1506,9),(48,1558,7),(48,1560,4),(48,1612,8),(48,1614,3),(48,1666,4),(48,1668,5),(48,1720,2),(48,1722,2),(48,1774,4),(48,1776,5),(48,1828,2),(48,1830,8),(48,1882,9),(48,1884,8),(48,1936,2),(48,1938,7),(48,1990,7),(48,1992,2),(49,47,10),(49,49,3),(49,101,1),(49,103,3),(49,155,2),(49,157,5),(49,209,6),(49,211,8),(49,263,2),(49,265,5),(49,317,10),(49,319,7),(49,371,5),(49,373,1),(49,425,8),(49,427,5),(49,479,9),(49,481,1),(49,533,4),(49,535,7),(49,587,4),(49,589,7),(49,641,4),(49,643,1),(49,695,5),(49,697,7),(49,749,3),(49,751,10),(49,803,5),(49,805,8),(49,857,10),(49,859,8),(49,911,4),(49,913,8),(49,965,8),(49,967,2),(49,1019,1),(49,1021,10),(49,1073,6),(49,1075,2),(49,1127,10),(49,1129,3),(49,1181,7),(49,1183,10),(49,1235,8),(49,1237,3),(49,1289,4),(49,1291,2),(49,1343,6),(49,1345,10),(49,1397,8),(49,1399,8),(49,1451,1),(49,1453,6),(49,1505,8),(49,1507,3),(49,1559,8),(49,1561,2),(49,1613,4),(49,1615,6),(49,1667,5),(49,1669,9),(49,1721,4),(49,1723,8),(49,1775,6),(49,1777,10),(49,1829,7),(49,1831,4),(49,1883,3),(49,1885,1),(49,1937,10),(49,1939,8),(49,1991,2),(49,1993,3),(50,48,6),(50,50,2),(50,102,9),(50,104,8),(50,156,10),(50,158,3),(50,210,5),(50,212,3),(50,264,5),(50,266,5),(50,318,10),(50,320,6),(50,372,7),(50,374,7),(50,426,4),(50,428,7),(50,480,7),(50,482,2),(50,534,2),(50,536,9),(50,588,3),(50,590,3),(50,642,5),(50,644,9),(50,696,5),(50,698,4),(50,750,6),(50,752,8),(50,804,3),(50,806,6),(50,858,7),(50,860,10),(50,912,3),(50,914,8),(50,966,8),(50,968,8),(50,1020,1),(50,1022,4),(50,1074,7),(50,1076,9),(50,1128,2),(50,1130,1),(50,1182,10),(50,1184,10),(50,1236,8),(50,1238,7),(50,1290,10),(50,1292,4),(50,1344,3),(50,1346,9),(50,1398,10),(50,1400,9),(50,1452,3),(50,1454,7),(50,1506,8),(50,1508,2),(50,1560,6),(50,1562,2),(50,1614,4),(50,1616,4),(50,1668,6),(50,1670,4),(50,1722,5),(50,1724,9),(50,1776,9),(50,1778,10),(50,1830,5),(50,1832,10),(50,1884,5),(50,1886,2),(50,1938,8),(50,1940,4),(50,1992,4),(50,1994,9),(51,49,4),(51,51,4),(51,103,5),(51,105,8),(51,157,1),(51,159,8),(51,211,8),(51,213,9),(51,265,4),(51,267,1),(51,319,4),(51,321,10),(51,373,5),(51,375,5),(51,427,6),(51,429,3),(51,481,6),(51,483,7),(51,535,3),(51,537,4),(51,589,4),(51,591,7),(51,643,6),(51,645,4),(51,697,5),(51,699,3),(51,751,2),(51,753,4),(51,805,9),(51,807,3),(51,859,5),(51,861,5),(51,913,2),(51,915,3),(51,967,4),(51,969,8),(51,1021,10),(51,1023,6),(51,1075,10),(51,1077,9),(51,1129,5),(51,1131,9),(51,1183,7),(51,1185,1),(51,1237,8),(51,1239,2),(51,1291,4),(51,1293,10),(51,1345,3),(51,1347,3),(51,1399,4),(51,1401,2),(51,1453,5),(51,1455,6),(51,1507,7),(51,1509,6),(51,1561,1),(51,1563,7),(51,1615,4),(51,1617,2),(51,1669,9),(51,1671,6),(51,1723,2),(51,1725,7),(51,1777,8),(51,1779,10),(51,1831,9),(51,1833,5),(51,1885,4),(51,1887,7),(51,1939,6),(51,1941,1),(51,1993,9),(51,1995,3),(52,50,6),(52,52,1),(52,104,9),(52,106,7),(52,158,1),(52,160,1),(52,212,3),(52,214,3),(52,266,4),(52,268,6),(52,320,7),(52,322,7),(52,374,3),(52,376,8),(52,428,2),(52,430,7),(52,482,1),(52,484,1),(52,536,8),(52,538,2),(52,590,10),(52,592,6),(52,644,1),(52,646,4),(52,698,6),(52,700,6),(52,752,8),(52,754,5),(52,806,3),(52,808,6),(52,860,6),(52,862,8),(52,914,4),(52,916,1),(52,968,3),(52,970,7),(52,1022,10),(52,1024,6),(52,1076,7),(52,1078,4),(52,1130,7),(52,1132,4),(52,1184,1),(52,1186,3),(52,1238,9),(52,1240,3),(52,1292,6),(52,1294,8),(52,1346,6),(52,1348,7),(52,1400,5),(52,1402,1),(52,1454,1),(52,1456,4),(52,1508,9),(52,1510,1),(52,1562,2),(52,1564,2),(52,1616,1),(52,1618,6),(52,1670,5),(52,1672,4),(52,1724,3),(52,1726,6),(52,1778,8),(52,1780,7),(52,1832,10),(52,1834,10),(52,1886,9),(52,1888,7),(52,1940,2),(52,1942,7),(52,1994,6),(52,1996,5),(53,51,2),(53,53,10),(53,105,8),(53,107,2),(53,159,6),(53,161,8),(53,213,6),(53,215,6),(53,267,2),(53,269,7),(53,321,4),(53,323,2),(53,375,7),(53,377,8),(53,429,6),(53,431,6),(53,483,4),(53,485,8),(53,537,9),(53,539,1),(53,591,2),(53,593,5),(53,645,1),(53,647,8),(53,699,3),(53,701,7),(53,753,2),(53,755,6),(53,807,7),(53,809,1),(53,861,7),(53,863,9),(53,915,3),(53,917,3),(53,969,3),(53,971,7),(53,1023,7),(53,1025,9),(53,1077,4),(53,1079,2),(53,1131,7),(53,1133,7),(53,1185,7),(53,1187,2),(53,1239,1),(53,1241,3),(53,1293,2),(53,1295,9),(53,1347,9),(53,1349,9),(53,1401,8),(53,1403,1),(53,1455,3),(53,1457,1),(53,1509,6),(53,1511,10),(53,1563,4),(53,1565,2),(53,1617,1),(53,1619,10),(53,1671,5),(53,1673,6),(53,1725,10),(53,1727,10),(53,1779,5),(53,1781,8),(53,1833,8),(53,1835,6),(53,1887,10),(53,1889,10),(53,1941,5),(53,1943,5),(53,1995,8),(53,1997,2),(54,52,10),(54,54,3),(54,106,5),(54,108,1),(54,160,3),(54,162,6),(54,214,2),(54,216,4),(54,268,4),(54,270,8),(54,322,4),(54,324,2),(54,376,1),(54,378,5),(54,430,7),(54,432,1),(54,484,4),(54,486,8),(54,538,9),(54,540,4),(54,592,10),(54,594,6),(54,646,8),(54,648,4),(54,700,5),(54,702,5),(54,754,4),(54,756,10),(54,808,6),(54,810,4),(54,862,6),(54,864,1),(54,916,9),(54,918,6),(54,970,7),(54,972,5),(54,1024,4),(54,1026,5),(54,1078,4),(54,1080,7),(54,1132,6),(54,1134,8),(54,1186,6),(54,1188,1),(54,1240,7),(54,1242,7),(54,1294,6),(54,1296,10),(54,1348,9),(54,1350,6),(54,1402,5),(54,1404,7),(54,1456,9),(54,1458,9),(54,1510,10),(54,1512,3),(54,1564,2),(54,1566,3),(54,1618,9),(54,1620,10),(54,1672,8),(54,1674,2),(54,1726,4),(54,1728,6),(54,1780,3),(54,1782,5),(54,1834,6),(54,1836,2),(54,1888,8),(54,1890,2),(54,1942,2),(54,1944,5),(54,1996,1),(54,1998,2);
/*!40000 ALTER TABLE `comicventa` ENABLE KEYS */;
UNLOCK TABLES;

--
-- Table structure for table `empleado`
--

DROP TABLE IF EXISTS `empleado`;
/*!40101 SET @saved_cs_client     = @@character_set_client */;
/*!40101 SET character_set_client = utf8 */;
CREATE TABLE `empleado` (
  `idEmpleado` int(11) NOT NULL,
  `usuario` varchar(45) DEFAULT NULL,
  `contrasena` varchar(45) DEFAULT NULL,
  `nombre` varchar(45) DEFAULT NULL,
  `apellidoP` varchar(45) DEFAULT NULL,
  `apellidoM` varchar(45) DEFAULT NULL,
  PRIMARY KEY (`idEmpleado`)
) ENGINE=InnoDB DEFAULT CHARSET=utf8;
/*!40101 SET character_set_client = @saved_cs_client */;

--
-- Dumping data for table `empleado`
--

LOCK TABLES `empleado` WRITE;
/*!40000 ALTER TABLE `empleado` DISABLE KEYS */;
INSERT INTO `empleado` VALUES (1,'maria1','123456','MARIA CRISTINA ','LIMON','LASCURAIN'),(2,'gildarda1','123456','GILDARDA ','BECERRIL','CONTRERAS'),(3,'rebeca1','123456','REBECA ','ACEVES','GARCIA'),(4,'laura1','123456','LAURA ','AGUILAR','FERNANDEZ'),(5,'silvano1','123456','SILVANO FROYLAN ','MORALES','ESTRADA'),(6,'guillermo1','123456','GUILLERMO ','SANTIN','GARCIA'),(7,'eduardo1','123456','EDUARDO ','HERNANDEZ','SANCHEZ'),(8,'porfirio1','123456','PORFIRIO ','HERNANDEZ','GONZALEZ'),(9,'adan1','123456','ADAN ','LOPEZ','VARELA'),(10,'guadalupe1','123456','GUADALUPE GONZALEZ ','FRANCO','BARRADAS'),(11,'jorge1','123456','JORGE ','ROJAS','GUTIERREZ'),(12,'lorenzo1','123456','LORENZO JUAN JOSE ','SERVITJE',''),(13,'maria2','123456','MARIA TERESA ','MARTIN','SANCHEZ'),(14,'jose1','123456','JOSE ','MENDEZ','RODRIGUEZ'),(15,'maria3','123456','MARIA ','ESCOBAR','LOMELI'),(16,'carlota1','123456','CARLOTA ','CREEL','ALGARA'),(17,'luis1','123456','LUIS ','CORTES','ACEVEDO'),(18,'jesus1','123456','JESUS ','GALVAN','MORENO'),(19,'juana1','123456','JUANA ','HERNANDEZ','HERNANDEZ'),(20,'herlinda1','123456','HERLINDA ','CRUZ','CRUZ');
/*!40000 ALTER TABLE `empleado` ENABLE KEYS */;
UNLOCK TABLES;

--
-- Table structure for table `pedido`
--

DROP TABLE IF EXISTS `pedido`;
/*!40101 SET @saved_cs_client     = @@character_set_client */;
/*!40101 SET character_set_client = utf8 */;
CREATE TABLE `pedido` (
  `idPedido` int(11) NOT NULL,
  `cantidad` int(11) DEFAULT NULL,
  `fechaPedido` date DEFAULT NULL,
  `fechaEntrega` date DEFAULT NULL,
  `monto` double DEFAULT NULL,
  `idProveedor` int(11) NOT NULL,
  `idComic` int(11) NOT NULL,
  PRIMARY KEY (`idPedido`),
  KEY `fk_Pedido_Proveedor1_idx` (`idProveedor`),
  KEY `fk_Pedido_Comic1_idx` (`idComic`),
  CONSTRAINT `fk_Pedido_Comic1` FOREIGN KEY (`idComic`) REFERENCES `comic` (`idComic`) ON DELETE NO ACTION ON UPDATE NO ACTION,
  CONSTRAINT `fk_Pedido_Proveedor1` FOREIGN KEY (`idProveedor`) REFERENCES `proveedor` (`idProveedor`) ON DELETE NO ACTION ON UPDATE NO ACTION
) ENGINE=InnoDB DEFAULT CHARSET=utf8;
/*!40101 SET character_set_client = @saved_cs_client */;

--
-- Dumping data for table `pedido`
--

LOCK TABLES `pedido` WRITE;
/*!40000 ALTER TABLE `pedido` DISABLE KEYS */;
/*!40000 ALTER TABLE `pedido` ENABLE KEYS */;
UNLOCK TABLES;

--
-- Table structure for table `proveedor`
--

DROP TABLE IF EXISTS `proveedor`;
/*!40101 SET @saved_cs_client     = @@character_set_client */;
/*!40101 SET character_set_client = utf8 */;
CREATE TABLE `proveedor` (
  `idProveedor` int(11) NOT NULL,
  `telefono` varchar(45) DEFAULT NULL,
  `cp` int(11) DEFAULT NULL,
  `colonia` varchar(45) DEFAULT NULL,
  `municipio` varchar(45) DEFAULT NULL,
  `calle` varchar(45) DEFAULT NULL,
  `noExt` int(11) DEFAULT NULL,
  `noInt` int(11) DEFAULT NULL,
  `estado` varchar(45) DEFAULT NULL,
  PRIMARY KEY (`idProveedor`)
) ENGINE=InnoDB DEFAULT CHARSET=utf8;
/*!40101 SET character_set_client = @saved_cs_client */;

--
-- Dumping data for table `proveedor`
--

LOCK TABLES `proveedor` WRITE;
/*!40000 ALTER TABLE `proveedor` DISABLE KEYS */;
/*!40000 ALTER TABLE `proveedor` ENABLE KEYS */;
UNLOCK TABLES;

--
-- Table structure for table `saga`
--

DROP TABLE IF EXISTS `saga`;
/*!40101 SET @saved_cs_client     = @@character_set_client */;
/*!40101 SET character_set_client = utf8 */;
CREATE TABLE `saga` (
  `idSaga` int(11) NOT NULL,
  `nombre` varchar(45) DEFAULT NULL,
  `editorial` varchar(45) DEFAULT NULL,
  PRIMARY KEY (`idSaga`)
) ENGINE=InnoDB DEFAULT CHARSET=utf8;
/*!40101 SET character_set_client = @saved_cs_client */;

--
-- Dumping data for table `saga`
--

LOCK TABLES `saga` WRITE;
/*!40000 ALTER TABLE `saga` DISABLE KEYS */;
INSERT INTO `saga` VALUES (1,'Los escudos de Marte','DC Comics México'),(2,'Batman','DC Comics México'),(3,'Arrugas','Image Comics México'),(4,'Kill or be Killed','Image Comics México'),(5,'Arleri','Image Comics México'),(6,'Cercanias','Image Comics México'),(7,'A reventar!!','Image Comics México'),(8,'De sangre y ron mi Cuba','Image Comics México'),(9,'Watashitashi no Shiawase na Jikan','Image Comics México'),(10,'Green Arrow','DC Comics México'),(11,'Ruta a Doom','DC Comics México'),(12,'The Flintstones','Image Comics México'),(13,'Action Man','DC Comics México'),(14,'Animosity','Panini Comics México - Manga'),(15,'Blankets','Panini Comics México - Manga'),(16,'Calle de los misterios','Panini Comics México - Manga'),(17,'Silas Corey','Panini Comics México - Manga'),(18,'Sorcerous Stabber Orphen','DC Comics México'),(19,'Suiciders','Editorial Vid'),(20,'Micronauts','Editorial Vid'),(21,'Supermanes de America','DC Comics México'),(22,'Conan the Slayer','DC Comics México'),(23,'Excalibur','Image Comics México'),(24,'Spiderman','Marvel Comics México'),(25,'Showman Killer','Panini Comics México – Manga'),(26,'Turno de noche','Panini Comics México – Manga'),(27,'Templario','DC Comics México'),(28,'Reconquistas','DC Comics México'),(29,'Ahoha Rhidor','Image Comics México'),(30,'ALL STAR BATMAN & ROBIN','Image Comics México'),(31,'SUPERMAN','DC Comics México'),(32,'CIVIL WAR II','Marvel Comics México'),(33,'INVINCIBLE IRON MAN','Marvel Comics México'),(34,'VENOM','Marvel Comics México'),(35,'CHOOSING SIDES','Marvel Comics México'),(36,'JUSTICE LEAGUE','DC Comics México');
/*!40000 ALTER TABLE `saga` ENABLE KEYS */;
UNLOCK TABLES;

--
-- Table structure for table `tema`
--

DROP TABLE IF EXISTS `tema`;
/*!40101 SET @saved_cs_client     = @@character_set_client */;
/*!40101 SET character_set_client = utf8 */;
CREATE TABLE `tema` (
  `idTema` int(11) NOT NULL,
  `nombre` varchar(45) DEFAULT NULL,
  PRIMARY KEY (`idTema`)
) ENGINE=InnoDB DEFAULT CHARSET=utf8;
/*!40101 SET character_set_client = @saved_cs_client */;

--
-- Dumping data for table `tema`
--

LOCK TABLES `tema` WRITE;
/*!40000 ALTER TABLE `tema` DISABLE KEYS */;
INSERT INTO `tema` VALUES (1,'Acción'),(2,'Romance'),(3,'Ciencia ficción'),(4,'Comedia'),(5,'Terror'),(6,'Novela'),(7,'Misterio'),(8,'Aventura'),(9,'Suspenso'),(10,'Drama'),(11,'Aventura');
/*!40000 ALTER TABLE `tema` ENABLE KEYS */;
UNLOCK TABLES;

--
-- Table structure for table `venta`
--

DROP TABLE IF EXISTS `venta`;
/*!40101 SET @saved_cs_client     = @@character_set_client */;
/*!40101 SET character_set_client = utf8 */;
CREATE TABLE `venta` (
  `idVenta` int(11) NOT NULL,
  `monto` double DEFAULT NULL,
  `fecha` datetime DEFAULT NULL,
  `idEmpleado` int(11) DEFAULT NULL,
  PRIMARY KEY (`idVenta`),
  KEY `fk_Venta_Empleado1_idx` (`idEmpleado`),
  CONSTRAINT `fk_Venta_Empleado1` FOREIGN KEY (`idEmpleado`) REFERENCES `empleado` (`idEmpleado`) ON DELETE NO ACTION ON UPDATE NO ACTION
) ENGINE=InnoDB DEFAULT CHARSET=utf8;
/*!40101 SET character_set_client = @saved_cs_client */;

--
-- Dumping data for table `venta`
--

LOCK TABLES `venta` WRITE;
/*!40000 ALTER TABLE `venta` DISABLE KEYS */;
INSERT INTO `venta` VALUES (1,2492,'2004-05-02 00:00:00',1),(2,2975,'2005-11-22 00:00:00',2),(3,2316,'2003-05-05 00:00:00',3),(4,2603,'2007-03-20 00:00:00',4),(5,703,'2011-02-02 00:00:00',5),(6,1911,'1999-01-09 00:00:00',6),(7,236,'2005-03-12 00:00:00',7),(8,2136,'2015-02-13 00:00:00',8),(9,1312,'2004-08-18 00:00:00',9),(10,1642,'2015-03-02 00:00:00',10),(11,2022,'2004-09-15 00:00:00',11),(12,2031,'2010-02-19 00:00:00',12),(13,432,'2006-12-01 00:00:00',13),(14,2049,'2011-04-09 00:00:00',14),(15,594,'2007-06-10 00:00:00',15),(16,4684,'2012-10-27 00:00:00',16),(17,2864,'1999-02-16 00:00:00',17),(18,1476,'2013-06-03 00:00:00',18),(19,1191,'2003-01-19 00:00:00',19),(20,3687,'2004-01-06 00:00:00',20),(21,3755,'2009-11-23 00:00:00',1),(22,2391,'2011-01-22 00:00:00',2),(23,3670,'2013-03-13 00:00:00',3),(24,985,'2011-09-12 00:00:00',4),(25,3627,'2011-04-02 00:00:00',5),(26,964,'2009-07-17 00:00:00',6),(27,3202,'2013-12-21 00:00:00',7),(28,3688,'2013-03-22 00:00:00',8),(29,850,'2005-11-26 00:00:00',9),(30,3383,'2012-09-08 00:00:00',10),(31,1116,'2012-07-14 00:00:00',11),(32,1911,'2013-01-04 00:00:00',12),(33,2651,'2016-05-15 00:00:00',13),(34,3991,'2005-06-16 00:00:00',14),(35,3322,'2002-07-14 00:00:00',15),(36,3713,'2000-03-20 00:00:00',16),(37,249,'2000-10-06 00:00:00',17),(38,3308,'2002-09-26 00:00:00',18),(39,339,'2004-12-03 00:00:00',19),(40,947,'2000-10-20 00:00:00',20),(41,1969,'2011-08-23 00:00:00',1),(42,2044,'2014-07-11 00:00:00',2),(43,1008,'2015-11-27 00:00:00',3),(44,296,'2008-06-04 00:00:00',4),(45,419,'2001-12-10 00:00:00',5),(46,262,'2013-01-07 00:00:00',6),(47,4306,'2001-12-26 00:00:00',7),(48,4117,'2016-07-13 00:00:00',8),(49,4838,'2014-10-06 00:00:00',9),(50,2263,'2001-07-17 00:00:00',10),(51,4237,'2005-09-04 00:00:00',11),(52,4932,'2013-04-13 00:00:00',12),(53,3066,'2008-08-24 00:00:00',13),(54,750,'1999-06-14 00:00:00',14),(55,3169,'2011-04-11 00:00:00',15),(56,4227,'2001-12-02 00:00:00',16),(57,2863,'2005-09-03 00:00:00',17),(58,2488,'2016-12-11 00:00:00',18),(59,3395,'2015-02-10 00:00:00',19),(60,2424,'2016-03-04 00:00:00',20),(61,3834,'2013-04-02 00:00:00',1),(62,2883,'2010-11-20 00:00:00',2),(63,1879,'2002-05-12 00:00:00',3),(64,4422,'2007-07-27 00:00:00',4),(65,980,'2014-07-09 00:00:00',5),(66,3757,'2000-06-28 00:00:00',6),(67,4956,'2013-02-15 00:00:00',7),(68,471,'2006-03-05 00:00:00',8),(69,4687,'2013-04-20 00:00:00',9),(70,2334,'2015-09-23 00:00:00',10),(71,327,'1999-10-01 00:00:00',11),(72,1150,'2012-08-09 00:00:00',12),(73,4192,'2007-02-19 00:00:00',13),(74,4896,'2015-07-15 00:00:00',14),(75,2425,'2014-11-22 00:00:00',15),(76,3080,'2002-08-16 00:00:00',16),(77,2243,'2004-12-16 00:00:00',17),(78,1354,'1999-02-01 00:00:00',18),(79,4655,'2016-05-18 00:00:00',19),(80,4160,'2008-09-28 00:00:00',20),(81,1767,'2016-02-27 00:00:00',1),(82,3789,'2003-11-24 00:00:00',2),(83,541,'2002-07-17 00:00:00',3),(84,2299,'2009-09-26 00:00:00',4),(85,1684,'2001-04-22 00:00:00',5),(86,2808,'2004-02-12 00:00:00',6),(87,3985,'2015-08-14 00:00:00',7),(88,2691,'2001-06-16 00:00:00',8),(89,1387,'1999-07-25 00:00:00',9),(90,356,'2002-09-04 00:00:00',10),(91,1289,'2002-01-14 00:00:00',11),(92,3006,'2001-03-16 00:00:00',12),(93,2422,'2006-06-15 00:00:00',13),(94,4468,'2008-06-26 00:00:00',14),(95,2378,'2000-05-27 00:00:00',15),(96,4931,'2016-02-09 00:00:00',16),(97,3696,'2013-12-17 00:00:00',17),(98,1070,'2004-11-02 00:00:00',18),(99,2934,'2009-12-07 00:00:00',19),(100,1942,'2002-05-02 00:00:00',20),(101,401,'2005-12-02 00:00:00',1),(102,725,'2008-10-25 00:00:00',2),(103,4146,'2000-05-08 00:00:00',3),(104,1461,'2016-08-15 00:00:00',4),(105,3438,'2010-10-06 00:00:00',5),(106,1765,'2000-10-12 00:00:00',6),(107,216,'2001-12-07 00:00:00',7),(108,1030,'2001-09-14 00:00:00',8),(109,403,'2012-06-06 00:00:00',9),(110,4331,'2007-07-22 00:00:00',10),(111,349,'2003-08-20 00:00:00',11),(112,444,'2012-11-10 00:00:00',12),(113,1909,'2001-10-04 00:00:00',13),(114,2192,'2014-01-27 00:00:00',14),(115,2259,'2016-06-06 00:00:00',15),(116,458,'2012-04-04 00:00:00',16),(117,4221,'2007-09-14 00:00:00',17),(118,2829,'2005-04-02 00:00:00',18),(119,4120,'2001-05-27 00:00:00',19),(120,2709,'2004-01-07 00:00:00',20),(121,3718,'2001-11-25 00:00:00',1),(122,4480,'2000-07-23 00:00:00',2),(123,3660,'2007-04-23 00:00:00',3),(124,1235,'2013-06-27 00:00:00',4),(125,1578,'2003-12-27 00:00:00',5),(126,1219,'2015-05-08 00:00:00',6),(127,3210,'2006-09-10 00:00:00',7),(128,596,'2000-09-10 00:00:00',8),(129,3867,'2011-04-14 00:00:00',9),(130,442,'2000-09-03 00:00:00',10),(131,1246,'2013-09-20 00:00:00',11),(132,3414,'2009-08-14 00:00:00',12),(133,3184,'2015-02-16 00:00:00',13),(134,922,'2014-09-19 00:00:00',14),(135,999,'2010-04-05 00:00:00',15),(136,778,'2013-03-12 00:00:00',16),(137,2349,'2009-10-23 00:00:00',17),(138,3948,'2005-09-18 00:00:00',18),(139,305,'2015-08-11 00:00:00',19),(140,4737,'2014-12-09 00:00:00',20),(141,2333,'2009-04-18 00:00:00',1),(142,2597,'2004-12-17 00:00:00',2),(143,2682,'2013-07-19 00:00:00',3),(144,4115,'2002-08-23 00:00:00',4),(145,1305,'2014-01-03 00:00:00',5),(146,630,'2008-10-05 00:00:00',6),(147,988,'1999-01-07 00:00:00',7),(148,1288,'2003-12-06 00:00:00',8),(149,4844,'2014-06-23 00:00:00',9),(150,3588,'2015-01-27 00:00:00',10),(151,472,'2011-07-05 00:00:00',11),(152,4389,'2010-03-19 00:00:00',12),(153,2455,'2015-05-08 00:00:00',13),(154,500,'2011-01-17 00:00:00',14),(155,3994,'2009-09-18 00:00:00',15),(156,1440,'2005-02-21 00:00:00',16),(157,2511,'2006-10-21 00:00:00',17),(158,409,'2001-08-26 00:00:00',18),(159,3213,'1999-03-10 00:00:00',19),(160,4731,'2013-12-24 00:00:00',20),(161,1155,'2004-10-02 00:00:00',1),(162,4099,'1999-03-13 00:00:00',2),(163,3890,'2004-08-21 00:00:00',3),(164,4261,'2007-01-11 00:00:00',4),(165,2957,'2001-07-07 00:00:00',5),(166,1893,'2007-12-14 00:00:00',6),(167,2146,'1999-03-12 00:00:00',7),(168,1133,'2013-05-09 00:00:00',8),(169,2187,'2014-11-16 00:00:00',9),(170,3714,'2001-08-20 00:00:00',10),(171,4105,'2014-04-21 00:00:00',11),(172,3846,'2009-12-21 00:00:00',12),(173,3895,'2006-02-15 00:00:00',13),(174,4516,'2006-11-06 00:00:00',14),(175,517,'2016-07-06 00:00:00',15),(176,2152,'2013-07-16 00:00:00',16),(177,3907,'2012-10-12 00:00:00',17),(178,3315,'2005-08-28 00:00:00',18),(179,952,'2010-01-25 00:00:00',19),(180,3820,'2001-08-02 00:00:00',20),(181,3625,'2016-02-02 00:00:00',1),(182,2438,'2009-11-24 00:00:00',2),(183,4167,'2015-04-21 00:00:00',3),(184,1871,'2016-12-27 00:00:00',4),(185,3579,'2003-04-27 00:00:00',5),(186,4393,'2011-12-11 00:00:00',6),(187,2258,'2013-06-20 00:00:00',7),(188,2263,'2001-10-22 00:00:00',8),(189,1746,'2012-05-20 00:00:00',9),(190,4571,'2009-08-26 00:00:00',10),(191,1819,'2000-06-04 00:00:00',11),(192,3065,'2013-05-11 00:00:00',12),(193,2027,'2014-06-01 00:00:00',13),(194,353,'2000-10-08 00:00:00',14),(195,735,'2003-09-03 00:00:00',15),(196,4118,'2007-06-16 00:00:00',16),(197,2062,'2003-05-12 00:00:00',17),(198,917,'2000-01-17 00:00:00',18),(199,3054,'2006-12-08 00:00:00',19),(200,2876,'2004-10-08 00:00:00',20),(201,1863,'1999-11-04 00:00:00',1),(202,4946,'2015-07-15 00:00:00',2),(203,1085,'2004-08-06 00:00:00',3),(204,2378,'2007-11-03 00:00:00',4),(205,2923,'2008-05-07 00:00:00',5),(206,561,'2005-06-15 00:00:00',6),(207,3330,'2003-08-26 00:00:00',7),(208,857,'2016-04-06 00:00:00',8),(209,3838,'2012-09-20 00:00:00',9),(210,3330,'2009-10-20 00:00:00',10),(211,2438,'2014-05-12 00:00:00',11),(212,462,'2011-07-21 00:00:00',12),(213,2843,'1999-12-20 00:00:00',13),(214,1523,'2014-01-08 00:00:00',14),(215,2447,'2013-11-01 00:00:00',15),(216,3310,'2008-10-15 00:00:00',16),(217,1972,'2005-08-06 00:00:00',17),(218,401,'2009-11-07 00:00:00',18),(219,4010,'2001-04-24 00:00:00',19),(220,1805,'2007-11-18 00:00:00',20),(221,3116,'2000-04-13 00:00:00',1),(222,3991,'2012-06-12 00:00:00',2),(223,2222,'2000-04-09 00:00:00',3),(224,2262,'2014-02-10 00:00:00',4),(225,3470,'2016-01-27 00:00:00',5),(226,2254,'2010-05-27 00:00:00',6),(227,1979,'2012-07-02 00:00:00',7),(228,4476,'1999-09-07 00:00:00',8),(229,1405,'2008-05-11 00:00:00',9),(230,4958,'2006-02-17 00:00:00',10),(231,2433,'2015-02-11 00:00:00',11),(232,2925,'2001-12-24 00:00:00',12),(233,3082,'2013-12-02 00:00:00',13),(234,2749,'2012-09-06 00:00:00',14),(235,1389,'2012-09-21 00:00:00',15),(236,1716,'2000-08-28 00:00:00',16),(237,3367,'2014-01-23 00:00:00',17),(238,1022,'2015-02-08 00:00:00',18),(239,513,'2005-07-13 00:00:00',19),(240,3682,'2014-05-19 00:00:00',20),(241,583,'2002-08-02 00:00:00',1),(242,4212,'2013-04-06 00:00:00',2),(243,2470,'2003-08-25 00:00:00',3),(244,4690,'1999-11-03 00:00:00',4),(245,803,'2016-08-12 00:00:00',5),(246,2467,'2010-12-08 00:00:00',6),(247,3057,'2014-06-24 00:00:00',7),(248,1775,'2006-07-01 00:00:00',8),(249,4751,'2016-07-21 00:00:00',9),(250,2936,'2008-11-11 00:00:00',10),(251,1702,'2007-11-24 00:00:00',11),(252,1514,'2010-10-21 00:00:00',12),(253,426,'2007-06-19 00:00:00',13),(254,4885,'2010-04-23 00:00:00',14),(255,2467,'2008-05-22 00:00:00',15),(256,3071,'2010-02-20 00:00:00',16),(257,1230,'2001-12-04 00:00:00',17),(258,2269,'2005-01-28 00:00:00',18),(259,997,'2005-09-01 00:00:00',19),(260,2256,'2000-02-21 00:00:00',20),(261,1482,'2006-09-04 00:00:00',1),(262,866,'2003-03-06 00:00:00',2),(263,937,'2005-01-25 00:00:00',3),(264,1363,'2007-07-14 00:00:00',4),(265,4422,'2009-05-16 00:00:00',5),(266,589,'1999-07-01 00:00:00',6),(267,3214,'2000-11-18 00:00:00',7),(268,2962,'2004-11-18 00:00:00',8),(269,2888,'2011-04-05 00:00:00',9),(270,1269,'1999-04-12 00:00:00',10),(271,1599,'2015-03-17 00:00:00',11),(272,3359,'2015-10-10 00:00:00',12),(273,3901,'2010-05-17 00:00:00',13),(274,4175,'2006-10-02 00:00:00',14),(275,3158,'2003-10-28 00:00:00',15),(276,3681,'2010-07-28 00:00:00',16),(277,2444,'2004-10-01 00:00:00',17),(278,2173,'2011-08-04 00:00:00',18),(279,4909,'2014-11-25 00:00:00',19),(280,3026,'2001-02-19 00:00:00',20),(281,3775,'2012-08-03 00:00:00',1),(282,2410,'2003-01-28 00:00:00',2),(283,1875,'2002-11-27 00:00:00',3),(284,4306,'2014-06-26 00:00:00',4),(285,4393,'2012-08-02 00:00:00',5),(286,1685,'2013-11-08 00:00:00',6),(287,3603,'2007-03-07 00:00:00',7),(288,2359,'2015-01-20 00:00:00',8),(289,4570,'2011-03-17 00:00:00',9),(290,1522,'2008-09-19 00:00:00',10),(291,4668,'2007-03-22 00:00:00',11),(292,3184,'2015-11-13 00:00:00',12),(293,3626,'2015-04-03 00:00:00',13),(294,2014,'2016-02-19 00:00:00',14),(295,4486,'2008-03-02 00:00:00',15),(296,1734,'2006-03-18 00:00:00',16),(297,1785,'2002-09-05 00:00:00',17),(298,2793,'1999-03-09 00:00:00',18),(299,4552,'2014-03-08 00:00:00',19),(300,4709,'2014-10-05 00:00:00',20),(301,2537,'2016-02-19 00:00:00',1),(302,2259,'2015-10-15 00:00:00',2),(303,490,'2001-12-08 00:00:00',3),(304,4839,'2000-08-06 00:00:00',4),(305,4118,'2011-06-11 00:00:00',5),(306,3320,'2007-12-24 00:00:00',6),(307,4477,'2009-08-15 00:00:00',7),(308,3145,'2008-03-28 00:00:00',8),(309,884,'1999-10-21 00:00:00',9),(310,4595,'1999-07-04 00:00:00',10),(311,4187,'2013-09-22 00:00:00',11),(312,2179,'2009-01-19 00:00:00',12),(313,514,'2016-09-04 00:00:00',13),(314,4399,'2000-04-06 00:00:00',14),(315,475,'2015-05-21 00:00:00',15),(316,3053,'2006-09-09 00:00:00',16),(317,3301,'2012-09-03 00:00:00',17),(318,1771,'2000-02-02 00:00:00',18),(319,1403,'2014-05-13 00:00:00',19),(320,3567,'2014-06-05 00:00:00',20),(321,1129,'2000-09-02 00:00:00',1),(322,3925,'2008-03-13 00:00:00',2),(323,3561,'2003-04-14 00:00:00',3),(324,2227,'2008-06-09 00:00:00',4),(325,3026,'2011-03-12 00:00:00',5),(326,3512,'2000-12-14 00:00:00',6),(327,2796,'2000-07-21 00:00:00',7),(328,3787,'2003-04-07 00:00:00',8),(329,3201,'2007-10-17 00:00:00',9),(330,314,'2000-04-07 00:00:00',10),(331,2009,'2006-12-27 00:00:00',11),(332,1918,'2014-11-20 00:00:00',12),(333,3204,'2011-02-03 00:00:00',13),(334,747,'2016-01-02 00:00:00',14),(335,2419,'2004-10-21 00:00:00',15),(336,2155,'2005-05-19 00:00:00',16),(337,1726,'2009-06-07 00:00:00',17),(338,682,'2000-02-20 00:00:00',18),(339,4855,'2000-01-22 00:00:00',19),(340,1578,'2008-01-21 00:00:00',20),(341,4467,'1999-09-06 00:00:00',1),(342,2278,'2007-08-10 00:00:00',2),(343,1740,'2016-04-12 00:00:00',3),(344,933,'2015-07-15 00:00:00',4),(345,3245,'1999-05-12 00:00:00',5),(346,4021,'2001-12-12 00:00:00',6),(347,3291,'2000-06-28 00:00:00',7),(348,880,'1999-02-23 00:00:00',8),(349,3814,'1999-01-27 00:00:00',9),(350,592,'2008-01-10 00:00:00',10),(351,1205,'2007-03-05 00:00:00',11),(352,1116,'2002-02-25 00:00:00',12),(353,1039,'2011-02-27 00:00:00',13),(354,3965,'2008-09-06 00:00:00',14),(355,210,'2011-06-21 00:00:00',15),(356,1961,'2016-06-21 00:00:00',16),(357,1232,'2008-12-08 00:00:00',17),(358,712,'2011-10-22 00:00:00',18),(359,3891,'2010-04-12 00:00:00',19),(360,2532,'2014-12-12 00:00:00',20),(361,3605,'2016-10-05 00:00:00',1),(362,4028,'2001-09-06 00:00:00',2),(363,2705,'2014-09-23 00:00:00',3),(364,3492,'2014-04-09 00:00:00',4),(365,2914,'2016-01-23 00:00:00',5),(366,2635,'2003-09-04 00:00:00',6),(367,2189,'2007-08-08 00:00:00',7),(368,2880,'2007-04-22 00:00:00',8),(369,1138,'2013-11-02 00:00:00',9),(370,2609,'2003-05-08 00:00:00',10),(371,1711,'2016-10-09 00:00:00',11),(372,2847,'2000-01-26 00:00:00',12),(373,2990,'2005-01-08 00:00:00',13),(374,493,'2011-12-13 00:00:00',14),(375,2802,'2011-02-04 00:00:00',15),(376,2994,'2016-01-09 00:00:00',16),(377,801,'2016-06-27 00:00:00',17),(378,1476,'2016-11-28 00:00:00',18),(379,2189,'2006-02-25 00:00:00',19),(380,1153,'2005-01-24 00:00:00',20),(381,3017,'2009-07-21 00:00:00',1),(382,2482,'2014-05-03 00:00:00',2),(383,1499,'2008-03-23 00:00:00',3),(384,2728,'2011-01-01 00:00:00',4),(385,1257,'2014-09-21 00:00:00',5),(386,535,'2016-02-16 00:00:00',6),(387,2442,'2013-03-25 00:00:00',7),(388,3699,'2014-07-06 00:00:00',8),(389,1379,'1999-03-10 00:00:00',9),(390,1399,'2003-01-11 00:00:00',10),(391,2783,'1999-11-26 00:00:00',11),(392,1088,'2003-05-10 00:00:00',12),(393,2243,'1999-08-14 00:00:00',13),(394,3445,'2005-09-13 00:00:00',14),(395,4669,'2011-10-01 00:00:00',15),(396,556,'2012-03-14 00:00:00',16),(397,1596,'2006-10-13 00:00:00',17),(398,3583,'2003-03-07 00:00:00',18),(399,2081,'2014-06-26 00:00:00',19),(400,1966,'2009-07-28 00:00:00',20),(401,4108,'2016-04-11 00:00:00',1),(402,377,'2006-02-05 00:00:00',2),(403,3863,'2013-01-26 00:00:00',3),(404,723,'2003-09-11 00:00:00',4),(405,364,'2000-10-19 00:00:00',5),(406,2595,'2005-08-05 00:00:00',6),(407,614,'2014-09-01 00:00:00',7),(408,2699,'2002-05-11 00:00:00',8),(409,4824,'2006-06-13 00:00:00',9),(410,3610,'2011-06-04 00:00:00',10),(411,1165,'2011-07-26 00:00:00',11),(412,2208,'2006-01-04 00:00:00',12),(413,1084,'2004-11-27 00:00:00',13),(414,2739,'2000-06-08 00:00:00',14),(415,2345,'1999-09-13 00:00:00',15),(416,4829,'1999-10-12 00:00:00',16),(417,2411,'2002-06-05 00:00:00',17),(418,1782,'2010-08-11 00:00:00',18),(419,1399,'2004-06-25 00:00:00',19),(420,4557,'2016-11-21 00:00:00',20),(421,662,'2012-11-08 00:00:00',1),(422,3034,'2004-01-03 00:00:00',2),(423,2934,'1999-12-14 00:00:00',3),(424,2303,'2002-04-27 00:00:00',4),(425,1487,'2001-05-28 00:00:00',5),(426,662,'2002-05-01 00:00:00',6),(427,1545,'2001-06-21 00:00:00',7),(428,2336,'1999-01-12 00:00:00',8),(429,713,'2010-07-26 00:00:00',9),(430,4663,'2015-05-26 00:00:00',10),(431,3077,'2004-12-19 00:00:00',11),(432,4055,'1999-01-07 00:00:00',12),(433,3851,'2013-03-01 00:00:00',13),(434,4777,'2010-06-03 00:00:00',14),(435,1709,'2008-06-28 00:00:00',15),(436,255,'2003-01-28 00:00:00',16),(437,3180,'2002-07-27 00:00:00',17),(438,4855,'2014-10-10 00:00:00',18),(439,2507,'2014-01-25 00:00:00',19),(440,3515,'2011-04-04 00:00:00',20),(441,566,'2008-03-02 00:00:00',1),(442,4750,'2001-05-09 00:00:00',2),(443,3122,'2016-08-27 00:00:00',3),(444,1451,'2014-01-28 00:00:00',4),(445,1738,'2010-04-06 00:00:00',5),(446,630,'2002-05-28 00:00:00',6),(447,3974,'2011-03-05 00:00:00',7),(448,962,'2016-06-10 00:00:00',8),(449,2859,'2004-08-05 00:00:00',9),(450,3749,'2007-02-22 00:00:00',10),(451,1423,'2013-03-20 00:00:00',11),(452,407,'2010-11-04 00:00:00',12),(453,3449,'2015-07-19 00:00:00',13),(454,1574,'2006-07-21 00:00:00',14),(455,3142,'2009-02-11 00:00:00',15),(456,4845,'2011-12-14 00:00:00',16),(457,2946,'2016-04-28 00:00:00',17),(458,1607,'2013-09-09 00:00:00',18),(459,3826,'2014-08-17 00:00:00',19),(460,930,'2001-08-15 00:00:00',20),(461,4264,'2009-10-20 00:00:00',1),(462,1776,'2004-02-19 00:00:00',2),(463,3764,'2006-05-01 00:00:00',3),(464,4880,'1999-09-26 00:00:00',4),(465,1989,'2002-01-28 00:00:00',5),(466,1879,'2008-11-12 00:00:00',6),(467,468,'2001-08-21 00:00:00',7),(468,2829,'2016-02-27 00:00:00',8),(469,3327,'2003-05-14 00:00:00',9),(470,1960,'2011-10-17 00:00:00',10),(471,3875,'2008-03-22 00:00:00',11),(472,4246,'2002-02-09 00:00:00',12),(473,2267,'2004-01-13 00:00:00',13),(474,1194,'2015-07-21 00:00:00',14),(475,3213,'2016-06-24 00:00:00',15),(476,4583,'2013-02-01 00:00:00',16),(477,3919,'2002-02-02 00:00:00',17),(478,3598,'2005-03-10 00:00:00',18),(479,1882,'2008-05-06 00:00:00',19),(480,2494,'2004-06-11 00:00:00',20),(481,3727,'2015-11-09 00:00:00',1),(482,2821,'2006-09-27 00:00:00',2),(483,1485,'2016-04-07 00:00:00',3),(484,2241,'2004-02-12 00:00:00',4),(485,2446,'2014-09-05 00:00:00',5),(486,4652,'2014-02-09 00:00:00',6),(487,1368,'2000-04-12 00:00:00',7),(488,3079,'2013-06-26 00:00:00',8),(489,4228,'2002-08-10 00:00:00',9),(490,2726,'2007-04-01 00:00:00',10),(491,4428,'2013-03-25 00:00:00',11),(492,951,'2006-01-25 00:00:00',12),(493,3036,'2006-02-10 00:00:00',13),(494,3418,'2006-12-19 00:00:00',14),(495,2648,'2014-02-19 00:00:00',15),(496,4676,'2009-01-11 00:00:00',16),(497,1018,'2011-09-05 00:00:00',17),(498,278,'2001-02-28 00:00:00',18),(499,538,'2015-02-26 00:00:00',19),(500,3683,'2001-08-21 00:00:00',20),(501,1817,'2011-11-11 00:00:00',1),(502,770,'2014-10-11 00:00:00',2),(503,1556,'2007-03-14 00:00:00',3),(504,1297,'2006-04-28 00:00:00',4),(505,870,'2014-04-27 00:00:00',5),(506,4637,'2000-10-17 00:00:00',6),(507,4309,'2001-12-10 00:00:00',7),(508,529,'2011-11-24 00:00:00',8),(509,1123,'2006-04-15 00:00:00',9),(510,4193,'2013-04-20 00:00:00',10),(511,2344,'1999-01-28 00:00:00',11),(512,4665,'2005-04-20 00:00:00',12),(513,3659,'2015-12-28 00:00:00',13),(514,3745,'2014-03-11 00:00:00',14),(515,1879,'2003-09-19 00:00:00',15),(516,4505,'2004-04-12 00:00:00',16),(517,4307,'2005-05-14 00:00:00',17),(518,4198,'2012-09-18 00:00:00',18),(519,1623,'2012-08-12 00:00:00',19),(520,4897,'2009-06-03 00:00:00',20),(521,1239,'2009-09-02 00:00:00',1),(522,3257,'2005-10-03 00:00:00',2),(523,1445,'2006-04-26 00:00:00',3),(524,1266,'2012-08-20 00:00:00',4),(525,214,'2012-04-22 00:00:00',5),(526,2382,'2011-06-10 00:00:00',6),(527,3207,'2009-07-25 00:00:00',7),(528,1417,'2002-04-28 00:00:00',8),(529,1313,'2016-01-27 00:00:00',9),(530,236,'2016-12-08 00:00:00',10),(531,4047,'2007-02-06 00:00:00',11),(532,3672,'2001-01-27 00:00:00',12),(533,2060,'2002-10-11 00:00:00',13),(534,2088,'2001-08-19 00:00:00',14),(535,3874,'2004-11-16 00:00:00',15),(536,3037,'2013-09-23 00:00:00',16),(537,3010,'2012-08-06 00:00:00',17),(538,4078,'2000-06-16 00:00:00',18),(539,1077,'2006-08-20 00:00:00',19),(540,4265,'2010-04-25 00:00:00',20),(541,2681,'2014-08-27 00:00:00',1),(542,2900,'2012-09-28 00:00:00',2),(543,689,'2010-11-02 00:00:00',3),(544,4181,'2005-01-20 00:00:00',4),(545,1290,'2000-06-23 00:00:00',5),(546,4105,'2005-11-05 00:00:00',6),(547,2890,'2015-10-26 00:00:00',7),(548,2826,'2011-09-02 00:00:00',8),(549,4336,'2005-01-21 00:00:00',9),(550,3569,'2012-01-14 00:00:00',10),(551,4219,'2016-03-06 00:00:00',11),(552,434,'2014-01-22 00:00:00',12),(553,4025,'2010-12-09 00:00:00',13),(554,1518,'2015-08-17 00:00:00',14),(555,3807,'2003-06-11 00:00:00',15),(556,1273,'2009-10-03 00:00:00',16),(557,3125,'2015-09-26 00:00:00',17),(558,1923,'2009-07-17 00:00:00',18),(559,763,'2003-10-28 00:00:00',19),(560,2115,'2005-11-15 00:00:00',20),(561,1314,'2003-02-09 00:00:00',1),(562,3298,'2015-11-28 00:00:00',2),(563,720,'2015-02-09 00:00:00',3),(564,4816,'2000-01-17 00:00:00',4),(565,2211,'2015-11-08 00:00:00',5),(566,4975,'1999-09-05 00:00:00',6),(567,3859,'2012-05-06 00:00:00',7),(568,1309,'2013-03-11 00:00:00',8),(569,3365,'2001-07-20 00:00:00',9),(570,4489,'2009-12-12 00:00:00',10),(571,1993,'2014-01-19 00:00:00',11),(572,3694,'2013-09-05 00:00:00',12),(573,313,'2014-05-08 00:00:00',13),(574,2562,'2013-08-25 00:00:00',14),(575,1807,'2015-07-25 00:00:00',15),(576,4731,'2002-09-22 00:00:00',16),(577,1576,'2012-04-06 00:00:00',17),(578,411,'2004-04-23 00:00:00',18),(579,4152,'2015-03-01 00:00:00',19),(580,821,'2006-11-26 00:00:00',20),(581,1859,'2006-11-24 00:00:00',1),(582,3874,'2010-12-05 00:00:00',2),(583,3679,'2007-02-14 00:00:00',3),(584,2414,'2005-10-19 00:00:00',4),(585,4547,'2001-04-16 00:00:00',5),(586,3529,'2001-09-06 00:00:00',6),(587,2295,'2000-08-22 00:00:00',7),(588,4520,'1999-01-28 00:00:00',8),(589,758,'2005-04-25 00:00:00',9),(590,780,'1999-10-23 00:00:00',10),(591,4378,'2012-11-23 00:00:00',11),(592,1286,'2000-12-24 00:00:00',12),(593,1811,'2013-10-04 00:00:00',13),(594,930,'2016-11-26 00:00:00',14),(595,3914,'2000-10-21 00:00:00',15),(596,3343,'2001-05-25 00:00:00',16),(597,305,'2004-01-16 00:00:00',17),(598,3393,'2005-02-25 00:00:00',18),(599,2341,'2012-04-15 00:00:00',19),(600,3341,'2003-08-26 00:00:00',20),(601,4189,'2014-05-09 00:00:00',1),(602,1657,'2013-08-09 00:00:00',2),(603,3187,'2010-03-19 00:00:00',3),(604,325,'2011-05-25 00:00:00',4),(605,4552,'2010-09-24 00:00:00',5),(606,4794,'2002-01-20 00:00:00',6),(607,4592,'2005-05-23 00:00:00',7),(608,249,'2015-11-21 00:00:00',8),(609,3053,'2004-10-07 00:00:00',9),(610,2557,'2014-06-06 00:00:00',10),(611,4418,'2006-06-27 00:00:00',11),(612,417,'1999-04-20 00:00:00',12),(613,1354,'2013-08-27 00:00:00',13),(614,1454,'2016-08-21 00:00:00',14),(615,383,'2000-07-25 00:00:00',15),(616,2125,'2015-01-21 00:00:00',16),(617,4201,'2003-04-05 00:00:00',17),(618,910,'2002-01-03 00:00:00',18),(619,4943,'2003-10-01 00:00:00',19),(620,286,'2007-09-15 00:00:00',20),(621,362,'2010-06-15 00:00:00',1),(622,3152,'2016-07-08 00:00:00',2),(623,953,'2006-08-21 00:00:00',3),(624,1797,'2012-11-14 00:00:00',4),(625,1617,'2015-02-25 00:00:00',5),(626,1014,'2013-07-25 00:00:00',6),(627,4568,'2010-06-22 00:00:00',7),(628,2340,'2010-08-04 00:00:00',8),(629,4345,'2006-09-28 00:00:00',9),(630,2723,'2015-08-08 00:00:00',10),(631,2180,'2005-04-15 00:00:00',11),(632,3894,'2006-06-19 00:00:00',12),(633,995,'2008-10-04 00:00:00',13),(634,2839,'2006-10-02 00:00:00',14),(635,3124,'2006-02-16 00:00:00',15),(636,2619,'2003-10-14 00:00:00',16),(637,2577,'2002-01-10 00:00:00',17),(638,1448,'2002-02-01 00:00:00',18),(639,1594,'2013-07-03 00:00:00',19),(640,705,'2005-08-02 00:00:00',20),(641,2958,'2001-01-21 00:00:00',1),(642,4824,'2005-10-25 00:00:00',2),(643,932,'2013-07-06 00:00:00',3),(644,3291,'2016-08-01 00:00:00',4),(645,1123,'2012-12-06 00:00:00',5),(646,1649,'2005-07-02 00:00:00',6),(647,4585,'2010-12-04 00:00:00',7),(648,2258,'2010-03-11 00:00:00',8),(649,399,'2009-03-10 00:00:00',9),(650,3943,'1999-12-11 00:00:00',10),(651,1100,'1999-11-07 00:00:00',11),(652,3300,'2002-04-26 00:00:00',12),(653,3997,'2008-04-12 00:00:00',13),(654,400,'2010-01-16 00:00:00',14),(655,4232,'2011-05-07 00:00:00',15),(656,241,'2015-01-14 00:00:00',16),(657,1910,'1999-12-11 00:00:00',17),(658,1225,'2008-10-01 00:00:00',18),(659,2964,'2015-04-22 00:00:00',19),(660,707,'2005-05-06 00:00:00',20),(661,2364,'2003-02-07 00:00:00',1),(662,1588,'2009-01-22 00:00:00',2),(663,1303,'2011-11-19 00:00:00',3),(664,865,'2014-02-11 00:00:00',4),(665,1283,'2014-09-25 00:00:00',5),(666,2386,'2010-03-20 00:00:00',6),(667,4511,'2015-11-04 00:00:00',7),(668,3915,'2006-08-11 00:00:00',8),(669,2171,'2006-04-17 00:00:00',9),(670,224,'2001-02-12 00:00:00',10),(671,821,'2014-05-11 00:00:00',11),(672,914,'2005-04-09 00:00:00',12),(673,1938,'2004-07-04 00:00:00',13),(674,3323,'2015-11-26 00:00:00',14),(675,3158,'2007-02-18 00:00:00',15),(676,2880,'2016-06-11 00:00:00',16),(677,2713,'2014-06-18 00:00:00',17),(678,4863,'2014-07-02 00:00:00',18),(679,1415,'2013-12-21 00:00:00',19),(680,4434,'2004-08-10 00:00:00',20),(681,672,'2016-03-09 00:00:00',1),(682,3280,'2014-01-13 00:00:00',2),(683,3274,'2005-12-13 00:00:00',3),(684,4175,'2009-02-24 00:00:00',4),(685,2892,'2009-01-19 00:00:00',5),(686,3008,'2005-06-14 00:00:00',6),(687,1842,'2005-08-08 00:00:00',7),(688,3991,'2006-04-25 00:00:00',8),(689,4691,'2002-01-12 00:00:00',9),(690,3446,'2016-08-07 00:00:00',10),(691,249,'2004-07-15 00:00:00',11),(692,1163,'2008-05-01 00:00:00',12),(693,3495,'2014-02-16 00:00:00',13),(694,1150,'2011-05-27 00:00:00',14),(695,2466,'2008-08-27 00:00:00',15),(696,2398,'1999-05-01 00:00:00',16),(697,2532,'2014-11-28 00:00:00',17),(698,1706,'2007-01-17 00:00:00',18),(699,3423,'2000-09-18 00:00:00',19),(700,2927,'2009-09-26 00:00:00',20),(701,2729,'2012-04-16 00:00:00',1),(702,388,'2005-06-24 00:00:00',2),(703,3778,'2010-11-18 00:00:00',3),(704,2321,'2012-09-06 00:00:00',4),(705,2341,'2006-04-25 00:00:00',5),(706,516,'2011-07-14 00:00:00',6),(707,4731,'2011-08-17 00:00:00',7),(708,3266,'2005-03-19 00:00:00',8),(709,2254,'2004-01-13 00:00:00',9),(710,2183,'2003-01-01 00:00:00',10),(711,3395,'2011-07-01 00:00:00',11),(712,4942,'2007-09-11 00:00:00',12),(713,519,'2004-12-23 00:00:00',13),(714,4629,'1999-06-28 00:00:00',14),(715,1276,'2013-10-18 00:00:00',15),(716,4764,'2015-11-15 00:00:00',16),(717,671,'2007-04-23 00:00:00',17),(718,221,'1999-07-02 00:00:00',18),(719,2066,'2002-07-21 00:00:00',19),(720,1573,'2016-03-10 00:00:00',20),(721,1241,'2009-03-22 00:00:00',1),(722,2846,'2000-04-09 00:00:00',2),(723,2353,'2011-02-09 00:00:00',3),(724,4584,'2001-10-02 00:00:00',4),(725,1381,'2004-04-20 00:00:00',5),(726,403,'2005-11-13 00:00:00',6),(727,643,'2012-04-12 00:00:00',7),(728,3537,'2003-05-24 00:00:00',8),(729,4807,'2003-07-23 00:00:00',9),(730,3580,'2003-01-21 00:00:00',10),(731,3227,'2004-09-09 00:00:00',11),(732,754,'2001-07-06 00:00:00',12),(733,1566,'2011-08-06 00:00:00',13),(734,2409,'2013-12-03 00:00:00',14),(735,728,'2004-12-26 00:00:00',15),(736,3411,'2010-06-21 00:00:00',16),(737,2114,'2008-11-02 00:00:00',17),(738,1625,'2009-03-16 00:00:00',18),(739,3817,'2012-11-17 00:00:00',19),(740,1563,'2015-01-15 00:00:00',20),(741,3295,'2014-06-24 00:00:00',1),(742,4114,'2013-12-06 00:00:00',2),(743,1766,'2010-04-21 00:00:00',3),(744,3431,'2009-02-22 00:00:00',4),(745,1662,'2006-03-23 00:00:00',5),(746,4854,'2010-07-12 00:00:00',6),(747,3413,'2009-10-22 00:00:00',7),(748,1981,'2002-07-13 00:00:00',8),(749,3229,'1999-05-05 00:00:00',9),(750,1714,'2008-09-08 00:00:00',10),(751,4888,'2005-02-14 00:00:00',11),(752,1057,'2003-05-12 00:00:00',12),(753,1623,'2000-07-20 00:00:00',13),(754,282,'2009-03-21 00:00:00',14),(755,4201,'2016-11-18 00:00:00',15),(756,402,'2003-02-04 00:00:00',16),(757,1774,'2004-05-15 00:00:00',17),(758,1310,'2000-07-16 00:00:00',18),(759,759,'2014-02-20 00:00:00',19),(760,1059,'2011-02-02 00:00:00',20),(761,646,'2010-01-26 00:00:00',1),(762,3813,'1999-12-19 00:00:00',2),(763,880,'2016-10-12 00:00:00',3),(764,3379,'2008-05-04 00:00:00',4),(765,4798,'2004-08-18 00:00:00',5),(766,1325,'2002-12-16 00:00:00',6),(767,4506,'2006-08-14 00:00:00',7),(768,1769,'2005-04-20 00:00:00',8),(769,2862,'2011-09-10 00:00:00',9),(770,4077,'2006-05-27 00:00:00',10),(771,3183,'2010-03-03 00:00:00',11),(772,2247,'2013-08-01 00:00:00',12),(773,812,'2009-08-27 00:00:00',13),(774,2850,'2000-12-16 00:00:00',14),(775,4172,'2001-01-07 00:00:00',15),(776,202,'2015-03-25 00:00:00',16),(777,2966,'2013-01-01 00:00:00',17),(778,3997,'2007-09-01 00:00:00',18),(779,2317,'2005-08-27 00:00:00',19),(780,4809,'2002-03-08 00:00:00',20),(781,3330,'2012-02-06 00:00:00',1),(782,1073,'2000-10-09 00:00:00',2),(783,1616,'2007-05-06 00:00:00',3),(784,1307,'1999-04-13 00:00:00',4),(785,3973,'2003-02-19 00:00:00',5),(786,728,'2013-02-28 00:00:00',6),(787,2524,'2000-06-02 00:00:00',7),(788,4461,'2016-02-24 00:00:00',8),(789,1885,'2000-06-26 00:00:00',9),(790,2568,'2013-02-11 00:00:00',10),(791,3035,'2015-04-21 00:00:00',11),(792,2657,'2003-09-17 00:00:00',12),(793,4098,'2015-01-09 00:00:00',13),(794,4383,'2008-11-18 00:00:00',14),(795,2257,'2004-09-25 00:00:00',15),(796,3152,'2002-02-20 00:00:00',16),(797,491,'2001-02-17 00:00:00',17),(798,1207,'2005-05-01 00:00:00',18),(799,1145,'2000-03-13 00:00:00',19),(800,4103,'2015-09-26 00:00:00',20),(801,3913,'2013-07-22 00:00:00',1),(802,4013,'2002-09-17 00:00:00',2),(803,3956,'2002-01-12 00:00:00',3),(804,1302,'2013-11-21 00:00:00',4),(805,3334,'2010-05-19 00:00:00',5),(806,1020,'2004-12-15 00:00:00',6),(807,3066,'2006-01-17 00:00:00',7),(808,2312,'2006-03-04 00:00:00',8),(809,711,'2012-11-20 00:00:00',9),(810,2396,'2002-12-02 00:00:00',10),(811,4607,'2012-05-22 00:00:00',11),(812,4562,'2005-11-07 00:00:00',12),(813,2412,'2011-02-26 00:00:00',13),(814,4629,'2006-12-17 00:00:00',14),(815,3697,'2014-04-12 00:00:00',15),(816,931,'2010-05-01 00:00:00',16),(817,4531,'2006-09-15 00:00:00',17),(818,645,'2010-03-25 00:00:00',18),(819,2606,'2009-01-07 00:00:00',19),(820,3733,'2015-03-24 00:00:00',20),(821,2439,'2012-07-17 00:00:00',1),(822,3761,'2009-08-01 00:00:00',2),(823,2543,'2005-01-07 00:00:00',3),(824,659,'2011-03-03 00:00:00',4),(825,1198,'2016-10-12 00:00:00',5),(826,2674,'2016-04-16 00:00:00',6),(827,2305,'1999-05-16 00:00:00',7),(828,3348,'2014-08-09 00:00:00',8),(829,2514,'2005-04-08 00:00:00',9),(830,2413,'2010-06-01 00:00:00',10),(831,1711,'2005-09-25 00:00:00',11),(832,3093,'2000-02-23 00:00:00',12),(833,4225,'2012-07-14 00:00:00',13),(834,2724,'2016-02-28 00:00:00',14),(835,1985,'2005-04-03 00:00:00',15),(836,2094,'2013-05-01 00:00:00',16),(837,4619,'2001-01-27 00:00:00',17),(838,671,'1999-12-13 00:00:00',18),(839,2960,'2008-05-27 00:00:00',19),(840,2811,'2007-03-26 00:00:00',20),(841,2991,'1999-09-08 00:00:00',1),(842,2271,'2004-12-23 00:00:00',2),(843,4890,'2007-09-07 00:00:00',3),(844,3244,'2011-01-02 00:00:00',4),(845,2569,'1999-10-19 00:00:00',5),(846,1456,'2005-02-07 00:00:00',6),(847,389,'2013-11-18 00:00:00',7),(848,4513,'2008-04-01 00:00:00',8),(849,279,'1999-01-28 00:00:00',9),(850,554,'2014-11-20 00:00:00',10),(851,4970,'2001-08-27 00:00:00',11),(852,283,'2011-11-27 00:00:00',12),(853,4911,'2005-05-06 00:00:00',13),(854,4379,'2008-07-03 00:00:00',14),(855,4070,'2006-03-28 00:00:00',15),(856,2872,'2010-08-05 00:00:00',16),(857,797,'2001-04-05 00:00:00',17),(858,4232,'2013-07-02 00:00:00',18),(859,2511,'2016-12-27 00:00:00',19),(860,1828,'2008-04-21 00:00:00',20),(861,1638,'2004-07-15 00:00:00',1),(862,4609,'2001-03-20 00:00:00',2),(863,1562,'2003-09-26 00:00:00',3),(864,2157,'2014-04-10 00:00:00',4),(865,4689,'1999-08-16 00:00:00',5),(866,2152,'2002-07-02 00:00:00',6),(867,2881,'2007-08-21 00:00:00',7),(868,2519,'2009-02-19 00:00:00',8),(869,2887,'2016-08-25 00:00:00',9),(870,903,'2007-10-23 00:00:00',10),(871,4506,'2011-05-08 00:00:00',11),(872,1865,'2012-06-12 00:00:00',12),(873,4674,'2007-01-24 00:00:00',13),(874,3202,'2009-05-28 00:00:00',14),(875,4952,'2011-11-17 00:00:00',15),(876,2548,'2007-01-21 00:00:00',16),(877,3396,'2012-05-01 00:00:00',17),(878,4938,'2014-11-25 00:00:00',18),(879,3119,'2006-11-26 00:00:00',19),(880,1446,'2016-10-11 00:00:00',20),(881,4249,'2015-05-06 00:00:00',1),(882,3341,'2006-09-20 00:00:00',2),(883,2185,'2001-01-24 00:00:00',3),(884,2952,'2013-10-20 00:00:00',4),(885,4944,'2000-10-11 00:00:00',5),(886,1431,'1999-02-11 00:00:00',6),(887,4674,'1999-08-22 00:00:00',7),(888,560,'2005-06-12 00:00:00',8),(889,1097,'2012-02-01 00:00:00',9),(890,3962,'2009-04-25 00:00:00',10),(891,2103,'2015-10-08 00:00:00',11),(892,4235,'2008-01-18 00:00:00',12),(893,1843,'2013-10-11 00:00:00',13),(894,467,'2009-11-05 00:00:00',14),(895,4102,'1999-09-15 00:00:00',15),(896,419,'2013-03-16 00:00:00',16),(897,1652,'2014-12-14 00:00:00',17),(898,4855,'2004-09-07 00:00:00',18),(899,1860,'2010-03-02 00:00:00',19),(900,1365,'2002-11-26 00:00:00',20),(901,1355,'2010-09-06 00:00:00',1),(902,3001,'2005-10-05 00:00:00',2),(903,1793,'2014-05-15 00:00:00',3),(904,1227,'2004-11-25 00:00:00',4),(905,4968,'2007-12-04 00:00:00',5),(906,676,'2001-04-27 00:00:00',6),(907,1328,'2004-03-10 00:00:00',7),(908,2240,'2003-05-09 00:00:00',8),(909,4770,'2004-12-14 00:00:00',9),(910,2533,'2011-06-23 00:00:00',10),(911,836,'2005-05-07 00:00:00',11),(912,299,'2002-05-03 00:00:00',12),(913,3975,'2001-08-07 00:00:00',13),(914,761,'2013-12-22 00:00:00',14),(915,2669,'2013-01-13 00:00:00',15),(916,2655,'2014-02-16 00:00:00',16),(917,1616,'2016-07-13 00:00:00',17),(918,4207,'2004-01-25 00:00:00',18),(919,1652,'2009-11-03 00:00:00',19),(920,984,'2005-08-19 00:00:00',20),(921,2278,'2013-06-17 00:00:00',1),(922,2223,'2007-10-13 00:00:00',2),(923,4457,'2016-09-25 00:00:00',3),(924,473,'2001-09-26 00:00:00',4),(925,3373,'2013-05-03 00:00:00',5),(926,3531,'2014-07-28 00:00:00',6),(927,1367,'2008-04-24 00:00:00',7),(928,1223,'2008-04-01 00:00:00',8),(929,2788,'2003-11-16 00:00:00',9),(930,3097,'2014-02-05 00:00:00',10),(931,1822,'2012-10-12 00:00:00',11),(932,237,'2015-08-17 00:00:00',12),(933,1113,'2000-06-19 00:00:00',13),(934,4208,'2003-12-15 00:00:00',14),(935,3401,'2001-04-25 00:00:00',15),(936,2613,'2003-07-07 00:00:00',16),(937,547,'2002-02-14 00:00:00',17),(938,1409,'2004-04-09 00:00:00',18),(939,4103,'2007-08-26 00:00:00',19),(940,4757,'2008-12-03 00:00:00',20),(941,3689,'1999-05-22 00:00:00',1),(942,4166,'2009-04-23 00:00:00',2),(943,1952,'2004-05-07 00:00:00',3),(944,2670,'2003-12-01 00:00:00',4),(945,1659,'2004-12-21 00:00:00',5),(946,3274,'2005-12-03 00:00:00',6),(947,1815,'2000-04-20 00:00:00',7),(948,2325,'2006-08-20 00:00:00',8),(949,4643,'2001-01-16 00:00:00',9),(950,850,'2002-05-10 00:00:00',10),(951,1504,'2001-05-21 00:00:00',11),(952,3006,'2015-08-13 00:00:00',12),(953,2885,'2016-04-09 00:00:00',13),(954,596,'2014-03-11 00:00:00',14),(955,4073,'2007-04-23 00:00:00',15),(956,3824,'2006-01-18 00:00:00',16),(957,2144,'2011-11-04 00:00:00',17),(958,3784,'2001-11-28 00:00:00',18),(959,2273,'2011-08-27 00:00:00',19),(960,1608,'2001-04-11 00:00:00',20),(961,456,'2001-06-24 00:00:00',1),(962,1441,'2000-03-14 00:00:00',2),(963,3087,'2011-04-26 00:00:00',3),(964,4634,'2009-06-01 00:00:00',4),(965,4971,'2001-07-23 00:00:00',5),(966,2607,'2008-02-27 00:00:00',6),(967,4852,'2012-11-25 00:00:00',7),(968,2970,'2011-05-11 00:00:00',8),(969,3921,'2001-12-02 00:00:00',9),(970,1504,'2012-03-16 00:00:00',10),(971,386,'2016-02-09 00:00:00',11),(972,378,'2004-03-09 00:00:00',12),(973,3683,'2012-03-11 00:00:00',13),(974,3287,'2012-02-02 00:00:00',14),(975,344,'2008-09-27 00:00:00',15),(976,1224,'2010-08-16 00:00:00',16),(977,4929,'2003-11-28 00:00:00',17),(978,4533,'2014-10-10 00:00:00',18),(979,1500,'2003-06-05 00:00:00',19),(980,1174,'2015-08-09 00:00:00',20),(981,1107,'2000-11-02 00:00:00',1),(982,4040,'2008-08-08 00:00:00',2),(983,3882,'2010-08-25 00:00:00',3),(984,2772,'2002-12-13 00:00:00',4),(985,4395,'2002-03-12 00:00:00',5),(986,1594,'2006-08-04 00:00:00',6),(987,828,'2008-08-26 00:00:00',7),(988,3621,'2003-06-28 00:00:00',8),(989,2793,'2015-04-19 00:00:00',9),(990,3214,'2005-10-17 00:00:00',10),(991,2153,'1999-04-16 00:00:00',11),(992,638,'2016-02-15 00:00:00',12),(993,4236,'2010-03-15 00:00:00',13),(994,3076,'2000-03-10 00:00:00',14),(995,671,'2008-02-17 00:00:00',15),(996,4190,'2016-09-06 00:00:00',16),(997,3310,'2014-07-08 00:00:00',17),(998,3314,'1999-07-11 00:00:00',18),(999,822,'2011-11-28 00:00:00',19),(1000,4614,'2008-06-07 00:00:00',20),(1001,3014,'2011-08-02 00:00:00',1),(1002,4651,'2001-01-20 00:00:00',2),(1003,1630,'2015-04-11 00:00:00',3),(1004,4372,'2012-07-14 00:00:00',4),(1005,3133,'2004-01-13 00:00:00',5),(1006,4862,'2002-08-05 00:00:00',6),(1007,3815,'2010-04-12 00:00:00',7),(1008,2383,'2005-03-05 00:00:00',8),(1009,298,'2002-07-03 00:00:00',9),(1010,1311,'2001-12-15 00:00:00',10),(1011,442,'2014-10-12 00:00:00',11),(1012,3455,'2002-12-16 00:00:00',12),(1013,2651,'2010-09-18 00:00:00',13),(1014,2079,'2003-06-04 00:00:00',14),(1015,964,'2009-02-16 00:00:00',15),(1016,2397,'2008-11-18 00:00:00',16),(1017,2231,'2016-08-02 00:00:00',17),(1018,1116,'2010-05-22 00:00:00',18),(1019,2669,'1999-02-07 00:00:00',19),(1020,1097,'2006-09-04 00:00:00',20),(1021,1666,'2011-05-21 00:00:00',1),(1022,1748,'2014-07-03 00:00:00',2),(1023,2448,'2007-01-13 00:00:00',3),(1024,4688,'1999-09-03 00:00:00',4),(1025,961,'2006-10-12 00:00:00',5),(1026,3958,'2005-12-16 00:00:00',6),(1027,2221,'2003-01-06 00:00:00',7),(1028,1131,'2002-08-25 00:00:00',8),(1029,1423,'2001-04-13 00:00:00',9),(1030,1196,'2015-07-02 00:00:00',10),(1031,3074,'2003-08-11 00:00:00',11),(1032,3754,'1999-11-06 00:00:00',12),(1033,4922,'2015-08-03 00:00:00',13),(1034,3558,'2002-08-08 00:00:00',14),(1035,2578,'2005-10-10 00:00:00',15),(1036,3327,'2007-04-02 00:00:00',16),(1037,4018,'1999-01-04 00:00:00',17),(1038,4679,'2015-02-07 00:00:00',18),(1039,1163,'2008-06-12 00:00:00',19),(1040,1583,'2005-09-15 00:00:00',20),(1041,579,'2009-01-21 00:00:00',1),(1042,3357,'2008-11-17 00:00:00',2),(1043,3423,'2001-08-26 00:00:00',3),(1044,4779,'2013-09-13 00:00:00',4),(1045,1801,'2001-02-02 00:00:00',5),(1046,1568,'2013-03-04 00:00:00',6),(1047,3760,'2012-07-11 00:00:00',7),(1048,2686,'2000-09-26 00:00:00',8),(1049,3091,'2001-03-16 00:00:00',9),(1050,2968,'2004-11-18 00:00:00',10),(1051,2267,'2010-11-07 00:00:00',11),(1052,1002,'2005-06-16 00:00:00',12),(1053,4277,'2013-05-18 00:00:00',13),(1054,1498,'2001-12-22 00:00:00',14),(1055,1948,'2008-10-13 00:00:00',15),(1056,3403,'2005-11-26 00:00:00',16),(1057,2200,'2016-04-13 00:00:00',17),(1058,4278,'2010-02-12 00:00:00',18),(1059,4203,'2005-01-28 00:00:00',19),(1060,3879,'2000-04-14 00:00:00',20),(1061,1959,'2008-09-27 00:00:00',1),(1062,876,'2012-07-18 00:00:00',2),(1063,3129,'2013-10-03 00:00:00',3),(1064,3455,'2016-08-15 00:00:00',4),(1065,2447,'2010-12-11 00:00:00',5),(1066,3492,'2010-09-03 00:00:00',6),(1067,4316,'2008-02-11 00:00:00',7),(1068,3957,'2003-11-10 00:00:00',8),(1069,3557,'2004-08-13 00:00:00',9),(1070,3755,'2012-07-19 00:00:00',10),(1071,3981,'2016-11-22 00:00:00',11),(1072,463,'2006-01-03 00:00:00',12),(1073,2067,'2006-01-18 00:00:00',13),(1074,4022,'2010-03-28 00:00:00',14),(1075,2370,'2003-10-27 00:00:00',15),(1076,399,'2001-01-01 00:00:00',16),(1077,4095,'2015-07-21 00:00:00',17),(1078,3230,'2006-03-03 00:00:00',18),(1079,859,'2009-03-26 00:00:00',19),(1080,540,'2014-01-15 00:00:00',20),(1081,2430,'2010-12-16 00:00:00',1),(1082,1330,'2000-02-27 00:00:00',2),(1083,4895,'1999-06-17 00:00:00',3),(1084,965,'2013-04-03 00:00:00',4),(1085,1808,'2001-02-09 00:00:00',5),(1086,2791,'2006-02-10 00:00:00',6),(1087,623,'2006-01-04 00:00:00',7),(1088,4306,'1999-02-09 00:00:00',8),(1089,4477,'2000-02-26 00:00:00',9),(1090,2104,'2015-11-26 00:00:00',10),(1091,2586,'2015-11-04 00:00:00',11),(1092,2940,'1999-08-13 00:00:00',12),(1093,4214,'2004-12-23 00:00:00',13),(1094,250,'1999-06-14 00:00:00',14),(1095,2037,'2008-05-10 00:00:00',15),(1096,2157,'2011-09-14 00:00:00',16),(1097,4219,'2013-02-05 00:00:00',17),(1098,1316,'2013-04-18 00:00:00',18),(1099,1934,'2015-10-06 00:00:00',19),(1100,1550,'2013-05-02 00:00:00',20),(1101,1058,'2006-12-27 00:00:00',1),(1102,4517,'2014-04-21 00:00:00',2),(1103,4531,'2004-02-01 00:00:00',3),(1104,4417,'2006-12-01 00:00:00',4),(1105,641,'2005-03-10 00:00:00',5),(1106,4579,'2013-06-02 00:00:00',6),(1107,4961,'2001-10-26 00:00:00',7),(1108,1096,'2010-06-16 00:00:00',8),(1109,1291,'2010-09-10 00:00:00',9),(1110,4020,'2012-11-18 00:00:00',10),(1111,2043,'2015-01-18 00:00:00',11),(1112,3135,'2005-01-01 00:00:00',12),(1113,4806,'2006-10-26 00:00:00',13),(1114,3332,'2011-05-10 00:00:00',14),(1115,1305,'2011-09-28 00:00:00',15),(1116,2906,'2002-10-05 00:00:00',16),(1117,3829,'2003-02-21 00:00:00',17),(1118,4030,'2001-12-21 00:00:00',18),(1119,260,'2010-03-11 00:00:00',19),(1120,1107,'2007-08-09 00:00:00',20),(1121,3080,'2000-03-16 00:00:00',1),(1122,4384,'2008-04-26 00:00:00',2),(1123,3457,'2007-07-18 00:00:00',3),(1124,3779,'2006-04-25 00:00:00',4),(1125,756,'2015-04-14 00:00:00',5),(1126,2184,'2002-12-20 00:00:00',6),(1127,743,'2009-08-26 00:00:00',7),(1128,2382,'2012-01-13 00:00:00',8),(1129,4644,'2004-10-28 00:00:00',9),(1130,3572,'2016-11-04 00:00:00',10),(1131,328,'2014-07-03 00:00:00',11),(1132,1683,'2003-11-17 00:00:00',12),(1133,1977,'2005-09-12 00:00:00',13),(1134,2584,'2001-11-16 00:00:00',14),(1135,1093,'2001-04-20 00:00:00',15),(1136,2190,'2008-07-02 00:00:00',16),(1137,2037,'2003-07-25 00:00:00',17),(1138,2992,'2006-07-05 00:00:00',18),(1139,3562,'2008-07-05 00:00:00',19),(1140,1612,'2000-09-23 00:00:00',20),(1141,3799,'2009-05-14 00:00:00',1),(1142,1430,'2001-03-02 00:00:00',2),(1143,4450,'2009-09-28 00:00:00',3),(1144,3325,'2005-10-11 00:00:00',4),(1145,3157,'2009-08-28 00:00:00',5),(1146,4784,'2006-08-28 00:00:00',6),(1147,4461,'1999-01-08 00:00:00',7),(1148,1754,'2008-04-23 00:00:00',8),(1149,1975,'2011-03-23 00:00:00',9),(1150,232,'2009-03-03 00:00:00',10),(1151,4638,'2009-09-22 00:00:00',11),(1152,3226,'2002-03-25 00:00:00',12),(1153,3232,'1999-07-24 00:00:00',13),(1154,642,'2003-09-11 00:00:00',14),(1155,3102,'2009-01-22 00:00:00',15),(1156,4291,'2008-12-12 00:00:00',16),(1157,2680,'2016-01-22 00:00:00',17),(1158,1291,'2000-01-28 00:00:00',18),(1159,4022,'2007-05-13 00:00:00',19),(1160,4433,'2000-10-17 00:00:00',20),(1161,1918,'2008-10-19 00:00:00',1),(1162,3463,'2012-04-04 00:00:00',2),(1163,4214,'2006-12-14 00:00:00',3),(1164,2139,'2014-11-04 00:00:00',4),(1165,4467,'2011-07-13 00:00:00',5),(1166,657,'2000-01-12 00:00:00',6),(1167,3551,'2016-01-22 00:00:00',7),(1168,4446,'2009-03-19 00:00:00',8),(1169,4345,'2008-09-24 00:00:00',9),(1170,2333,'2016-08-04 00:00:00',10),(1171,1969,'1999-02-03 00:00:00',11),(1172,2290,'2006-09-08 00:00:00',12),(1173,4673,'2002-04-28 00:00:00',13),(1174,3290,'2006-09-23 00:00:00',14),(1175,1302,'2013-01-22 00:00:00',15),(1176,1100,'2008-05-25 00:00:00',16),(1177,2228,'2005-03-03 00:00:00',17),(1178,3412,'2010-05-24 00:00:00',18),(1179,2817,'2015-01-08 00:00:00',19),(1180,4670,'2009-01-16 00:00:00',20),(1181,2379,'2014-02-15 00:00:00',1),(1182,4650,'1999-01-24 00:00:00',2),(1183,3275,'2013-04-08 00:00:00',3),(1184,3360,'2003-04-22 00:00:00',4),(1185,4939,'2006-12-12 00:00:00',5),(1186,491,'2002-09-22 00:00:00',6),(1187,3966,'2006-06-23 00:00:00',7),(1188,2402,'2011-10-23 00:00:00',8),(1189,739,'2013-08-12 00:00:00',9),(1190,3098,'2007-11-03 00:00:00',10),(1191,3458,'2005-09-01 00:00:00',11),(1192,2152,'2015-04-06 00:00:00',12),(1193,2890,'2011-07-11 00:00:00',13),(1194,2073,'2002-01-04 00:00:00',14),(1195,2182,'2003-06-18 00:00:00',15),(1196,3039,'2001-04-21 00:00:00',16),(1197,2275,'2002-10-17 00:00:00',17),(1198,2413,'2000-11-26 00:00:00',18),(1199,2479,'2002-08-11 00:00:00',19),(1200,3377,'1999-01-07 00:00:00',20),(1201,4875,'1999-02-19 00:00:00',1),(1202,1429,'2016-06-01 00:00:00',2),(1203,2256,'2015-01-02 00:00:00',3),(1204,4477,'2002-12-26 00:00:00',4),(1205,2110,'2011-10-20 00:00:00',5),(1206,4755,'2008-05-25 00:00:00',6),(1207,3952,'2014-07-20 00:00:00',7),(1208,1470,'2016-12-05 00:00:00',8),(1209,858,'2011-06-19 00:00:00',9),(1210,2703,'2003-08-11 00:00:00',10),(1211,1697,'2008-02-21 00:00:00',11),(1212,969,'2003-11-04 00:00:00',12),(1213,2154,'2004-01-16 00:00:00',13),(1214,4470,'2009-03-04 00:00:00',14),(1215,3899,'2006-10-25 00:00:00',15),(1216,3756,'2002-06-16 00:00:00',16),(1217,4471,'2008-07-07 00:00:00',17),(1218,3512,'2010-05-11 00:00:00',18),(1219,4017,'2010-01-24 00:00:00',19),(1220,1007,'2005-12-01 00:00:00',20),(1221,960,'2006-10-23 00:00:00',1),(1222,1521,'2006-09-20 00:00:00',2),(1223,4038,'2016-01-20 00:00:00',3),(1224,2537,'2003-03-08 00:00:00',4),(1225,1351,'2007-10-01 00:00:00',5),(1226,1012,'2010-12-25 00:00:00',6),(1227,441,'2009-07-23 00:00:00',7),(1228,2311,'2014-10-20 00:00:00',8),(1229,4970,'2010-03-18 00:00:00',9),(1230,3515,'2005-04-03 00:00:00',10),(1231,4958,'2012-08-25 00:00:00',11),(1232,2978,'2007-04-05 00:00:00',12),(1233,375,'2011-10-02 00:00:00',13),(1234,432,'2007-09-08 00:00:00',14),(1235,1167,'2004-03-21 00:00:00',15),(1236,3018,'2013-11-05 00:00:00',16),(1237,2655,'2014-04-16 00:00:00',17),(1238,3575,'1999-08-19 00:00:00',18),(1239,4376,'2004-09-11 00:00:00',19),(1240,2633,'2001-01-02 00:00:00',20),(1241,3175,'2009-02-24 00:00:00',1),(1242,4740,'2008-11-05 00:00:00',2),(1243,4142,'2008-10-08 00:00:00',3),(1244,4552,'2006-03-05 00:00:00',4),(1245,2785,'2011-12-23 00:00:00',5),(1246,1666,'2015-12-14 00:00:00',6),(1247,950,'2009-10-21 00:00:00',7),(1248,2896,'2000-06-08 00:00:00',8),(1249,4200,'2011-09-15 00:00:00',9),(1250,4048,'2015-09-10 00:00:00',10),(1251,3208,'2009-06-19 00:00:00',11),(1252,3914,'2009-08-23 00:00:00',12),(1253,412,'2004-09-11 00:00:00',13),(1254,4897,'2008-06-12 00:00:00',14),(1255,2332,'2010-10-12 00:00:00',15),(1256,2896,'2002-02-09 00:00:00',16),(1257,4641,'2006-06-23 00:00:00',17),(1258,4478,'2002-06-10 00:00:00',18),(1259,910,'2002-03-15 00:00:00',19),(1260,1948,'2010-12-19 00:00:00',20),(1261,4184,'2001-12-13 00:00:00',1),(1262,2207,'2009-06-22 00:00:00',2),(1263,2847,'2001-10-25 00:00:00',3),(1264,2807,'2005-11-02 00:00:00',4),(1265,2704,'2002-07-20 00:00:00',5),(1266,3235,'2002-05-12 00:00:00',6),(1267,1537,'2000-08-17 00:00:00',7),(1268,2910,'2008-12-03 00:00:00',8),(1269,1507,'2014-02-14 00:00:00',9),(1270,3442,'2008-09-04 00:00:00',10),(1271,1775,'2000-08-16 00:00:00',11),(1272,3374,'2008-10-12 00:00:00',12),(1273,2167,'2003-10-11 00:00:00',13),(1274,3241,'2003-02-13 00:00:00',14),(1275,2704,'2008-11-23 00:00:00',15),(1276,1984,'2016-05-11 00:00:00',16),(1277,3477,'2013-05-20 00:00:00',17),(1278,4272,'1999-09-06 00:00:00',18),(1279,422,'1999-12-11 00:00:00',19),(1280,2660,'2001-08-02 00:00:00',20),(1281,2614,'2013-07-01 00:00:00',1),(1282,1927,'2016-06-25 00:00:00',2),(1283,1540,'2004-08-09 00:00:00',3),(1284,1650,'2007-05-01 00:00:00',4),(1285,3080,'2012-06-02 00:00:00',5),(1286,2290,'2000-04-17 00:00:00',6),(1287,3045,'2007-10-07 00:00:00',7),(1288,4410,'2016-01-19 00:00:00',8),(1289,3805,'2009-07-07 00:00:00',9),(1290,1961,'2005-05-21 00:00:00',10),(1291,910,'2002-04-03 00:00:00',11),(1292,2865,'2003-04-07 00:00:00',12),(1293,272,'2012-02-11 00:00:00',13),(1294,1723,'2015-06-28 00:00:00',14),(1295,4201,'2006-12-12 00:00:00',15),(1296,3300,'2007-01-14 00:00:00',16),(1297,4995,'2011-12-12 00:00:00',17),(1298,656,'2009-03-07 00:00:00',18),(1299,2940,'2006-03-12 00:00:00',19),(1300,3042,'2001-11-28 00:00:00',20),(1301,3463,'2005-01-18 00:00:00',1),(1302,1657,'2009-12-12 00:00:00',2),(1303,2917,'2000-11-28 00:00:00',3),(1304,2214,'2003-11-23 00:00:00',4),(1305,478,'2014-04-04 00:00:00',5),(1306,3966,'2003-01-19 00:00:00',6),(1307,4453,'2004-07-10 00:00:00',7),(1308,1036,'2015-06-11 00:00:00',8),(1309,475,'2001-01-17 00:00:00',9),(1310,3341,'2010-07-23 00:00:00',10),(1311,3081,'2000-12-06 00:00:00',11),(1312,2175,'2008-09-03 00:00:00',12),(1313,2795,'2014-08-23 00:00:00',13),(1314,4583,'2000-08-15 00:00:00',14),(1315,1688,'2008-03-21 00:00:00',15),(1316,2265,'2013-10-06 00:00:00',16),(1317,3133,'2010-08-26 00:00:00',17),(1318,3247,'2010-12-21 00:00:00',18),(1319,2060,'2011-11-07 00:00:00',19),(1320,1002,'2002-02-24 00:00:00',20),(1321,4174,'2003-11-12 00:00:00',1),(1322,1282,'2015-11-07 00:00:00',2),(1323,357,'2016-04-02 00:00:00',3),(1324,4672,'2001-10-08 00:00:00',4),(1325,4257,'2015-09-04 00:00:00',5),(1326,2798,'2006-08-08 00:00:00',6),(1327,4681,'2002-02-09 00:00:00',7),(1328,454,'2001-12-16 00:00:00',8),(1329,1915,'2001-08-17 00:00:00',9),(1330,417,'2013-02-14 00:00:00',10),(1331,1967,'2009-07-14 00:00:00',11),(1332,3452,'2011-11-26 00:00:00',12),(1333,1215,'2016-03-26 00:00:00',13),(1334,3356,'1999-04-03 00:00:00',14),(1335,2360,'2003-01-12 00:00:00',15),(1336,2307,'2010-09-20 00:00:00',16),(1337,1623,'2002-05-13 00:00:00',17),(1338,4310,'2005-02-14 00:00:00',18),(1339,3375,'2007-01-20 00:00:00',19),(1340,456,'2006-03-11 00:00:00',20),(1341,306,'2006-08-23 00:00:00',1),(1342,2682,'2009-09-27 00:00:00',2),(1343,2753,'2000-07-18 00:00:00',3),(1344,1813,'2002-08-07 00:00:00',4),(1345,4479,'2002-12-26 00:00:00',5),(1346,1497,'2002-03-04 00:00:00',6),(1347,3048,'2002-03-13 00:00:00',7),(1348,3869,'2010-12-23 00:00:00',8),(1349,2626,'2011-12-28 00:00:00',9),(1350,1364,'2013-11-04 00:00:00',10),(1351,1186,'2012-03-05 00:00:00',11),(1352,3678,'2000-04-14 00:00:00',12),(1353,2659,'2004-04-09 00:00:00',13),(1354,3861,'2003-10-08 00:00:00',14),(1355,2787,'2012-06-08 00:00:00',15),(1356,1259,'2001-11-17 00:00:00',16),(1357,3396,'2003-12-06 00:00:00',17),(1358,833,'2009-04-05 00:00:00',18),(1359,2115,'2015-12-21 00:00:00',19),(1360,3902,'2012-11-21 00:00:00',20),(1361,521,'2014-05-25 00:00:00',1),(1362,2425,'2015-07-02 00:00:00',2),(1363,4281,'2000-09-20 00:00:00',3),(1364,3056,'1999-07-05 00:00:00',4),(1365,3103,'2010-01-18 00:00:00',5),(1366,1937,'2007-03-14 00:00:00',6),(1367,4313,'2011-08-08 00:00:00',7),(1368,4852,'2009-07-13 00:00:00',8),(1369,1250,'2008-07-21 00:00:00',9),(1370,1075,'2004-12-13 00:00:00',10),(1371,3817,'2013-01-02 00:00:00',11),(1372,4518,'2013-01-17 00:00:00',12),(1373,256,'2003-02-22 00:00:00',13),(1374,1715,'2006-04-14 00:00:00',14),(1375,286,'2014-04-12 00:00:00',15),(1376,3345,'2015-02-03 00:00:00',16),(1377,1158,'2007-02-24 00:00:00',17),(1378,2721,'2006-05-21 00:00:00',18),(1379,4743,'1999-06-23 00:00:00',19),(1380,3095,'2002-06-14 00:00:00',20),(1381,4155,'2004-06-25 00:00:00',1),(1382,765,'2012-01-28 00:00:00',2),(1383,568,'2001-06-19 00:00:00',3),(1384,3326,'2009-04-22 00:00:00',4),(1385,3200,'2012-12-15 00:00:00',5),(1386,1995,'1999-08-21 00:00:00',6),(1387,2190,'2005-09-02 00:00:00',7),(1388,2055,'2014-03-16 00:00:00',8),(1389,504,'2011-06-11 00:00:00',9),(1390,1881,'2004-05-13 00:00:00',10),(1391,1955,'2001-04-02 00:00:00',11),(1392,1129,'2002-06-09 00:00:00',12),(1393,1069,'2010-01-21 00:00:00',13),(1394,4391,'2015-06-03 00:00:00',14),(1395,2527,'2013-04-03 00:00:00',15),(1396,1962,'2008-08-05 00:00:00',16),(1397,1239,'2014-06-09 00:00:00',17),(1398,2608,'2011-02-06 00:00:00',18),(1399,804,'2002-11-19 00:00:00',19),(1400,3801,'2008-01-02 00:00:00',20),(1401,4063,'2003-07-23 00:00:00',1),(1402,3478,'2007-12-19 00:00:00',2),(1403,3301,'2014-11-22 00:00:00',3),(1404,1931,'2009-02-04 00:00:00',4),(1405,3912,'2003-01-03 00:00:00',5),(1406,2604,'2012-02-05 00:00:00',6),(1407,4076,'2012-02-20 00:00:00',7),(1408,1790,'1999-01-20 00:00:00',8),(1409,715,'2010-04-23 00:00:00',9),(1410,3757,'2004-05-09 00:00:00',10),(1411,2013,'2015-09-15 00:00:00',11),(1412,4150,'2011-07-03 00:00:00',12),(1413,3922,'2008-07-28 00:00:00',13),(1414,1822,'2016-09-24 00:00:00',14),(1415,4987,'2003-12-23 00:00:00',15),(1416,622,'2002-10-16 00:00:00',16),(1417,3485,'2005-02-25 00:00:00',17),(1418,4852,'2015-01-18 00:00:00',18),(1419,629,'2003-10-07 00:00:00',19),(1420,481,'2009-02-02 00:00:00',20),(1421,4694,'2004-07-13 00:00:00',1),(1422,2707,'2005-05-19 00:00:00',2),(1423,4211,'2013-03-06 00:00:00',3),(1424,2440,'2011-08-06 00:00:00',4),(1425,2846,'2014-09-26 00:00:00',5),(1426,2924,'2012-04-25 00:00:00',6),(1427,3303,'2001-12-19 00:00:00',7),(1428,859,'2009-01-27 00:00:00',8),(1429,2342,'2012-04-17 00:00:00',9),(1430,3576,'2003-06-05 00:00:00',10),(1431,1112,'2005-08-11 00:00:00',11),(1432,3502,'2012-05-01 00:00:00',12),(1433,341,'2015-05-21 00:00:00',13),(1434,772,'1999-07-21 00:00:00',14),(1435,2402,'2006-10-27 00:00:00',15),(1436,2611,'2008-03-28 00:00:00',16),(1437,4613,'2008-05-01 00:00:00',17),(1438,3479,'2010-09-22 00:00:00',18),(1439,3805,'2012-06-28 00:00:00',19),(1440,4423,'2003-03-13 00:00:00',20),(1441,3391,'1999-07-04 00:00:00',1),(1442,3921,'2007-04-10 00:00:00',2),(1443,2854,'1999-11-24 00:00:00',3),(1444,1665,'2009-08-19 00:00:00',4),(1445,2977,'2003-11-17 00:00:00',5),(1446,302,'1999-06-06 00:00:00',6),(1447,1692,'1999-02-28 00:00:00',7),(1448,919,'2000-01-12 00:00:00',8),(1449,3595,'2013-09-11 00:00:00',9),(1450,4946,'2003-08-26 00:00:00',10),(1451,868,'2004-09-10 00:00:00',11),(1452,4051,'2014-05-13 00:00:00',12),(1453,4887,'2001-12-01 00:00:00',13),(1454,3792,'2007-10-09 00:00:00',14),(1455,1884,'2009-09-26 00:00:00',15),(1456,810,'2009-11-28 00:00:00',16),(1457,440,'2007-06-01 00:00:00',17),(1458,3264,'2010-06-17 00:00:00',18),(1459,4688,'2009-06-03 00:00:00',19),(1460,4487,'2000-10-14 00:00:00',20),(1461,4615,'2003-06-13 00:00:00',1),(1462,4820,'2008-06-04 00:00:00',2),(1463,3957,'2014-05-21 00:00:00',3),(1464,1664,'2005-10-22 00:00:00',4),(1465,3469,'2008-01-13 00:00:00',5),(1466,1560,'2000-02-02 00:00:00',6),(1467,3824,'2014-10-04 00:00:00',7),(1468,1373,'2014-06-13 00:00:00',8),(1469,1889,'2006-09-14 00:00:00',9),(1470,4721,'2011-02-24 00:00:00',10),(1471,3087,'2012-08-13 00:00:00',11),(1472,3718,'2009-03-10 00:00:00',12),(1473,4147,'2012-05-01 00:00:00',13),(1474,3376,'2012-01-24 00:00:00',14),(1475,3212,'2009-02-22 00:00:00',15),(1476,2556,'2014-07-23 00:00:00',16),(1477,1683,'2010-08-22 00:00:00',17),(1478,1547,'2003-05-25 00:00:00',18),(1479,3877,'2011-01-22 00:00:00',19),(1480,3386,'2010-03-14 00:00:00',20),(1481,454,'2010-09-06 00:00:00',1),(1482,2164,'2014-06-13 00:00:00',2),(1483,923,'2012-03-03 00:00:00',3),(1484,1869,'2013-12-14 00:00:00',4),(1485,2421,'2004-12-26 00:00:00',5),(1486,4300,'2006-03-16 00:00:00',6),(1487,3633,'2000-03-03 00:00:00',7),(1488,533,'2000-11-01 00:00:00',8),(1489,974,'2000-06-23 00:00:00',9),(1490,1398,'2002-08-09 00:00:00',10),(1491,4284,'1999-03-02 00:00:00',11),(1492,265,'2003-01-03 00:00:00',12),(1493,3040,'2003-01-18 00:00:00',13),(1494,4225,'2005-10-10 00:00:00',14),(1495,3132,'2012-08-09 00:00:00',15),(1496,4646,'2011-01-22 00:00:00',16),(1497,4781,'2011-03-02 00:00:00',17),(1498,4835,'2000-01-27 00:00:00',18),(1499,1715,'2016-05-09 00:00:00',19),(1500,4569,'2012-11-26 00:00:00',20),(1501,1757,'2004-07-26 00:00:00',1),(1502,4171,'1999-08-19 00:00:00',2),(1503,2811,'2002-01-15 00:00:00',3),(1504,1614,'2016-12-07 00:00:00',4),(1505,2597,'2008-08-01 00:00:00',5),(1506,769,'2003-09-23 00:00:00',6),(1507,3886,'2005-10-02 00:00:00',7),(1508,4266,'2001-09-22 00:00:00',8),(1509,4201,'2007-02-08 00:00:00',9),(1510,1860,'2006-02-03 00:00:00',10),(1511,277,'2007-06-16 00:00:00',11),(1512,849,'2014-08-09 00:00:00',12),(1513,4484,'2016-02-03 00:00:00',13),(1514,3826,'2009-05-07 00:00:00',14),(1515,3127,'2011-03-14 00:00:00',15),(1516,3775,'2010-04-25 00:00:00',16),(1517,2850,'2014-01-03 00:00:00',17),(1518,2720,'2007-01-14 00:00:00',18),(1519,1494,'2011-03-11 00:00:00',19),(1520,925,'2010-10-18 00:00:00',20),(1521,2060,'1999-08-19 00:00:00',1),(1522,2036,'2006-01-03 00:00:00',2),(1523,2230,'2006-03-25 00:00:00',3),(1524,1920,'2013-11-22 00:00:00',4),(1525,1099,'2015-08-10 00:00:00',5),(1526,1488,'2014-08-08 00:00:00',6),(1527,1786,'2016-09-28 00:00:00',7),(1528,431,'2014-09-03 00:00:00',8),(1529,2796,'2010-07-22 00:00:00',9),(1530,4237,'2004-08-12 00:00:00',10),(1531,4299,'2006-11-14 00:00:00',11),(1532,3082,'2013-03-25 00:00:00',12),(1533,3215,'1999-06-12 00:00:00',13),(1534,1620,'2009-03-17 00:00:00',14),(1535,1724,'2002-10-06 00:00:00',15),(1536,3474,'2008-07-04 00:00:00',16),(1537,1920,'2014-02-13 00:00:00',17),(1538,4164,'2008-12-08 00:00:00',18),(1539,2588,'2013-07-08 00:00:00',19),(1540,3557,'1999-11-15 00:00:00',20),(1541,739,'2004-01-10 00:00:00',1),(1542,2942,'2009-07-10 00:00:00',2),(1543,1209,'2007-06-10 00:00:00',3),(1544,4137,'2005-06-22 00:00:00',4),(1545,3766,'1999-01-09 00:00:00',5),(1546,1307,'2003-12-02 00:00:00',6),(1547,996,'2014-10-27 00:00:00',7),(1548,3922,'2009-12-25 00:00:00',8),(1549,4301,'2012-10-13 00:00:00',9),(1550,840,'2004-10-07 00:00:00',10),(1551,4282,'2006-11-25 00:00:00',11),(1552,4098,'2012-12-09 00:00:00',12),(1553,4492,'2016-07-28 00:00:00',13),(1554,4280,'1999-03-16 00:00:00',14),(1555,4956,'2008-11-22 00:00:00',15),(1556,2178,'2008-07-13 00:00:00',16),(1557,3645,'2015-11-02 00:00:00',17),(1558,2766,'1999-07-05 00:00:00',18),(1559,4733,'2004-02-21 00:00:00',19),(1560,4372,'2016-07-07 00:00:00',20),(1561,2377,'2009-10-17 00:00:00',1),(1562,253,'2005-08-25 00:00:00',2),(1563,592,'2016-04-04 00:00:00',3),(1564,3289,'2005-02-28 00:00:00',4),(1565,3591,'2004-09-23 00:00:00',5),(1566,4242,'2015-05-08 00:00:00',6),(1567,911,'2014-10-28 00:00:00',7),(1568,293,'2010-02-14 00:00:00',8),(1569,2585,'2012-03-22 00:00:00',9),(1570,2525,'2005-02-05 00:00:00',10),(1571,663,'2002-11-01 00:00:00',11),(1572,1461,'2006-07-02 00:00:00',12),(1573,435,'2015-02-02 00:00:00',13),(1574,504,'2004-05-06 00:00:00',14),(1575,485,'2013-10-10 00:00:00',15),(1576,4851,'1999-03-15 00:00:00',16),(1577,3082,'2014-06-25 00:00:00',17),(1578,1295,'2001-04-04 00:00:00',18),(1579,1490,'2009-09-08 00:00:00',19),(1580,1412,'2009-07-09 00:00:00',20),(1581,1092,'2001-09-08 00:00:00',1),(1582,2764,'2016-03-16 00:00:00',2),(1583,2639,'2005-11-15 00:00:00',3),(1584,1048,'2009-09-04 00:00:00',4),(1585,783,'2004-07-19 00:00:00',5),(1586,3418,'2003-03-02 00:00:00',6),(1587,2662,'2014-12-17 00:00:00',7),(1588,3428,'2003-01-24 00:00:00',8),(1589,1114,'2003-11-06 00:00:00',9),(1590,3075,'2008-02-06 00:00:00',10),(1591,3248,'2015-02-01 00:00:00',11),(1592,984,'2016-01-26 00:00:00',12),(1593,4138,'2009-09-19 00:00:00',13),(1594,4030,'2010-07-04 00:00:00',14),(1595,315,'2005-08-25 00:00:00',15),(1596,2505,'2004-01-08 00:00:00',16),(1597,4233,'2010-04-03 00:00:00',17),(1598,1676,'2004-09-04 00:00:00',18),(1599,850,'2008-09-19 00:00:00',19),(1600,1551,'2001-04-19 00:00:00',20),(1601,917,'1999-10-26 00:00:00',1),(1602,4460,'2004-02-28 00:00:00',2),(1603,2492,'2014-10-03 00:00:00',3),(1604,3386,'2015-05-16 00:00:00',4),(1605,2254,'2012-03-28 00:00:00',5),(1606,3451,'2005-04-02 00:00:00',6),(1607,4047,'2016-08-27 00:00:00',7),(1608,2017,'2016-05-13 00:00:00',8),(1609,3142,'2013-06-12 00:00:00',9),(1610,229,'2016-05-27 00:00:00',10),(1611,3881,'2002-05-27 00:00:00',11),(1612,2668,'2006-02-08 00:00:00',12),(1613,3721,'2006-12-01 00:00:00',13),(1614,1885,'2000-01-16 00:00:00',14),(1615,342,'2011-12-18 00:00:00',15),(1616,2768,'2012-02-08 00:00:00',16),(1617,655,'2002-04-16 00:00:00',17),(1618,1680,'2012-09-13 00:00:00',18),(1619,1119,'2010-03-21 00:00:00',19),(1620,1186,'2001-05-08 00:00:00',20),(1621,4921,'2011-01-21 00:00:00',1),(1622,3572,'2004-08-23 00:00:00',2),(1623,4333,'2016-12-21 00:00:00',3),(1624,4528,'2014-02-08 00:00:00',4),(1625,1372,'2003-12-25 00:00:00',5),(1626,1942,'2004-01-16 00:00:00',6),(1627,3234,'2014-12-15 00:00:00',7),(1628,886,'2001-11-17 00:00:00',8),(1629,2542,'2011-02-05 00:00:00',9),(1630,2762,'2007-01-11 00:00:00',10),(1631,1285,'2004-04-13 00:00:00',11),(1632,790,'2013-06-24 00:00:00',12),(1633,2463,'2008-11-12 00:00:00',13),(1634,1381,'2015-09-10 00:00:00',14),(1635,3616,'2003-04-21 00:00:00',15),(1636,4658,'2013-03-16 00:00:00',16),(1637,2470,'2000-06-17 00:00:00',17),(1638,1184,'2003-08-04 00:00:00',18),(1639,4975,'2015-08-02 00:00:00',19),(1640,1879,'2002-11-26 00:00:00',20),(1641,1163,'2016-06-07 00:00:00',1),(1642,3763,'2008-09-16 00:00:00',2),(1643,4829,'2000-02-15 00:00:00',3),(1644,2311,'2001-09-12 00:00:00',4),(1645,4849,'2000-07-28 00:00:00',5),(1646,2139,'2007-11-21 00:00:00',6),(1647,2745,'2015-12-01 00:00:00',7),(1648,581,'2008-03-19 00:00:00',8),(1649,3983,'2013-02-28 00:00:00',9),(1650,2856,'2008-02-10 00:00:00',10),(1651,1943,'2009-05-26 00:00:00',11),(1652,3099,'2015-06-25 00:00:00',12),(1653,989,'2004-08-26 00:00:00',13),(1654,2591,'2010-04-19 00:00:00',14),(1655,4427,'2015-03-11 00:00:00',15),(1656,4751,'2008-02-01 00:00:00',16),(1657,4191,'2016-11-12 00:00:00',17),(1658,1765,'2000-11-09 00:00:00',18),(1659,2362,'2015-10-27 00:00:00',19),(1660,3999,'2004-10-01 00:00:00',20),(1661,2365,'2005-12-05 00:00:00',1),(1662,403,'2007-10-17 00:00:00',2),(1663,3721,'2001-12-06 00:00:00',3),(1664,2939,'2014-08-16 00:00:00',4),(1665,608,'2016-06-18 00:00:00',5),(1666,3060,'2014-09-25 00:00:00',6),(1667,4782,'2016-08-07 00:00:00',7),(1668,3212,'2008-08-11 00:00:00',8),(1669,1381,'2014-05-17 00:00:00',9),(1670,1993,'2001-09-24 00:00:00',10),(1671,2838,'2016-01-03 00:00:00',11),(1672,2001,'2013-03-26 00:00:00',12),(1673,1898,'2004-05-01 00:00:00',13),(1674,3647,'2007-10-06 00:00:00',14),(1675,3901,'2007-08-03 00:00:00',15),(1676,274,'2001-08-16 00:00:00',16),(1677,4637,'2002-08-01 00:00:00',17),(1678,2226,'2002-10-18 00:00:00',18),(1679,2546,'1999-02-28 00:00:00',19),(1680,1755,'1999-07-16 00:00:00',20),(1681,1989,'2009-03-23 00:00:00',1),(1682,1008,'2007-02-27 00:00:00',2),(1683,3548,'2011-02-09 00:00:00',3),(1684,377,'2008-12-09 00:00:00',4),(1685,3898,'2012-10-14 00:00:00',5),(1686,4321,'2011-02-25 00:00:00',6),(1687,2477,'2012-10-26 00:00:00',7),(1688,2317,'1999-07-07 00:00:00',8),(1689,3281,'2016-06-01 00:00:00',9),(1690,2113,'1999-04-08 00:00:00',10),(1691,1601,'2009-05-16 00:00:00',11),(1692,3181,'2007-12-10 00:00:00',12),(1693,1417,'2003-08-16 00:00:00',13),(1694,2940,'2015-02-19 00:00:00',14),(1695,1041,'2005-01-17 00:00:00',15),(1696,370,'2014-09-26 00:00:00',16),(1697,4070,'2014-02-20 00:00:00',17),(1698,286,'2004-05-08 00:00:00',18),(1699,234,'2001-08-15 00:00:00',19),(1700,2793,'2014-07-26 00:00:00',20),(1701,716,'2016-05-24 00:00:00',1),(1702,3113,'2001-10-23 00:00:00',2),(1703,4479,'2014-06-25 00:00:00',3),(1704,2381,'2001-12-13 00:00:00',4),(1705,1234,'2010-11-09 00:00:00',5),(1706,4056,'2016-05-16 00:00:00',6),(1707,779,'1999-09-02 00:00:00',7),(1708,1764,'1999-10-24 00:00:00',8),(1709,2409,'2008-02-15 00:00:00',9),(1710,227,'2011-07-28 00:00:00',10),(1711,2106,'2012-05-13 00:00:00',11),(1712,2750,'2008-08-27 00:00:00',12),(1713,3341,'2012-11-05 00:00:00',13),(1714,3163,'2008-10-20 00:00:00',14),(1715,3579,'2011-03-01 00:00:00',15),(1716,1476,'2012-12-23 00:00:00',16),(1717,658,'2013-07-19 00:00:00',17),(1718,478,'2013-06-01 00:00:00',18),(1719,1367,'2011-02-02 00:00:00',19),(1720,1546,'2004-09-22 00:00:00',20),(1721,1412,'2015-08-10 00:00:00',1),(1722,3405,'2009-11-01 00:00:00',2),(1723,2755,'2015-06-13 00:00:00',3),(1724,1381,'2015-12-19 00:00:00',4),(1725,3380,'2001-12-13 00:00:00',5),(1726,4493,'2007-02-08 00:00:00',6),(1727,2999,'2009-12-26 00:00:00',7),(1728,4461,'2015-03-02 00:00:00',8),(1729,4265,'2009-04-21 00:00:00',9),(1730,2246,'2008-06-10 00:00:00',10),(1731,3437,'2014-01-02 00:00:00',11),(1732,462,'2014-07-05 00:00:00',12),(1733,2578,'2007-10-03 00:00:00',13),(1734,2486,'2016-09-27 00:00:00',14),(1735,4638,'2016-04-06 00:00:00',15),(1736,2590,'2007-09-03 00:00:00',16),(1737,4848,'2009-08-10 00:00:00',17),(1738,1508,'2007-03-04 00:00:00',18),(1739,2229,'2003-09-08 00:00:00',19),(1740,3415,'2002-11-13 00:00:00',20),(1741,4025,'2012-08-10 00:00:00',1),(1742,889,'2001-04-11 00:00:00',2),(1743,4717,'2015-11-06 00:00:00',3),(1744,2839,'2005-06-07 00:00:00',4),(1745,514,'2004-04-16 00:00:00',5),(1746,3190,'2004-12-11 00:00:00',6),(1747,4665,'2007-04-20 00:00:00',7),(1748,1599,'2014-09-25 00:00:00',8),(1749,3630,'2013-11-10 00:00:00',9),(1750,2753,'2007-11-05 00:00:00',10),(1751,2283,'2013-05-18 00:00:00',11),(1752,4099,'2005-11-15 00:00:00',12),(1753,1072,'2009-09-14 00:00:00',13),(1754,1260,'2010-10-21 00:00:00',14),(1755,4184,'2016-09-08 00:00:00',15),(1756,2943,'2009-12-08 00:00:00',16),(1757,3781,'2011-11-16 00:00:00',17),(1758,3306,'2013-12-11 00:00:00',18),(1759,2523,'2001-02-16 00:00:00',19),(1760,1762,'2003-07-28 00:00:00',20),(1761,1739,'2001-05-11 00:00:00',1),(1762,2912,'2007-12-19 00:00:00',2),(1763,2951,'2006-11-02 00:00:00',3),(1764,693,'2013-03-25 00:00:00',4),(1765,3589,'2004-11-28 00:00:00',5),(1766,227,'2011-04-01 00:00:00',6),(1767,4531,'2009-05-23 00:00:00',7),(1768,796,'2001-06-10 00:00:00',8),(1769,2594,'2006-09-08 00:00:00',9),(1770,4321,'2013-10-10 00:00:00',10),(1771,343,'2003-05-07 00:00:00',11),(1772,4815,'2011-11-16 00:00:00',12),(1773,3999,'1999-06-17 00:00:00',13),(1774,3149,'2009-12-21 00:00:00',14),(1775,2949,'2010-07-21 00:00:00',15),(1776,3036,'2007-12-23 00:00:00',16),(1777,3227,'2010-11-02 00:00:00',17),(1778,4148,'2005-12-17 00:00:00',18),(1779,1180,'2002-06-12 00:00:00',19),(1780,862,'2015-02-14 00:00:00',20),(1781,711,'2010-01-04 00:00:00',1),(1782,4258,'2003-01-11 00:00:00',2),(1783,2388,'2000-12-01 00:00:00',3),(1784,1759,'2016-06-02 00:00:00',4),(1785,1856,'1999-10-27 00:00:00',5),(1786,1870,'2002-05-06 00:00:00',6),(1787,2867,'2013-06-15 00:00:00',7),(1788,1250,'2011-03-03 00:00:00',8),(1789,4171,'2014-09-11 00:00:00',9),(1790,1474,'2013-05-09 00:00:00',10),(1791,3954,'1999-04-16 00:00:00',11),(1792,451,'2005-11-07 00:00:00',12),(1793,729,'2007-03-10 00:00:00',13),(1794,1175,'2012-06-04 00:00:00',14),(1795,3818,'2010-04-16 00:00:00',15),(1796,1737,'1999-07-04 00:00:00',16),(1797,4975,'2011-08-01 00:00:00',17),(1798,818,'2007-02-16 00:00:00',18),(1799,4494,'2000-11-13 00:00:00',19),(1800,4409,'2009-12-27 00:00:00',20),(1801,2207,'2006-04-04 00:00:00',1),(1802,4602,'1999-08-14 00:00:00',2),(1803,296,'2005-10-28 00:00:00',3),(1804,3513,'2006-08-28 00:00:00',4),(1805,2591,'2007-06-08 00:00:00',5),(1806,4967,'2002-12-19 00:00:00',6),(1807,1101,'2004-04-22 00:00:00',7),(1808,1651,'1999-04-10 00:00:00',8),(1809,2836,'2000-06-10 00:00:00',9),(1810,4465,'2001-01-06 00:00:00',10),(1811,4259,'2001-08-28 00:00:00',11),(1812,3678,'1999-05-02 00:00:00',12),(1813,1442,'2007-04-18 00:00:00',13),(1814,3443,'2011-05-01 00:00:00',14),(1815,3426,'2003-09-14 00:00:00',15),(1816,4465,'2007-10-12 00:00:00',16),(1817,1837,'2009-07-11 00:00:00',17),(1818,235,'2015-06-16 00:00:00',18),(1819,1435,'2015-10-23 00:00:00',19),(1820,2907,'2011-04-01 00:00:00',20),(1821,2107,'2006-04-06 00:00:00',1),(1822,4487,'2002-05-22 00:00:00',2),(1823,1691,'2016-07-08 00:00:00',3),(1824,4951,'2015-02-01 00:00:00',4),(1825,332,'2015-12-08 00:00:00',5),(1826,4685,'2015-12-10 00:00:00',6),(1827,2462,'2003-06-19 00:00:00',7),(1828,1407,'2001-03-09 00:00:00',8),(1829,3901,'2011-04-14 00:00:00',9),(1830,4850,'2004-12-11 00:00:00',10),(1831,2783,'2005-07-09 00:00:00',11),(1832,871,'2002-05-24 00:00:00',12),(1833,4726,'2008-02-17 00:00:00',13),(1834,2755,'2002-07-23 00:00:00',14),(1835,245,'2012-10-13 00:00:00',15),(1836,2176,'2009-10-25 00:00:00',16),(1837,2257,'2006-02-26 00:00:00',17),(1838,395,'2014-08-14 00:00:00',18),(1839,1600,'2007-09-01 00:00:00',19),(1840,4975,'1999-07-17 00:00:00',20),(1841,864,'2010-08-07 00:00:00',1),(1842,542,'2011-08-09 00:00:00',2),(1843,1438,'2016-10-13 00:00:00',3),(1844,1771,'2001-10-25 00:00:00',4),(1845,3438,'2001-06-10 00:00:00',5),(1846,4722,'2007-07-16 00:00:00',6),(1847,542,'2005-10-02 00:00:00',7),(1848,3038,'2013-03-14 00:00:00',8),(1849,1512,'2013-10-16 00:00:00',9),(1850,715,'2010-08-19 00:00:00',10),(1851,3951,'2014-03-11 00:00:00',11),(1852,3584,'2002-02-17 00:00:00',12),(1853,1547,'2011-12-07 00:00:00',13),(1854,4895,'2016-09-01 00:00:00',14),(1855,2119,'2000-01-03 00:00:00',15),(1856,4797,'2011-06-18 00:00:00',16),(1857,3363,'2016-02-20 00:00:00',17),(1858,2505,'2004-08-14 00:00:00',18),(1859,3932,'2006-03-06 00:00:00',19),(1860,3366,'2011-11-04 00:00:00',20),(1861,948,'2014-02-21 00:00:00',1),(1862,2550,'2007-02-08 00:00:00',2),(1863,2866,'2006-11-08 00:00:00',3),(1864,1661,'1999-07-25 00:00:00',4),(1865,261,'2000-08-19 00:00:00',5),(1866,4864,'2015-04-24 00:00:00',6),(1867,1466,'2007-09-24 00:00:00',7),(1868,2553,'2004-11-13 00:00:00',8),(1869,733,'2014-10-23 00:00:00',9),(1870,2712,'2004-12-13 00:00:00',10),(1871,2433,'2015-05-05 00:00:00',11),(1872,4954,'2002-09-17 00:00:00',12),(1873,3408,'2014-03-19 00:00:00',13),(1874,1177,'1999-08-12 00:00:00',14),(1875,3637,'2009-05-04 00:00:00',15),(1876,1590,'2005-10-28 00:00:00',16),(1877,611,'2007-07-09 00:00:00',17),(1878,2645,'2007-08-16 00:00:00',18),(1879,3365,'2009-02-12 00:00:00',19),(1880,1726,'2008-12-24 00:00:00',20),(1881,4288,'2016-05-17 00:00:00',1),(1882,1192,'2014-04-21 00:00:00',2),(1883,2338,'2002-02-28 00:00:00',3),(1884,857,'2003-02-26 00:00:00',4),(1885,456,'2013-11-25 00:00:00',5),(1886,485,'2011-05-18 00:00:00',6),(1887,1332,'2012-07-22 00:00:00',7),(1888,1109,'2001-09-10 00:00:00',8),(1889,3069,'2013-04-07 00:00:00',9),(1890,2907,'2012-11-12 00:00:00',10),(1891,4006,'2000-11-13 00:00:00',11),(1892,956,'2014-12-20 00:00:00',12),(1893,572,'2002-01-14 00:00:00',13),(1894,2529,'2016-03-23 00:00:00',14),(1895,4763,'1999-07-01 00:00:00',15),(1896,3855,'2001-03-08 00:00:00',16),(1897,3704,'2011-12-26 00:00:00',17),(1898,911,'2001-10-22 00:00:00',18),(1899,3193,'2004-04-16 00:00:00',19),(1900,1195,'2003-04-18 00:00:00',20),(1901,850,'2005-02-10 00:00:00',1),(1902,4473,'2015-07-01 00:00:00',2),(1903,3335,'2003-09-22 00:00:00',3),(1904,4039,'2013-07-02 00:00:00',4),(1905,372,'2012-11-21 00:00:00',5),(1906,1192,'2009-01-05 00:00:00',6),(1907,1406,'2016-10-06 00:00:00',7),(1908,3395,'2013-12-07 00:00:00',8),(1909,3938,'2015-11-11 00:00:00',9),(1910,2580,'2012-09-13 00:00:00',10),(1911,1290,'2009-01-17 00:00:00',11),(1912,2593,'2001-11-05 00:00:00',12),(1913,4297,'2009-11-11 00:00:00',13),(1914,2274,'2016-09-08 00:00:00',14),(1915,2294,'2001-11-18 00:00:00',15),(1916,542,'2016-03-27 00:00:00',16),(1917,3815,'2015-11-18 00:00:00',17),(1918,924,'2006-03-16 00:00:00',18),(1919,2280,'2008-04-06 00:00:00',19),(1920,3500,'2005-12-17 00:00:00',20),(1921,4902,'2004-01-24 00:00:00',1),(1922,2605,'2011-01-01 00:00:00',2),(1923,4764,'2016-12-04 00:00:00',3),(1924,3524,'2002-04-06 00:00:00',4),(1925,4798,'2003-02-26 00:00:00',5),(1926,3365,'2004-10-04 00:00:00',6),(1927,4118,'1999-11-02 00:00:00',7),(1928,3982,'1999-06-08 00:00:00',8),(1929,1461,'2005-03-25 00:00:00',9),(1930,3425,'2002-02-10 00:00:00',10),(1931,758,'2005-12-21 00:00:00',11),(1932,3716,'2012-11-15 00:00:00',12),(1933,4952,'2010-04-01 00:00:00',13),(1934,2291,'2001-12-04 00:00:00',14),(1935,4670,'2014-07-13 00:00:00',15),(1936,2232,'2013-06-07 00:00:00',16),(1937,1543,'2006-01-05 00:00:00',17),(1938,3495,'2013-03-02 00:00:00',18),(1939,3235,'2014-02-24 00:00:00',19),(1940,639,'2013-12-22 00:00:00',20),(1941,2997,'1999-07-06 00:00:00',1),(1942,2133,'2012-07-20 00:00:00',2),(1943,3143,'2004-12-07 00:00:00',3),(1944,4969,'2010-08-14 00:00:00',4),(1945,3845,'2016-09-22 00:00:00',5),(1946,4155,'2013-09-25 00:00:00',6),(1947,2314,'1999-01-22 00:00:00',7),(1948,2851,'2001-12-23 00:00:00',8),(1949,4128,'2010-05-09 00:00:00',9),(1950,2137,'2002-06-20 00:00:00',10),(1951,4017,'2010-05-20 00:00:00',11),(1952,580,'2001-03-18 00:00:00',12),(1953,2286,'2012-04-14 00:00:00',13),(1954,1708,'2006-09-01 00:00:00',14),(1955,1001,'2013-07-02 00:00:00',15),(1956,1475,'2007-12-26 00:00:00',16),(1957,4417,'1999-12-17 00:00:00',17),(1958,522,'1999-03-27 00:00:00',18),(1959,260,'2015-08-14 00:00:00',19),(1960,598,'2007-12-10 00:00:00',20),(1961,1538,'2013-10-02 00:00:00',1),(1962,3719,'2012-03-28 00:00:00',2),(1963,2475,'2012-02-05 00:00:00',3),(1964,761,'2012-08-04 00:00:00',4),(1965,3552,'2009-03-18 00:00:00',5),(1966,2444,'2008-07-16 00:00:00',6),(1967,2891,'2005-12-11 00:00:00',7),(1968,1836,'2004-07-10 00:00:00',8),(1969,649,'2011-05-17 00:00:00',9),(1970,1997,'2010-03-10 00:00:00',10),(1971,2862,'2014-04-10 00:00:00',11),(1972,2694,'2007-10-08 00:00:00',12),(1973,1008,'2008-04-25 00:00:00',13),(1974,3602,'2001-03-25 00:00:00',14),(1975,4640,'2008-08-12 00:00:00',15),(1976,1951,'2015-09-04 00:00:00',16),(1977,4342,'2015-06-02 00:00:00',17),(1978,2781,'2003-07-01 00:00:00',18),(1979,4736,'2016-05-25 00:00:00',19),(1980,2468,'2011-05-11 00:00:00',20),(1981,1537,'2005-05-05 00:00:00',1),(1982,2474,'2003-07-20 00:00:00',2),(1983,289,'2010-06-16 00:00:00',3),(1984,475,'2005-05-27 00:00:00',4),(1985,3979,'2010-04-24 00:00:00',5),(1986,1561,'2014-04-25 00:00:00',6),(1987,1316,'2004-08-22 00:00:00',7),(1988,4825,'2009-11-04 00:00:00',8),(1989,3135,'2002-10-15 00:00:00',9),(1990,2801,'2016-06-21 00:00:00',10),(1991,3622,'2003-07-12 00:00:00',11),(1992,1221,'2004-01-14 00:00:00',12),(1993,2651,'2001-02-23 00:00:00',13),(1994,346,'2008-06-20 00:00:00',14),(1995,274,'2008-12-03 00:00:00',15),(1996,2935,'2007-04-18 00:00:00',16),(1997,2392,'2003-05-26 00:00:00',17),(1998,2614,'2016-07-04 00:00:00',18),(1999,2403,'2002-06-23 00:00:00',19),(2000,2153,'2013-11-19 00:00:00',20);
/*!40000 ALTER TABLE `venta` ENABLE KEYS */;
UNLOCK TABLES;
/*!40103 SET TIME_ZONE=@OLD_TIME_ZONE */;

/*!40101 SET SQL_MODE=@OLD_SQL_MODE */;
/*!40014 SET FOREIGN_KEY_CHECKS=@OLD_FOREIGN_KEY_CHECKS */;
/*!40014 SET UNIQUE_CHECKS=@OLD_UNIQUE_CHECKS */;
/*!40101 SET CHARACTER_SET_CLIENT=@OLD_CHARACTER_SET_CLIENT */;
/*!40101 SET CHARACTER_SET_RESULTS=@OLD_CHARACTER_SET_RESULTS */;
/*!40101 SET COLLATION_CONNECTION=@OLD_COLLATION_CONNECTION */;
/*!40111 SET SQL_NOTES=@OLD_SQL_NOTES */;

-- Dump completed on 2016-08-29 22:18:50
