-- MySQL dump 10.13  Distrib 5.7.9, for Win64 (x86_64)
--
-- Host: localhost    Database: libros
-- ------------------------------------------------------
-- Server version	5.7.11-log

/*!40101 SET @OLD_CHARACTER_SET_CLIENT=@@CHARACTER_SET_CLIENT */;
/*!40101 SET @OLD_CHARACTER_SET_RESULTS=@@CHARACTER_SET_RESULTS */;
/*!40101 SET @OLD_COLLATION_CONNECTION=@@COLLATION_CONNECTION */;
/*!40101 SET NAMES utf8 */;
/*!40103 SET @OLD_TIME_ZONE=@@TIME_ZONE */;
/*!40103 SET TIME_ZONE='+00:00' */;
/*!40014 SET @OLD_UNIQUE_CHECKS=@@UNIQUE_CHECKS, UNIQUE_CHECKS=0 */;
/*!40014 SET @OLD_FOREIGN_KEY_CHECKS=@@FOREIGN_KEY_CHECKS, FOREIGN_KEY_CHECKS=0 */;
/*!40101 SET @OLD_SQL_MODE=@@SQL_MODE, SQL_MODE='NO_AUTO_VALUE_ON_ZERO' */;
/*!40111 SET @OLD_SQL_NOTES=@@SQL_NOTES, SQL_NOTES=0 */;

--
-- Table structure for table `autor`
--

DROP TABLE IF EXISTS `autor`;
/*!40101 SET @saved_cs_client     = @@character_set_client */;
/*!40101 SET character_set_client = utf8 */;
CREATE TABLE `autor` (
  `idAutor` int(11) NOT NULL,
  `Nombre` varchar(45) DEFAULT NULL,
  `Apellidos` varchar(45) DEFAULT NULL,
  PRIMARY KEY (`idAutor`)
) ENGINE=InnoDB DEFAULT CHARSET=utf8;
/*!40101 SET character_set_client = @saved_cs_client */;

--
-- Dumping data for table `autor`
--

LOCK TABLES `autor` WRITE;
/*!40000 ALTER TABLE `autor` DISABLE KEYS */;
INSERT INTO `autor` VALUES (1,'Jacob ','Lane'),(2,'Robyn ','Bowen'),(3,'Nichole ','Massey'),(4,'Dewey ','Cunningham'),(5,'Courtney ','Olson'),(6,'Johnnie ','Burke'),(7,'Nellie ','Pierce'),(8,'Nicholas ','Carr'),(9,'Marion ','Reynolds'),(10,'Krista ','Barber'),(11,'Harvey ','Snyder'),(12,'Jessie ','Davis'),(13,'Jacquelyn ','Chavez'),(14,'Lucy ','Elliott'),(15,'Rick ','Parsons'),(16,'Latoya ','Valdez'),(17,'Travis ','Ellis'),(18,'Sylvia ','Griffin'),(19,'Rudolph ','Lawrence'),(20,'Archie ','Ramsey'),(21,'Dale ','Barnett'),(22,'Jeanette ','Sims'),(23,'Jean ','Walters'),(24,'Darlene ','Bishop'),(25,'Ralph ','Goodman'),(26,'Antonia ','Love'),(27,'Simon ','Hayes'),(28,'Edward ','Marsh'),(29,'Rosa ','Chapman'),(30,'Lorene ','Todd'),(31,'Neil ','Parker'),(32,'Cecelia ','Ortiz'),(33,'Caroline ','Huff'),(34,'Heather ','Thornton'),(35,'Marlene ','Murray'),(36,'Eva ','Boyd'),(37,'Jody ','Rivera'),(38,'Tiffany ','Klein'),(39,'Matthew ','Lopez'),(40,'Sammy ','Reyes'),(41,'Gabriel ','Garza'),(42,'Lois ','Stevens'),(43,'Marcos ','Harris'),(44,'Abraham ','Baker'),(45,'Elena ','Swanson'),(46,'Don ','Padilla'),(47,'Wesley ','Hawkins'),(48,'Kathryn ','Torres'),(49,'Henry ','Douglas'),(50,'Maurice ','Bell'),(51,'Valerie ','Herrera'),(52,'Hugo ','Armstrong'),(53,'Olga ','Jones'),(54,'Bessie ','Gonzalez'),(55,'Francis ','Sparks'),(56,'Tara ','Lambert'),(57,'Leona ','Barnes'),(58,'Evan ','Miles'),(59,'Christy ','Wise'),(60,'Tomas ','Hogan'),(61,'Lee ','Bryan'),(62,'Marie ','Gilbert'),(63,'Ricardo ','Shelton'),(64,'Martha ','Griffith'),(65,'Jay ','Phelps'),(66,'Clark ','Thompson'),(67,'Mindy ','Adams'),(68,'Faye ','Austin'),(69,'Anna ','Lewis'),(70,'Ethel ','Mann'),(71,'Carlos ','Parks'),(72,'Matt ','Ortega'),(73,'Mandy ','Wagner'),(74,'Fannie ','Quinn'),(75,'Jared ','Moran'),(76,'Lillie ','Berry'),(77,'Roger ','Kelley'),(78,'Alberto ','Higgins'),(79,'Ted ','Lyons'),(80,'Wayne ','Lindsey'),(81,'Dorothy ','Patterson'),(82,'Scott ','Moody'),(83,'Kristina ','Cannon'),(84,'Ellis ','Tucker'),(85,'Pat ','Curtis'),(86,'Timmy ','Howard'),(87,'Kara ','Jenkins'),(88,'Karen ','Casey'),(89,'Dean ','Price'),(90,'Terence ','Hughes'),(91,'Margaret ','Guzman'),(92,'Van ','Bass'),(93,'Lonnie ','Hale'),(94,'Willie ','Collier'),(95,'Jackie ','Robinson'),(96,'Charlotte ','Lamb'),(97,'Holly ','Gregory'),(98,'Suzanne ','Craig'),(99,'Brett ','Roberson'),(100,'Miguel ','Daniels'),(101,'Claire ','Henry'),(102,'Tara ','Reid'),(103,'May ','Chapman'),(104,'Kimberly ','Phelps'),(105,'April ','Leonard'),(106,'Bernice ','Mitchell'),(107,'Shaun ','Thomas'),(108,'Georgia ','Love'),(109,'Andre ','Watson'),(110,'Chester ','Blake'),(111,'Bessie ','Rodriguez'),(112,'Jo ','Singleton'),(113,'Candice ','Schmidt'),(114,'Randall ','Sharp'),(115,'Jeannie ','Freeman'),(116,'Ollie ','Peterson'),(117,'Krista ','Alvarado'),(118,'Ivan ','Chandler'),(119,'Marlene ','Morton'),(120,'Matthew ','Hoffman'),(121,'Rebecca ','Watts'),(122,'Kristina ','Evans'),(123,'Felicia ','Spencer'),(124,'Robin ','Bennett'),(125,'Tony ','Hamilton'),(126,'Sophie ','Jordan'),(127,'Silvia ','Shelton'),(128,'Patsy ','Bridges'),(129,'Van ','Perez'),(130,'Rosemarie ','West'),(131,'Lorene ','Jimenez'),(132,'Misty ','Holloway'),(133,'Kelly ','Wright'),(134,'Leonard ','Matthews'),(135,'Corey ','Benson'),(136,'Eunice ','Neal'),(137,'Frederick ','Barnes'),(138,'Bertha ','Gibson'),(139,'Horace ','Hunt'),(140,'Norma ','Guerrero'),(141,'Sharon ','Klein'),(142,'Dolores ','Fletcher'),(143,'Owen ','Sullivan'),(144,'Jana ','Lowe'),(145,'Kim ','Warner'),(146,'Phyllis ','Fernandez'),(147,'Joyce ','Lewis'),(148,'Josephine ','Fields'),(149,'Bennie ','Castillo'),(150,'Terry ','Rodgers'),(151,'Raul ','Owens'),(152,'Kristin ','Parker'),(153,'Ashley ','Mullins'),(154,'Dustin ','Garza'),(155,'Tina ','Frank'),(156,'Jennie ','Hardy'),(157,'Dwayne ','Hansen'),(158,'Earnest ','Glover'),(159,'Jimmy ','Soto'),(160,'Caleb ','Vaughn'),(161,'Paula ','Lambert'),(162,'Harriet ','Jones'),(163,'Judy ','Ferguson'),(164,'Gregory ','Cortez'),(165,'Maureen ','Flores'),(166,'Melissa ','Garrett'),(167,'Edwin ','Guzman'),(168,'Brad ','Thompson'),(169,'Shawn ','Walton'),(170,'Clint ','Johnston'),(171,'Celia ','Pittman'),(172,'Lee ','Adams'),(173,'Molly ','Campbell'),(174,'Flora ','Robinson'),(175,'Jimmie ','Bass'),(176,'Brenda ','Mcgee'),(177,'Paulette ','Schneider'),(178,'Randolph ','Hart'),(179,'Lois ','Beck'),(180,'Marcus ','Larson'),(181,'Janice ','Morrison'),(182,'Hattie ','Graves'),(183,'Johnnie ','Clayton'),(184,'Casey ','Sparks'),(185,'Glen ','Mccormick'),(186,'Nathaniel ','Fisher'),(187,'Mario ','Manning'),(188,'Amber ','Tucker'),(189,'Beverly ','Norris'),(190,'Wayne ','Collier'),(191,'Marcella ','Anderson'),(192,'Lester ','Pena'),(193,'Dwight ','Malone'),(194,'Grady ','Miles'),(195,'Ervin ','Harrison'),(196,'Stewart ','Fowler'),(197,'Rodolfo ','Austin'),(198,'Melody ','Daniels'),(199,'Adam ','Maxwell'),(200,'Alvin ','Rodriquez'),(201,'Jessie ','Hill'),(202,'Marta ','Adams'),(203,'John ','Freeman'),(204,'Beverly ','Gonzalez'),(205,'Wesley ','Parker'),(206,'Jonathon ','Patrick'),(207,'Christy ','Cortez'),(208,'Peggy ','Herrera'),(209,'Lynette ','Hudson'),(210,'Nettie ','Robertson'),(211,'Philip ','Singleton'),(212,'Rudolph ','Erickson'),(213,'Jody ','Carlson'),(214,'Melissa ','Estrada'),(215,'June ','Sharp'),(216,'Ernest ','Lamb'),(217,'Lela ','Foster'),(218,'Clark ','Little'),(219,'Tommy ','Rodriguez'),(220,'Forrest ','Bowen'),(221,'Chelsea ','Stevens'),(222,'Conrad ','Sherman'),(223,'Chad ','Conner'),(224,'Donnie ','Berry'),(225,'Lorene ','Cook'),(226,'Bernard ','Munoz'),(227,'Dallas ','Grant'),(228,'Joel ','Hodges'),(229,'Renee ','Logan'),(230,'Kristine ','Williams'),(231,'Shirley ','Christensen'),(232,'Catherine ','Kelley'),(233,'Nick ','Wheeler'),(234,'Mercedes ','Spencer'),(235,'Frederick ','Lawson'),(236,'Max ','Townsend'),(237,'Brooke ','Manning'),(238,'Kristen ','Morton'),(239,'Thelma ','Harvey'),(240,'Eula ','Ingram'),(241,'Derrick ','Davis'),(242,'Naomi ','Hubbard'),(243,'Darren ','Lucas'),(244,'Andy ','Black'),(245,'Jana ','White'),(246,'Danielle ','Rose'),(247,'Tamara ','Cole'),(248,'Mary ','Simon'),(249,'Miriam ','Hoffman'),(250,'Cornelius ','Parsons'),(251,'Bernadette ','Simpson'),(252,'Aubrey ','Watson'),(253,'Cora ','Pittman'),(254,'Darryl ','Carter'),(255,'Sherri ','Carson'),(256,'Jeanne ','Jordan'),(257,'Daniel ','Ortiz'),(258,'Felipe ','Barton'),(259,'Emma ','Walsh'),(260,'Dave ','Moss'),(261,'Ebony ','Rivera'),(262,'Jaime ','Burns'),(263,'Loretta ','Russell'),(264,'Priscilla ','Wagner'),(265,'Wallace ','Bates'),(266,'James ','Daniel'),(267,'Milton ','Nichols'),(268,'Byron ','Lane'),(269,'Warren ','James'),(270,'Darnell ','Green'),(271,'Cecelia ','Tate'),(272,'Vernon ','Mcdonald'),(273,'Sherman ','Owens'),(274,'Frances ','Clayton'),(275,'Freddie ','Jones'),(276,'Nicolas ','Underwood'),(277,'Shelly ','Lee'),(278,'Sandra ','Garrett'),(279,'Nellie ','Hampton'),(280,'Bradford ','Owen'),(281,'Gladys ','Bishop'),(282,'Whitney ','Maxwell'),(283,'Alexandra ','Wood'),(284,'Franklin ','Aguilar'),(285,'Rosemary ','Copeland'),(286,'Mable ','Austin'),(287,'Johnnie ','Patterson'),(288,'Katherine ','Moran'),(289,'Delia ','Meyer'),(290,'Myron ','Chambers'),(291,'Essie ','Torres'),(292,'Johnnie ','May'),(293,'Dolores ','Byrd'),(294,'Lila ','Glover'),(295,'Jackie ','Mason'),(296,'Gene ','Brooks'),(297,'Angelica ','Harris'),(298,'Lance ','Lloyd'),(299,'Thomas ','Ramirez'),(300,'Olivia ','Park');
/*!40000 ALTER TABLE `autor` ENABLE KEYS */;
UNLOCK TABLES;

--
-- Table structure for table `empleado`
--

DROP TABLE IF EXISTS `empleado`;
/*!40101 SET @saved_cs_client     = @@character_set_client */;
/*!40101 SET character_set_client = utf8 */;
CREATE TABLE `empleado` (
  `idEmpleado` int(11) NOT NULL,
  `Usuario` varchar(45) DEFAULT NULL,
  `Contrasena` varchar(45) DEFAULT NULL,
  `Nombre` varchar(45) DEFAULT NULL,
  `ApellidoP` varchar(45) DEFAULT NULL,
  `ApellidoM` varchar(45) DEFAULT NULL,
  PRIMARY KEY (`idEmpleado`)
) ENGINE=InnoDB DEFAULT CHARSET=utf8;
/*!40101 SET character_set_client = @saved_cs_client */;

--
-- Dumping data for table `empleado`
--

LOCK TABLES `empleado` WRITE;
/*!40000 ALTER TABLE `empleado` DISABLE KEYS */;
INSERT INTO `empleado` VALUES (1,'jose1','123456','JOSE ','AMBRIZ','SEPULVEDA'),(2,'arturo1','123456','ARTURO ','LEMUS','FLORES'),(3,'ricardo1','123456','RICARDO ','RIOVERDE','MARAVER'),(4,'maria1','123456','MARIA LUISA ','MURATALLA','BECKER'),(5,'alfonso1','123456','ALFONSO ','SALAS','CASTRO'),(6,'susana1','123456','SUSANA ','OBREGON','SALAZAR'),(7,'juan1','123456','JUAN ','ARBIZU','LUNA'),(8,'sara1','123456','SARA ','ACOSTA','HUERTA'),(9,'genaro1','123456','GENARO ','ROSAS','BENITEZ'),(10,'alejandro1','123456','ALEJANDRO ','AYALA','RIVERA'),(11,'lucio1','123456','LUCIO ','TREJO','BARCENAS'),(12,'jose2','123456','JOSE RAYMUNDO ','RUIZ','VILLALVAZO'),(13,'raymundo1','123456','RAYMUNDO ','CORONA','REYES'),(14,'jose3','123456','JOSE CARMELO ','TREJO','YAÑEZ'),(15,'maria2','123456','MARIA DE LA LUZ ','GARCIA','NIETO'),(16,'bruno1','123456','BRUNO ','ARAIZA','MONTIEL'),(17,'maria3','123456','MARIA DE LOS ANGELES ','LIMON','LASCURAIN'),(18,'leonardo1','123456','LEONARDO ','OLIVARES','PEÑA'),(19,'maria4','123456','MARIA CONCEPCION ','MARTINEZ','PACHECO'),(20,'julio1','123456','JULIO TORRES ','NUÑEZ','DIAZ');
/*!40000 ALTER TABLE `empleado` ENABLE KEYS */;
UNLOCK TABLES;

--
-- Table structure for table `genero`
--

DROP TABLE IF EXISTS `genero`;
/*!40101 SET @saved_cs_client     = @@character_set_client */;
/*!40101 SET character_set_client = utf8 */;
CREATE TABLE `genero` (
  `idGenero` int(11) NOT NULL,
  `Nombre` varchar(45) DEFAULT NULL,
  PRIMARY KEY (`idGenero`)
) ENGINE=InnoDB DEFAULT CHARSET=utf8;
/*!40101 SET character_set_client = @saved_cs_client */;

--
-- Dumping data for table `genero`
--

LOCK TABLES `genero` WRITE;
/*!40000 ALTER TABLE `genero` DISABLE KEYS */;
INSERT INTO `genero` VALUES (1,'Lírico'),(2,'Épico'),(3,'Dramático'),(4,'Cuento'),(5,'Novela'),(6,'Romance'),(7,'Comedia'),(8,'Opera'),(9,'Zarzuela'),(10,'Aventura'),(11,'Terror'),(12,'Ficción'),(13,'Investigación'),(14,'Infantil'),(15,'Autoayuda'),(16,'Enciclopedia'),(17,'Política'),(18,'Economía'),(19,'Deportes'),(20,'Otros');
/*!40000 ALTER TABLE `genero` ENABLE KEYS */;
UNLOCK TABLES;

--
-- Table structure for table `libro`
--

DROP TABLE IF EXISTS `libro`;
/*!40101 SET @saved_cs_client     = @@character_set_client */;
/*!40101 SET character_set_client = utf8 */;
CREATE TABLE `libro` (
  `idLibro` int(11) NOT NULL,
  `Nombre` varchar(100) DEFAULT NULL,
  `Existencias` int(11) DEFAULT NULL,
  `Costo` decimal(10,0) DEFAULT NULL,
  `Editorial` varchar(45) DEFAULT NULL,
  `idGenero` int(11) DEFAULT NULL,
  PRIMARY KEY (`idLibro`),
  KEY `idGenero_idx` (`idGenero`),
  CONSTRAINT `idGenero` FOREIGN KEY (`idGenero`) REFERENCES `genero` (`idGenero`) ON DELETE NO ACTION ON UPDATE NO ACTION
) ENGINE=InnoDB DEFAULT CHARSET=utf8;
/*!40101 SET character_set_client = @saved_cs_client */;

--
-- Dumping data for table `libro`
--

LOCK TABLES `libro` WRITE;
/*!40000 ALTER TABLE `libro` DISABLE KEYS */;
INSERT INTO `libro` VALUES (1,'COLOMBIA GOURMET',48,1599,'PRENTICE HALL',1),(2,'RISAS-FLEET VAN',10,413,'ADDISON',2),(3,'UNA SOLEDAD DE LA REINA',27,1359,'MCGRAW-HILL',3),(4,'¿ES REAL LA REALIDAD?',56,1263,'MCGRAW HILL',4),(5,'GRAN SOUFFLÉ',148,366,'LIMUSA',5),(6,'LA SOLEDAD DEL REY',41,328,'PRENTICE-HALL',6),(7,'EL LIBRO SECRETO DE DANTE',108,777,'LIMUSA',7),(8,'EL DÍA QUE TE QUIERAS',123,698,'LIMUSA',8),(9,'EL OLVIDO DE LA RAZON',49,661,'MCGRAW-HILL',9),(10,'MENTIRAS DE VERANO',100,550,'MCGRAW-HILL',10),(11,'LA TORRE PROHIBIDA',172,299,'LIMUSA',11),(12,'CLARABOYA',59,485,'NORMA',12),(13,'EL CASO KLEIN',110,1270,'MCGRAW-HILL',13),(14,'LA LUZ DIFICIL',176,971,'CECSA',14),(15,'LOS DESAFIOS DE LA MEMORIA',96,1859,'LIMUSA',15),(16,'LA IMAGEN EN EL ESPEJO',46,937,'LIMUSA',16),(17,'ALIVIATE EL CORAZON ROTO',148,1633,'ADDISON',17),(18,'YO CONFIENSO',47,290,'ADDISON',18),(19,'EL ARTE DE NO AMARGARSE LA VIDA',129,1414,'NORMA',19),(20,'GUERRAS CLIMATICAS ',157,309,'MCGRAW-HILL',20),(21,'UNA NUEVA TIERRA ',91,1390,'LIMUSA',1),(22,'EL MACIZO COLOMBIANO ',136,654,'MARCOMBO',2),(23,'LOS VOLCANES ',30,119,'LIMUSA',3),(24,'EL CAMBIO CLIMATICO ',76,1346,'ADDISON',4),(25,'CONTRA EL CAMBIO ',3,715,'ADDISON',5),(26,'MONTAÑAS DEL MUNDO',97,814,'CECSA',6),(27,'EL PLANETA VIVIENTE ',55,1797,'MCGRAW-HILL',7),(28,'PENSAR EL SIGLO XX',136,609,'PRENTICE-HALL',8),(29,'CHINA',176,1799,'MCGRAW-HILL',9),(30,'CAPITAL EROTICO',57,464,'EDITIA',10),(31,'YO MUERO HOY',98,599,'MCGRAW-HILL',11),(32,'ESTRUCTURA DE DATOS',68,960,'MCGRAW HILL',12),(33,'PRINC.ELEM. PROCES.QUIMIC',27,779,'LIMUSA',13),(34,'TRANSMISION DE INFO,MODUL',104,1131,'IBEROAMERICA',14),(35,'TERMODINAMICA',154,1892,'LIMUSA',15),(36,'QUIMICA ORGANICA FUNDAMEN',78,586,'PRENTICE-HALL',16),(37,'REDES DE ORDENADORES',36,1738,'VENTURA',17),(38,'SISTEMAS CONCEPTOS METODO',24,256,'LIMUSA',18),(39,'WINDOWS 95 PARA INEXPERTO',75,584,'UTEHA',19),(40,'1001 TRUCOS PARA DOS Y PC',13,758,'ADDISON',20),(41,'ECONOMIA',79,955,'HARLA',1),(42,'SOLDADURA DE ARCO SUMERGI',78,366,'MCGRAW-HILL',2),(43,'CALLESE Y VENDA',10,537,'MCGRAW-HILL',3),(44,'LAS EXPER.DE FRANQUICIAS',70,503,'ADDISON',4),(45,'MANUAL P/LA ADMIN.DE PROY',120,328,'PORRUA',5),(46,'ELEM.Y ESTRUCT.DE COMPUT.',159,1724,'MCGRAW-HILL',6),(47,'FUND.CONTABIL.FINANCIERA',29,853,'PRENTICE-HALL',7),(48,'PAGEMAKER 5',2,1046,'PRENTICE HALL',8),(49,'MACROECONOMIA',41,1412,'IBEROAMERICA',9),(50,'MANUF. DE CATEG. MUNDIAL',63,702,'DIAZ DE SANTO',10),(51,'INFORMATICA BASICA',184,829,'DIAZ DE SANTO',11),(52,'LOGICA DIGITAL Y DISENO D',169,279,'MCGRAW-HILL',12),(53,'APLIC. IND. DE LA NEUMATI',76,888,'MARCOMBO',13),(54,'INTROD. A INV. DE OPERAC.',178,1215,'MCGRAW-HILL',14),(55,'MECAN. PARA INGEN:DINAMIC',149,471,'CECSA',15),(56,'MECANICA DE FLUIDOS',144,1279,'PORRUA',16),(57,'MECANICA DE MATERIALES',97,1346,'MARCOMBO',17),(58,'PROCESOS DE INGEN.QUIMICA',36,197,'ADDISON',18),(59,'CALCULO Y SUS APLICACION.',16,1478,'DIANA',19),(60,'COMPLETENESS PLENITUD',177,187,'DIAZ DE SANTO',20),(61,'ORGANIZACION DE EMPRESAS',46,1298,'IMCP',1),(62,'CONTABILIDAD ADMINISTRAT.',181,218,'MCGRAW-HILL',2),(63,'METODOS FUNDAM.ECONOM.MAT',72,523,'MCGRAW-HILL',3),(64,'MOTOR GASOLINA DOS TIEMPO',20,1065,'LIMUSA',4),(65,'ESTADISTICA MAT CON APLIC',49,1902,'PRENTICE HALL',5),(66,'COMO COMPETIR CON EXITO E',118,1628,'MCGRAW-HILL',6),(67,'ORG.Y ADM.:UN ENFOQUE SIT',30,1792,'MCGRAW HILL',7),(68,'GUIA COMP.MICROSOFT OFFIC',74,1754,'ADDISON',8),(69,'METODOS DE LABORATORIO',53,266,'LIMUSA',9),(70,'PROB. DE TERMODINAMICA',95,1062,'MCGRAW-HILL',10),(71,'SISTEMAS OPERATIVOS',29,1701,'MCGRAW-HILL',11),(72,'TEORIA GENERAL DEL ESTADO',141,414,'DIAZ DE SANTO',12),(73,'INTROD. METALURGIA FISICA',78,1292,'TRILLAS',13),(74,'LA ESTRATEGIA DEL CAMBIO',180,1737,'ADDISON',14),(75,'ALGORITMOS EN C++',106,1913,'ADDISON',15),(76,'FILOSOFIA Y PRAXIS DE LA',10,351,'MCGRAW-HILL',16),(77,'MATEMATICAS PARA COMPUTAC',6,1994,'PORRUA',17),(78,'CONTROL DE CALIDAD',65,1640,'DIAZ DE SANTO',18),(79,'FUNDAM ADM. FINANCIERA',193,456,'PRENTICE HALL',19),(80,'INTROD. MODELOS CUANTITAT',197,685,'MACGRAW HILL',20),(81,'LA VENTA CREATIVA',135,841,'PRENTICE-HALL',1),(82,'PRINC. DE COSTOS DE CALID',167,483,'MCGRAW HILL',2),(83,'CONCEP.D.LOS SIST.D/INFOR',41,947,'MCGRAW-HILL',3),(84,'REDES LOCALES EN LA INDUS',102,618,'DIAZ DE SANTO',4),(85,'CAMPAÑAS PUBLICIT. EXITOS',20,961,'NORMA',5),(86,'CONTABILIDAD INTERMEDIA',30,1929,'GRIJALBO',6),(87,'TRAYECTORIA DERECHO MUNDI',111,1738,'PORRUA',7),(88,'AIRE ACONDICION.AUTOMOVIL',85,150,'LIMUSA',8),(89,'CIRCUITOS ELECTRICOS',199,125,'MCGRAW-HILL',9),(90,'AUDITORIA ADMINISTRATIVA',20,1860,'TRILLAS',10),(91,'LA FORMACION TEORIA Y PRA',68,1859,'MCGRAW-HILL',11),(92,'COMPARAC. INFORMAC. FINAN',46,421,'MCGRAW-HILL',12),(93,'ECONOMETRIA',46,448,'LIMUSA',13),(94,'LA POLITICA COMERC.MDO.CO',100,414,'LIMUSA',14),(95,'GEOLOGIA FISICA BASICA',26,1701,'TRILLAS',15),(96,'FISICA GENERAL TOMO 1',173,1703,'MCGRAW-HILL',16),(97,'GERENCIA FINANCIERA',196,1295,'LIMUSA',17),(98,'HACIENDA PUBLICA',141,1921,'MCGRAW-HILL',18),(99,'FISICA VOLUMEN I',143,1983,'MCGRAW-HILL',19),(100,'PRINCIP. PROCES. DATOS',192,918,'TRILLAS',20),(101,'CIRCUITOS ELECTRON.',161,662,'MCGRAW-HILL',1),(102,'CONTROL DE CALIDAD-DISCO',170,1639,'MARCOMBO',2),(103,'SOLUC. A LA PRODUCTIV. OF',125,1554,'LIMUSA',3),(104,'INFORMATICA EN CONTADURIA',134,1129,'ADDISON',4),(105,'MICROSOFT VISUAL BASIC C/',137,1675,'IBEROAMERICA',5),(106,'FISICA VOLUMEN III',60,1939,'UTEHA',6),(107,'GRAFICAS POR COMPUTADORA',165,1850,'TRILLAS',7),(108,'DERECHO INTERNAC.PRIVADO',111,1279,'ADDISON',8),(109,'CALIDAD EN EL AREA DISEÑO',166,774,'MCGRAW-HILL',9),(110,'ADMINISTRAC. DE PERSONAL',200,784,'MCGRAW-HILL',10),(111,'MARKETING ESTRATEGICO',131,1698,'REVERTE',11),(112,'CONTABILIDAD DE COSTOS, U',99,1754,'MCGRAW-HILL',12),(113,'MACROECONOMIA',83,1510,'MCGRAW HILL',13),(114,'COMPORTAMIENTO DEL CONSUM',198,1580,'CECSA',14),(115,'REFLEXIONES EN TORNO A GE',116,395,'HARLA',15),(116,'VENDER UNA FORMA DE VIDA',186,1281,'LIMUSA',16),(117,'LA NUEVA DINAMICA D/EXITO',85,857,'MCGRAW-HILL',17),(118,'HERNAN CORTEZ Y EL DERECH',135,538,'ALFAOMEGA',18),(119,'PRODUCTOS FINANCIEROS DER',79,1558,'MCGRAW-HILL',19),(120,'CALCULO Y GEOM.ANALI. V.2',124,876,'CECSA',20),(121,'MERCADOTECNIA P/ EMP MEDI',120,467,'MCGRAW-HILL',1),(122,'PARADIGMAS',68,1525,'PRENTICE-HALL',2),(123,'RETO A LA APERTURA',109,332,'PORRUA',3),(124,'ANATOMIA FISIOLOGIA',123,747,'PORRUA',4),(125,'FUNDAMENTOS DE CALCULO',65,1283,'MCGRAW-HILL',5),(126,'DISEÑOS EXPERIMENTALES',181,1798,'LIMUSA',6),(127,'FUNDAMENTOS DE ADMINISTRA',194,1862,'MCGRAW-HILL',7),(128,'ESTRUCTU. Y ORGANIZAC. DE',192,468,'MCGRAW-HILL',8),(129,'ESTRUCTURA DE DATOS',108,283,'MCGRAW-HILL',9),(130,'MICROSOFT OFFICE STANDARD',151,1945,'IBEROAMERICA',10),(131,'DERECHO INTERNACIONAL PRI',138,1039,'LIMUSA',11),(132,'INTR.AL DISEÑO AS.P.COMPU',35,1375,'MARCOMBO',12),(133,'TRATAM. TERMICO METALES',140,1332,'LIMUSA',13),(134,'CIENCIAS DE ADMINISTRACIO',83,1434,'MCGRAW HILL',14),(135,'CALCULO Y GEOM. ANALIT.V2',167,1911,'REVERTE',15),(136,'DIDACTICA-CALCULO DIFEREN',168,195,'MCGRAW-HILL',16),(137,'CONTAB. EN ADMIN. EMPRESA',127,1338,'PRENTICE HALL',17),(138,'EL CINE MUNDIAL EN TIEMPO',162,1478,'CECSA',18),(139,'INTELIGENCIA ARTIFICIAL',80,1843,'DIAZ DE SANTO',19),(140,'MACROECONOMIA',193,1911,'PRENTICE-HALL',20),(141,'MACROECONOMIA TEORIA POLI',175,1406,'MCGRAW-HILL',1),(142,'CIENCIA E ING.DE MATERIAL',91,1707,'PRENTICE-HALL',2),(143,'CALCULO APLICADO',153,133,'TRILLAS',3),(144,'COMO PREP/EXIT PLAN MERCA',152,425,'MCGRAW-HILL',4),(145,'ESTRATEGIA COMPETITIVA',3,1427,'IBEROAMERICA',5),(146,'FUNDAM. ADMINIST.FINANCIE',120,390,'TRILLAS',6),(147,'WORD PERFECT P/INEXPERTOS',19,1338,'MCGRAW HILL',7),(148,'DISEÑO DE INVESTIGACIONES',190,553,'MCGRAW-HILL',8),(149,'INVESTIG. DE OPERACIONES',10,180,'PRENTICE HALL',9),(150,'GANADORES DEL MAXIMARKETI',196,1117,'MCGRAW-HILL',10),(151,'VENTAJA COMPETITIVA',76,1572,'MCGRAW-HILL',11),(152,'QUATRO PRO 5 A SU ALCANCE',74,1930,'MCGRAW-HILL',12),(153,'SISTEMAS OPERAT. MODERNOS',78,1351,'LIMUSA',13),(154,'CASOS MEXICO ARBRITAJE IN',122,759,'PAVON',14),(155,'LA AVERIGUACION PREVIA',29,489,'LIMUSA',15),(156,'ECONOMIA INTERNACIONAL',68,755,'CECSA',16),(157,'TRABAJOS DE BANCO Y METAL',178,1449,'DIAZ DE SANTO',17),(158,'ALGEBRA LINEAL',133,1869,'MCGRAW-HILL',18),(159,'ADMINISTRACION DE OPERACI',99,1539,'MCGRAW-HILL',19),(160,'DESARROLLO DE EMPRENDEDOR',178,1346,'MARCOMBO',20),(161,'DOCE PASOS AUTOSUPERACION',47,674,'LIMUSA',1),(162,'DISEÑO DE ADEMES',131,450,'PRENTICE HALL',2),(163,'HACIA NUEVO CONC.EMP.OCC.',67,270,'ADDISON',3),(164,'INTROD. A LOS NEGOC.INTER',161,890,'MCGRAW-HILL',4),(165,'PRINCIP.FINANZAS CORPORAT',52,760,'PORRUA',5),(166,'FISICA TOMO II',167,668,'HARLA',6),(167,'ENSAYOS SOBRE PENSAM.ECON',67,1105,'MCGRAW-HILL',7),(168,'FUNDAM. DE ECONOMIA',137,897,'DIAZ DE SANTO',8),(169,'MECAN.P ING:ESTATICA',80,480,'ADDISON',9),(170,'ESTRATEGIAS DE MARKETING',147,1344,'UTEHA',10),(171,'LOS MICROPROCESADOR.INTEL',100,1230,'LIMUSA',11),(172,'MICROSOFT MS DOS 6 Y 6.2',104,961,'ADDISON',12),(173,'PROGRAMACION EN C',121,737,'PORRUA',13),(174,'UNA DECADA DE VIDEO MEXIC',122,1283,'ALFAOMEGA',14),(175,'FUND.INGENIERIA ECONOMICA',51,1418,'MCGRAW HILL',15),(176,'ALGEBRA LINEAL',135,1718,'MCGRAW-HILL',16),(177,'FUND. DE PSICOL. FISIOL.',69,1845,'MCGRAW-HILL',17),(178,'ADMINIST. DE LA PRODUCC.',129,717,'MCGRAW-HILL',18),(179,'CAMINO AL FUTURO',24,100,'LIMUSA',19),(180,'COMPORTAM. ORGANIZAC.',105,1827,'PRENTICE-HALL',20),(181,'DINAMICA GERENCIAL',58,569,'LIMUSA',1),(182,'EVALUACION DE PROYECTOS',32,598,'MCGRAW-HILL',2),(183,'DISEÑO DE BASE DE DATOS',164,1387,'PRENTICE-HALL',3),(184,'INGENIERIA DE SOFTWARE',200,1942,'MCGRAW-HILL',4),(185,'INTROD.ESTUDIO DEL DERECH',134,1508,'LIMUSA',5),(186,'EL ALUMINIO Y SUS ALEACIO',79,525,'MARCOMBO',6),(187,'EQUIPO DIESEL VOL. 1',54,464,'MARCOMBO',7),(188,'EL ALTO CRECIMIENTO',170,321,'ADDISON',8),(189,'LA GUERRA DE LAS ASPIRINA',8,1960,'MCGRAW-HILL',9),(190,'LA ORGANIZ.PERMANEN.EXITO',78,1299,'MCGRAW-HILL',10),(191,'CONFORMACION METALICA P47',3,1822,'PRENTICE-HALL',11),(192,'FUNDAMENTOS DE TERMODINAM',54,234,'GEDISA',12),(193,'FUNDAMENTOS MERCADOTECNIA',9,944,'LIMUSA',13),(194,'ESTRUC.DE DATOS Y ALGORIT',163,1769,'PRENTICE HALL',14),(195,'TURBO PASCAL 7 MAN. DE RE',115,1309,'TRILLAS',15),(196,'DERECHO ECONOMICO',195,700,'MCGRAW HILL',16),(197,'TEORIA GENERAL DEL PROCES',183,727,'PRENTICE HALL',17),(198,'ECONOMIA',185,1769,'MCGRAW HILL',18),(199,'COMO HACER EMP. MAS COMPE',130,931,'MCGRAW-HILL',19),(200,'COMPILADORES PRINCIPIOS',11,681,'PORRUA',20),(201,'CONTABILIDAD DE COSTOS 2T',190,342,'PRENTICE HALL',1),(202,'MANUAL DEL CONTADOR COSTO',154,316,'MCGRAW-HILL',2),(203,'TEORIA DE COMPUTACION',13,1561,'LIMUSA',3),(204,'TRATADO DE LOS DELITOS Y',104,727,'ADDISON',4),(205,'SISTEMAS ELECTRON. DIGITA',5,1642,'PRENTICE HALL',5),(206,'ECUACIONES DIFERENCIALES',27,286,'LIMUSA',6),(207,'ADMINISTRACION DE OPERACI',51,1209,'IBEROAMERICA',7),(208,'CONTROL DE CALIDAD',198,1186,'ADDISON',8),(209,'LA DOBLE MORAL EN ORGAN.',52,1732,'HARLA',9),(210,'CONTABILIDAD INTERMEDIA',125,1864,'MCGRAW-HILL',10),(211,'LENGUAJE PROGRAMACION C',43,839,'ADDISON',11),(212,'MICROSOFT ACCESS',198,604,'GERNIKA',12),(213,'PASCAL Y ESTRUCTURA D/DAT',75,589,'LIMUSA',13),(214,'SISTEMAS OPERATIVOS; DISE',189,517,'LIMUSA',14),(215,'TEORIA SOCIOLOGICA CLASIC',135,1591,'MCGRAW-HILL',15),(216,'CONTROL DE CONTAMIN. AGUA',15,278,'MCGRAW-HILL',16),(217,'CONTROL PROCES.INDUSTRIAL',122,1087,'LIMUSA',17),(218,'DE LA ANTICIPACION A LA A',138,1040,'MCGRAW-HILL',18),(219,'GRAF.POR COMPUT.C/PASCAL',188,1699,'MCGRAW-HILL',19),(220,'PASCAL Y TURBO PASCAL',151,969,'ADDISON',20),(221,'SISTEMAS DIGITALES',111,1271,'CECSA',1),(222,'MICROECONOMIA TEORIA, APL',181,946,'LIMUSA',2),(223,'PROMETEO ENCADENADO',187,948,'PRENTICE HALL',3),(224,'CORROSION BACTERIANA',42,1029,'MCGRAW-HILL',4),(225,'CALCULO CON GEOMETRIA ANA',71,1389,'MCGRAW-HILL',5),(226,'CEREBRO Y LENGUAJE',166,870,'CECSA',6),(227,'ESTADISTICA',79,1665,'MCGRAW-HILL',7),(228,'ESTADISTICA BAS. EN ADM.',94,606,'MCGRAW-HILL',8),(229,'MERCADOTECNIA (SCHAUM)',173,324,'PRENTICE HALL',9),(230,'FISICA II',3,1326,'PRENTICE-HALL',10),(231,'SOCIOLOGIA',64,1034,'MCGRAW-HILL',11),(232,'INGENIERIA DE CONTROL MOD',95,444,'MCGRAW-HILL',12),(233,'ALGEBRA LINEAL',190,1338,'PRENTICE-HALL',13),(234,'METODOS ESTADISTICOS',100,1674,'ALFAOMEGA',14),(235,'CALIDAD TOTAL',78,221,'IBEROAMERICA',15),(236,'PRESUPUESTOS, PLANIF.',90,1400,'MCGRAW-HILL',16),(237,'ANALIS.Y DISENO BASE DATO',41,203,'MCGRAW-HILL',17),(238,'AUDITORIAS DE LOS EE.FIN.',82,781,'MCGRAW-HILL',18),(239,'FISICA VOLUMEN II',112,463,'ALFAOMEGA',19),(240,'INTROD. A ESTUDIO D/DEREC',153,1823,'MCGRAW-HILL',20),(241,'ECONOMIA MUNDIAL',5,220,'TRILLAS',1),(242,'PROBAB. Y APLICAC. ESTADI',171,1849,'PAIDOS',2),(243,'PRIVATIZACION:LA CLAVE P/',118,1633,'LIMUSA',3),(244,'TRATADO CALIDAD TOTAL(2T)',150,1766,'PORRUA',4),(245,'INTRODUCCION A LA QUIMICA',100,470,'MARCOMBO',5),(246,'MANUAL VISUAL BASIC 3 P/W',196,1203,'LIMUSA',6),(247,'MICROSOFT C++ MANUAL DE R',22,1763,'LIMUSA',7),(248,'CRIMINALISTICA 2',99,1253,'PRENTICE-HALL',8),(249,'INGENIERIA ECONOMICA',142,1920,'MCGRAW-HILL',9),(250,'SISTEMAS DE CONTROL LINEA',32,1394,'LIMUSA',10),(251,'PROG. ORIENTADA OBJETOS',165,1243,'PRENTICE HALL',11),(252,'50 MODELOS FINANC.C/EXCEL',2,164,'MCGRAW-HILL',12),(253,'MANUAL ING.IND.2 TOMOS',166,1725,'ADDISON',13),(254,'ADMINISTRACION',107,1084,'MCGRAW-HILL',14),(255,'GERENCIA DEL DESEMPEñO',27,1554,'MCGRAW-HILL',15),(256,'PLAN/NEGOCIOS DEL EMPREND',105,793,'MCGRAW-HILL',16),(257,'PLANEACION ESTRATEGICA',106,171,'GRIJALBO',17),(258,'HARVARD GRAPHICS MAN. REF',15,463,'LIMUSA',18),(259,'CRECIMIENTO ECONOMICO',152,1693,'LIMUSA',19),(260,'ESTADISTICA MATEM. C/APLI',170,1089,'MCGRAW-HILL',20),(261,'PSICOLOGIA',143,1851,'PRENTICE HALL',1),(262,'INTRODUCCION AL MARKETING',113,1840,'MCGRAW-HILL',2),(263,'LA GUERRA DE LA MERCADOTE',198,1190,'PRENTICE HALL',3),(264,'SISTEMAS DE INFORMACION A',106,1323,'MCGRAW-HILL',4),(265,'CONTROL DE CALIDAD Y EST.',146,1165,'PRENTICE HALL',5),(266,'ECUAC. DIFER. Y APLICACIO',61,1908,'CECSA',6),(267,'ECUACIONES DIFERENCIALES',12,275,'MCGRAW-HILL',7),(268,'EL JEFE DE PRODUCTO',148,1103,'MCGRAW-HILL',8),(269,'HABLEMOS DE CALIDAD',6,248,'MCGRAW-HILL',9),(270,'LA EMPRESA HACIA ANO 2010',2,469,'MCGRAW HILL',10),(271,'FUNDAMENTOS DE INFORMATIC',71,128,'MCGRAW-HILL',11),(272,'LA TELEVISION ANALISIS Y',115,355,'MCGRAW-HILL',12),(273,'PROCESAM DE LA INFORMACIO',186,424,'MCGRAW HILL',13),(274,'UNIX PARA INEXPERTOS',161,328,'MCGRAW-HILL',14),(275,'EL PAPEL DEL ABOGADO',172,774,'MCGRAW-HILL',15),(276,'LA FABRICA FLEXIBLE',168,1947,'IBEROAMERICA',16),(277,'CALCULO APLICADO',55,1957,'ALFAOMEGA',17),(278,'INTROD. ALGEBRA LINEAL',68,1963,'DIAZ DE SANTO',18),(279,'PROBABILIDAD Y ESTADISTIC',1,1408,'ALFAOMEGA',19),(280,'EL MKTG. COMO ARMA COMPET',6,737,'MCGRAW-HILL',20),(281,'FUND. ESTRCUCT. DATOS',128,1603,'TRILLAS',1),(282,'FUND. DE DIBUJO EN INGEN.',14,515,'MCGRAW-HILL',2),(283,'ADMINISTRAC.POR POLITICAS',42,1172,'MCGRAW-HILL',3),(284,'AUTODISEÑOS DE ORGANIZACI',149,550,'MCGRAW-HILL',4),(285,'DIRECC.DE OPERA(A.ESTRAT)',141,1593,'ATENEO',5),(286,'EL PODER DE LAS ORGANIZAC',134,182,'DIAZ DE SANTO',6),(287,'EL TOQUE MAGICO DE DISNEY',57,1583,'MCGRAW-HILL',7),(288,'TUS ZONAS ERRONEAS',172,126,'MCGRAW-HILL',8),(289,'INGENIERIA ECONOMICA:ANAL',37,340,'LIMUSA',9),(290,'REINVENTAR LA FABRICA',22,492,'LIMUSA',10),(291,'ANALISIS DE DECISIONES',98,1237,'MCGRAW-HILL',11),(292,'MERCADOTECNIA',45,690,'MCGRAW-HILL',12),(293,'POSICIONAMIENTO',22,1451,'MCGRAW-HILL',13),(294,'INGENIERIA COMPUTACIONAL',178,218,'MCGRAW-HILL',14),(295,'TIPS Y TECNICAS P/.ELECTR',94,425,'MCGRAW-HILL',15),(296,'PROBAB. Y ESTAD. P/INGENI',20,1951,'MCGRAW-HILL',16),(297,'ADMINISTRACION DE COMPRAS',119,1043,'ADDISON',17),(298,'ADMINISTRACION MODERNA',101,682,'MCGRAW HILL',18),(299,'CURSO MCGRAW DE MANAGEMEN',108,1912,'MARCOMBO',19),(300,'INVEST.INTEGRAL DE MERCAD',195,1278,'IBEROAMERICA',20),(301,'LIDERAZGO Y ESTRATEGIA',63,866,'LIMUSA',1),(302,'PUNTOS ESTRATEGICOS',150,742,'ADDISON',2),(303,'ARQUITECTURA DE COMPUTADO',59,1490,'MCGRAW-HILL',3),(304,'FISICOQUIMICA',167,673,'CECSA',4),(305,'MICROSOFT OFFICE WINDOWS',135,953,'CECSA',5),(306,'POLITICA ECONOMICA',93,1049,'LIMUSA',6),(307,'MECANICA DE MATERIALES',198,333,'ADDISON',7),(308,'TECNOLOG. DE FABRICAC. 2',199,576,'DIAZ DE SANTO',8),(309,'COMO CONQUISTAR Y MANT. F',37,1760,'MCGRAW-HILL',9),(310,'INTERNET PASO A PASO',87,1430,'MCGRAW-HILL',10),(311,'TELEINFORMATICA APLICA. 1',120,1843,'LIMUSA',11),(312,'PROB.EPISTEMOLOGIC.PSICOL',29,1320,'MCGRAW-HILL',12),(313,'SECRETOS EXITO CORREO DIR',141,400,'LIMUSA',13),(314,'TODO EL PODER DE MULTIMED',182,1528,'MCGRAW-HILL',14),(315,'PROBABILIDAD Y ESTADISTIC',6,942,'PORRUA',15),(316,'COMERCIALIZACION:UN ENFOQ',194,923,'ADDISON',16),(317,'EL FACTOR LIDERAZGO',1,160,'HARLA',17),(318,'EL HOTELERO',148,1054,'ADDISON',18),(319,'VENTAS AL DETALLE',140,549,'MCGRAW-HILL',19),(320,'COMO HACER UN LIBRO C/MIC',24,538,'LIMUSA',20),(321,'DICCIONARIO DE ECONOMIA',81,1881,'LIMUSA',1),(322,'CURSO DE PROGRAMACION',94,656,'MCGRAW-HILL',2),(323,'ESTRUCTURA DE DATOS',174,666,'LIMUSA',3),(324,'FORMADO DE METALES',122,1254,'MCGRAW HILL',4),(325,'MATEMATICAS FINITAS',165,610,'MCGRAW-HILL',5),(326,'DIRECCION POR SERVICIO',119,784,'IBEROAMERICA',6),(327,'MKTG. DE SERVICIOS COMPLE',41,159,'NORMA',7),(328,'CASE AUTOMAT.DEL SOFTWARE',32,881,'MCGRAW-HILL',8),(329,'MONEDA Y BANCA',49,1947,'MARCOMBO',9),(330,'FIABILIDAD SEGU.PROC.INDU',188,1607,'ADDISON',10),(331,'PROBAB. Y ESTAD. P/INGEN.',147,178,'MCGRAW-HILL',11),(332,'DICCIONARIO ILUSTRADO',119,869,'MCGRAW HILL',12),(333,'ELEM.Y HERRAM.DESAR.SISTE',6,1042,'MCGRAW HILL',13),(334,'FUNDAM. DE PROGRAMACION',87,1087,'ADDISON',14),(335,'ELEM. TECNOLOGIA ALIMENTO',130,234,'TRILLAS',15),(336,'MAQUINADO DE METALES,MAQU',75,956,'MCGRAW-HILL',16),(337,'APLICACIONES DE CALCULO',44,1832,'HARLA',17),(338,'CALCULO',182,1544,'REVERTE',18),(339,'EL CLIENTE ES LA CLAVE',128,1990,'MARCOMBO',19),(340,'INTUICIONES GANADORAS',36,1434,'PRENTICE HALL',20),(341,'ORGANIZAC.Y ADMIN.DE EMP.',192,147,'MCGRAW-HILL',1),(342,'PRINCIPIOS DIRECC. Y COND',50,715,'LIMUSA',2),(343,'CONTABILIDAD ADMINIST.',69,310,'MCGRAW-HILL',3),(344,'LOS MICROPROC.INTEL AVANZ',181,1982,'MCGRAW-HILL',4),(345,'ORGANIZACION DE COMPUTADO',100,1636,'IBEROAMERICA',5),(346,'DERECHO BANCARIO',64,965,'MCGRAW-HILL',6),(347,'MICROECONOMIA',111,1897,'IBEROAMERICAN',7),(348,'THE OXFORD SPANISH DICTIO',169,392,'MCGRAW HILL',8),(349,'CALCULO Y GEOM. ANALIT.V1',27,1263,'LIMUSA',9),(350,'LAS ABSORCIONES DE EMPRES',139,1600,'ADDISON',10),(351,'INTROD. A LA INGENIERIA',181,391,'PRENTICE HALL',11),(352,'MANUAL MAQUIN Y HERRAM 1',175,298,'MCGRAW-HILL',12),(353,'INVESTIGACION DE OPERAC.',183,339,'CECSA',13),(354,'EL ABOGADO LITIGANTE',179,984,'ADDISON',14),(355,'MECAN. VECTORIAL ESTATICA',125,1700,'MCGRAW-HILL',15),(356,'METODOS CUANTITATIVOS PAR',16,1876,'MCGRAW HILL',16),(357,'ENTRENAM. BASICO DE VTAS.',184,413,'ALFAOMEGA',17),(358,'GLOBALIZACION',176,928,'MAROMBO',18),(359,'LOS MITOS DEL MARKETING',199,964,'PRENTICE HALL',19),(360,'PLANIF.Y RENTAB.DE PROYEC',154,852,'CECSA',20),(361,'QUIMICA GENERAL',102,1844,'ADDISON',1),(362,'GUIA DE INSTRUMENT. ELECT',74,979,'MCGRAW-HILL',2),(363,'MATEMATICAS FINANCIERAS',112,1344,'CECSA',3),(364,'INTROD. TEORIA GRAL. ADM.',94,1908,'PRENTICE HALL',4),(365,'SISTEMA X WINDOWS',66,1295,'MCGRAW-HILL',5),(366,'LA PROTECCION DE LA PERSO',155,1796,'PRENTICE HALL',6),(367,'TEMAS DE ORGAN.ECON.INTER',106,203,'MCGRAW-HILL',7),(368,'THE OXFORD DICTIO.GRAMMAR',103,1245,'MCGRAW-HILL',8),(369,'MANUAL CONTROL DE CALIDAD',173,1791,'ADDISON',9),(370,'NUEVAS TECN.CONTROL STOCK',54,914,'MCGRAW-HILL',10),(371,'ADMINISTRACION FINANCIERA',49,1290,'PRENTICE HALL',11),(372,'MERCADOTECNIA',36,585,'PORRUA',12),(373,'COMUNIC. DATOS EN NEGOCIO',189,1979,'PORRUA',13),(374,'LA MAGIA DE LA MULTIMEDIA',113,414,'PORRUA',14),(375,'LA MODERNA AUDITORIA',87,1259,'TRILLAS',15),(376,'INTRODUCCION A LA LOGICA',80,111,'DIAZ DE SANTO',16),(377,'CAMINO FACIL A POWER POIN',74,1533,'ADDISON',17),(378,'QUIMICA ORGANICA',187,858,'MCGRAW-HILL',18),(379,'ECONOMETRIA',57,1405,'MCGRAW-HILL',19),(380,'CALCULO DE VARIAS VARIABL',177,154,'LIMUSA',20),(381,'AUTODESK 3 D ESTUDIO',144,1195,'LIMUSA',1),(382,'CIENCIA DE MATERIALES P/I',129,1101,'MCGRAW-HILL',2),(383,'ALGEBRA LINEAL(SHAUM)',194,158,'ADDISON',3),(384,'ADMIN. AGENCIAS DE VIAJE',189,906,'CECSA',4),(385,'MANAGEMENT PARTICIPATIVO',187,360,'LIMUSA',5),(386,'FUND. DE LOS MICROPROCESA',1,1117,'MCGRAW-HILL',6),(387,'QUIMICA',46,756,'MCGRAW-HILL',7),(388,'MANUAL FORMULAS TECNICAS',88,958,'LIMUSA',8),(389,'PREVICION TECNOL.D.DEMAND',29,478,'ADDISON',9),(390,'ESTADISTICA ELEMENTAL',66,763,'MCGRAW-HILL',10),(391,'ADMINIST.3RA. OLA',12,1550,'PRENTICE-HALL',11),(392,'FINANZAS DE EMP.MULTINACI',175,438,'TRILLAS',12),(393,'LA INTERNALIZ. DE EMPRESA',59,1990,'ADDISON',13),(394,'1000 FORMAS DE AUM. VTAS.',72,177,'MCGRAW-HILL',14),(395,'ARQ. DE COMPUTADORAS',95,1355,'HARLA',15),(396,'CONTAB. SISTEMA DE INFORM',106,1287,'LIMUSA',16),(397,'CONTABILIDAD',84,1146,'LIMUSA',17),(398,'CONTABILIDAD DE COSTOS',54,1090,'HARLA',18),(399,'CONTABILIDAD FINANCIERA',192,1976,'IMCP',19),(400,'DESARR.Y PROGR. SIST DIGI',84,1644,'MCGRAW-HILL',20),(401,'FISICA PARA ESTUD. ING. I',76,1308,'PRENTICE-HALL',1),(402,'MICROCOMPUTADORAS',90,645,'PRENTICE-HALL',2),(403,'EL DERECHO ANGLOAMERICANO',115,1712,'MCGRAW-HILL',3),(404,'ELEMENTOS DE TEORIA GRAL',83,494,'MCGRAW-HILL',4),(405,'SOCIOLOGIA',175,1433,'PORRUA',5),(406,'TEORIA DEL APRENDIZAJE',111,1204,'LIMUSA',6),(407,'JURAN Y LA PLANIF. P/CALI',7,635,'LASSER',7),(408,'MARKETING INTERNACIONAL P',40,533,'MCGRAW-HILL',8),(409,'PUBLICIDAD',54,1221,'LIMUSA',9),(410,'ARQUITECTURA DE COMPUTADO',199,190,'CECSA',10),(411,'CONOZCA A EL DISCO DURO',172,1799,'MCGRAW-HILL',11),(412,'EN INTERES DE QUIEN',44,1499,'MCGRAW-HILL',12),(413,'FISICA:FUNDAM. Y APLICAC.',37,296,'CECSA',13),(414,'REDES NEURONALES',74,1886,'PRENTICE HALL',14),(415,'EQUIPO DIESEL VOL.2',19,564,'LIMUSA',15),(416,'POLIMEROS, SINTESIS Y CAR',24,221,'MCGRAW-HILL',16),(417,'ADMINISTRACION',106,838,'MCGRAW-HILL',17),(418,'CUIDATE DEL HOMBRE DESNUD',96,1368,'MCGRAW HILL',18),(419,'MODEL. Y MET. ECONOMET.',13,1373,'ADDISON',19),(420,'MECAN. PARA INGEN:ESTATIC',128,1047,'PRENTICE HALL',20),(421,'ELEMENTOS DE MATEM.DISCRE',160,447,'HARLA',1),(422,'MATEMATICAS DISCRETAS',154,1173,'MCGRAW-HILL',2),(423,'PSICOLOGIA DE LA ADOLESC.',170,1304,'HARLA',3),(424,'EL IMPACTO DE LA TECNOLOG',173,407,'CECSA',4),(425,'ANALISIS DISEñO SIST.INF.',76,696,'MCGRAW HILL',5),(426,'DERECHO ADMINIST. 1ER CUR',112,1353,'IBEROAMERICA',6),(427,'DICCIONARIO DE ECONOMIA',45,630,'PRENTICE HALL',7),(428,'ANUARIO PRUEBAS DE CALIDA',25,618,'MCGRAW-HILL',8),(429,'ESTADISTICA P/ CC. E ING.',82,1612,'MCGRAW-HILL',9),(430,'UN TESORO DE EXPRES. COME',34,249,'LIMUSA',10),(431,'CONTABILIDAD BASE DECISIO',167,1367,'MCGRAW-HILL',11),(432,'ESTRUCTURAS DE DATOS EN C',138,316,'PRENTICE HALL',12),(433,'ORGANIZACION DE COMPUTADO',164,396,'PRENTICE HALL',13),(434,'PROGRAMACION METODICA',198,1509,'MCGRAW-HILL',14),(435,'SIST.DE INFORM.P/TOMA DE',123,274,'HARLA',15),(436,'FRONTERA NORTE DE MEXICO',172,1489,'REVERTE',16),(437,'MOTOR GASOLINA 4 TIEMPOS',43,471,'MCGRAW-HILL',17),(438,'EN BUSCA DE LA EXCELENCIA',17,587,'MCGRAW-HILL',18),(439,'FINANZAS EN ADMINISTRAC 1',158,203,'CECSA',19),(440,'INTROD. AL ESTUDIO DE TRA',162,1299,'MCGRAW-HILL',20),(441,'MAS ALLA DE LA REINGENIER',1,1712,'TRILLAS',1),(442,'CAMINO FACIL WINDOWS 3.1.',108,1299,'LIMUSA',2),(443,'LA PRACTICA EN DEREC.NOTA',192,1630,'PRENTICE-HALL',3),(444,'AIRE ACONDIC.AUTOMOVILES',157,1962,'MCGRAW-HILL',4),(445,'QUIMICA',164,1686,'MCGRAW-HILL',5),(446,'CALCULO AVANZADO',72,818,'REVERTE',6),(447,'ADMINISTRACION ESTRATEG.',48,468,'MCGRAW-HILL',7),(448,'COMO MANEJAR PRESION TRAB',104,1001,'ADDISON',8),(449,'INVESTIGACION DE MERCADOS',108,1978,'MCGRAW-HILL',9),(450,'METODOS DESARROLLO ORGANI',35,621,'LIMUSA',10),(451,'EL LIBRO DEL INTERNET',85,1436,'MCGRAW-HILL',11),(452,'DERECHO ADMINISTRAT. 2DO.',5,1375,'DIAZ DE SANTO',12),(453,'RETROALIMENT SIST CONTROL',80,1648,'ATENEO',13),(454,'QUIMICA ORGANICA',71,679,'ADDISON',14),(455,'ALGEBRA UNIVERSITARIA',43,415,'MCGRAW-HILL',15),(456,'COMO INICIAR SU P/NEGOCIO',102,491,'MCGRAW-HILL',16),(457,'EL TRATADO DE LIBRE COMER',45,831,'PRENTICE HALL',17),(458,'FISICA GENERAL TOMO II',146,1722,'LIMUSA',18),(459,'PASCAL',76,838,'LIMUSA',19),(460,'ECONOMIA INTERNACIONAL',167,107,'LIMUSA',20),(461,'SOLDADURA ARCO METAL. C/P',194,844,'CECSA',1),(462,'ALGEBRA LINEAL',197,463,'IBEROAMERICA',2),(463,'OTTO KLEPPNERS PUBLIC.',69,326,'LIMUSA',3),(464,'ANALISIS Y DISEÑO OR. OBJ',134,748,'TRILLAS',4),(465,'FISICA I',49,1076,'CECSA',5),(466,'JUICIOS MERCANTILES',43,196,'MCGRAW-HILL',6),(467,'MECANICA CUANTICA',152,915,'MCGRAW-HILL',7),(468,'ADMINISTRACION DE VENTAS',65,1502,'PRENTICE HALL',8),(469,'FUTUROS Y OPCIONES GEST.C',77,1638,'MCGRAW-HILL',9),(470,'HABLE PROFESIONALMENTE',132,2000,'CECSA',10),(471,'MICROSOFT WORD 6 P/WINDOW',149,1191,'GRIJALBO',11),(472,'PRESUPUESTO PUBLICO',136,947,'MCGRAW HILL',12),(473,'INGEN. INDUST. E INV. OP.',191,1849,'MCGRAW HILL',13),(474,'ESTADISTICA PARA LA ADMIN',103,1535,'CECSA',14),(475,'INGENIERIA FINANCIERA',145,1976,'NCGRAW-HILL',15),(476,'INV. DE MERCADOS',31,1686,'LIMUSA',16),(477,'INTROD.A FISICA EST.SOLID',69,213,'LIMUSA',17),(478,'EL DESAFIO LATINOAMERICAN',119,109,'LIMUSA',18),(479,'EVOLUCION D/SISTEMA ECON.',45,393,'MCGRAW-HILL',19),(480,'METODOLOGIA',49,637,'PRENTICE HALL',20),(481,'DIBUJO TECNICO BASICO',191,622,'MCGRAW-HILL',1),(482,'ADMINISTRACION',178,277,'MCGRAW-HILL',2),(483,'GESTION DE LA TESORERIA D',199,1908,'MCGRAW-HILL',3),(484,'PRINCIPIOS DE ADMINISTRAC',104,1332,'MCGRAW HILL',4),(485,'COMPILADORES,CONCEPT.FUND',81,756,'ALFAOMEGA',5),(486,'FUNDAM. BASE DATOS',193,657,'MCGRAW-HILL',6),(487,'INTROD. INVESTIG. OPERAC.',27,1981,'PRENTICE HALL',7),(488,'DESARROLLO ORGANIZACIONAL',12,378,'ADDISON',8),(489,'INTROD. PROG. VISUALBASIC',133,1326,'HARLA',9),(490,'SIMULACION POR COMPUTADOR',191,197,'MCGRAW-HILL',10),(491,'CRIMINALISTICA 3',153,1266,'MCGRAW-HILL',11),(492,'TERMODINAMICA',115,722,'MCGRAW-HILL',12),(493,'ALGEBRA LINEAL',2,817,'LIMUSA',13),(494,'PENSAMIENTO DE SISTEMAS',178,1915,'MCGRAW-HILL',14),(495,'PERFILES DEL CUADRANTE EX',191,494,'LIMUSA',15),(496,'QUIMICA PARA CC. E ING.',12,760,'MCGRAW-HILL',16),(497,'COMO ENTENDER WALL STREET',118,707,'MCGRAW-HILL',17),(498,'HISTORIA TEORIA ECONOMICA',180,1418,'PRENTICE-HALL',18),(499,'MACROECONOMIA',42,1345,'PRENTICE-HALL',19),(500,'BALANCES DE MATERIA Y ENE',189,887,'MCGRAW-HILL',20),(501,'INGENIERIA DE MANUFACTURA',47,314,'LIMUSA',1),(502,'COMO ADMINISTRAR EL FUTUR',165,1588,'MCGRAW-HILL',2),(503,'MAXIMARKETING',186,124,'MARCOMBO',3),(504,'CONTABILIDAD DE COSTOS',183,848,'MARCOMBO',4),(505,'COSTOS Y CONTAB. ADMINIST',59,541,'MARCOMBO',5),(506,'GUIA COMPLETA WORD 6 WIND',135,630,'LIMUSA',6),(507,'QUARK EXPRESS P/WINDOWS',68,1913,'GRIJALBO',7),(508,'CRIMINALISTICA 1',15,867,'MCGRAW-HILL',8),(509,'ESTADISTICA BASICA PRACTI',79,1570,'MCGRAW-HILL',9),(510,'PROBABILIDAD Y ESTADISTIC',81,765,'LIMUSA',10),(511,'EL PROCESO ESTRATEGICO',176,578,'CECSA',11),(512,'PROGRAM. TURBO PASCAL',127,1569,'LIMUSA',12),(513,'ESTAD.INFERENC.P/ECONOMIA',150,1886,'MCGRAW-HILL',13),(514,'INTROD. A CC. SOCIALES',48,1480,'MCGRAW-HILL',14),(515,'MATEMATICAS FINANCIERAS',147,1637,'LIMUSA',15),(516,'AUDITORIA DEL SERV.COMPRA',176,1718,'MCGRAW-HILL',16),(517,'COMO GEREN. TRANSF. CALID',88,1828,'MCGRAW-HILL',17),(518,'INVESTIGACION DE OPERACIO',180,1076,'MCGRAW-HILL',18),(519,'FISICOQUIMICA',106,930,'PRENTICE-HALL',19),(520,'LECCIONES DE DERECHO PENA',105,1478,'MCGRAW-HILL',20),(521,'FUNDAM.ING.ELECT.',5,567,'LIMUSA',1),(522,'METODOS NUMERICOS P/INGEN',141,257,'PORRUA',2),(523,'70 RPTAS CLAVES P/GERENTE',175,595,'IBEROAMERICA',3),(524,'CONOZCA CD ROM',112,1684,'LIMUSA',4),(525,'SIST.INFORMAC.GERENCIAL',110,1562,'MCGRAW-HILL',5),(526,'ECOLOGIA VEGETAL',76,343,'LIMUSA',6),(527,'LIDERAZGO',18,1818,'TRILLAS',7),(528,'SERVUCCION EL MKTG.D/SERV',40,1607,'MCGRAW-HILL',8),(529,'ANALISIS ESTRUCTURADO MOD',107,324,'MCGRAW-HILL',9),(530,'ANALISIS Y DISEÑO DE SIST',116,1181,'MCGRAW-HILL',10),(531,'ARQUITECTURA DE ORDENADOR',8,1387,'MCGRAW-HILL',11),(532,'MULTIMEDIA Y CD ROMS P/IN',66,298,'LIMUSA',12),(533,'PROGRAMACION EN PASCAL',143,771,'PRENTICE-HALL',13),(534,'ELECTROMECANIZADO ELECTRO',13,544,'PORRUA',14),(535,'PACKAGING MANUAL DE USO',47,1043,'MCGRAW-HILL',15),(536,'RECUBRIMIENTO DE LOS META',47,215,'MCGRAW-HILL',16),(537,'TECNICAS JAPONESAS DE FAB',160,1583,'PRENTICE-HALL',17),(538,'TUS ZONAS MAGICAS',37,1441,'LIMUSA',18),(539,'METODOS MATEMAT.P/ECONOMI',83,1627,'MCGRAW-HILL',19),(540,'INTRO.AL DISEñO ELECTRONI',76,190,'MCGRAW-HILL',20),(541,'ISO 9000',58,583,'MCGRAW-HILL',1),(542,'PROC. DE TRANSP. Y OPERAC',141,1957,'MCGRAW-HILL',2),(543,'TABLAS ARBOLES Y MAPAS',56,1129,'NORMA',3),(544,'PROBAB. Y ESTAD.P/INGENIE',107,1047,'MCGRAW-HILL',4),(545,'ADMINIST. DE PERS.Y RR.HH',149,374,'MCGRAW-HILL',5),(546,'LA INFORMAC.FINANCIERA/ES',53,200,'LIMUSA',6),(547,'SISTEMAS OPERATIVOS',85,1164,'PRENTICE HALL',7),(548,'FUNDAM.DE ECONOMIA Y ORG.',115,1837,'TRILLAS',8),(549,'METODOLOGIA DE LA INVESTI',184,505,'TRILLAS',9),(550,'MATEMATICAS FINANCIERAS',77,523,'LIMUSA',10),(551,'PREP. Y EVAL. DE PROYECTO',15,1923,'MCGRAW-HILL',11),(552,'QUIMICA GENERAL',68,974,'LIMUSA',12),(553,'TEORIA PURA DEL DERECHO',118,1860,'PORRUA',13),(554,'MICROECONOMIA',128,1629,'TRILLAS',14),(555,'ALGEBRA LINEAL Y TEORIA',37,659,'LIMUSA',15),(556,'CALCULO Y GEOM.ANALI.VOL1',178,1909,'MCGRAW-HILL',16),(557,'INTROD. TEORIA PROBABIL.',188,910,'MCGRAW-HILL',17),(558,'BASES PSICOLOGICAS DEL NA',172,807,'MCGRAW-HILL',18),(559,'ESCAPE DEL INFIERNO ADMIN',136,1769,'IBEROAMERICA',19),(560,'FUNDAMENTOS DE FINANZAS',167,416,'PORRUA',20),(561,'MARKETING',56,1394,'LIMUSA',1),(562,'OPCIONES FINANCIERAS',138,636,'MCGRAW HILL',2),(563,'REINGENIERIADE PROCESOS',185,666,'LIMUSA',3),(564,'CONTABILIDAD FINANCIERA;',111,1320,'MCGRAW-HILL',4),(565,'ELEMENTOS DEL DERECHO',120,685,'LIMUSA',5),(566,'MERCADO DE DIVISAS M.DINE',183,1358,'ADDISON',6),(567,'HIDRAULICA DE CANALES ABI',75,727,'LIMUSA',7),(568,'ESTRUCTURAS DE MATEMATICA',172,1383,'MCGRAW-HILL',8),(569,'CAPACITACION Y DESARROLLO',162,1846,'MCGRAW-HILL',9),(570,'COMO DIRIGIR UNA PEQ.EMP.',192,257,'MCGRAW-HILL',10),(571,'COMO ENTRAR EN EL MERCADO',146,163,'LIMUSA',11),(572,'DISTRIBUCION COMERCIAL',22,442,'LIMUSA',12),(573,'ESTRATEGIA INTERNACIONAL',52,1575,'MCGRAW-HILL',13),(574,'LO QUE LAS EMPRESAS DEBEN',132,1170,'LIMUSA',14),(575,'CLIPPER 5.2 A SU ALCANCE',81,558,'ADDISON',15),(576,'INTROD. A LOS SIST. OPERA',187,1805,'MARCOMBO',16),(577,'SISTEMAS DE PROD. E INV.',17,917,'MCGRAW-HILL',17),(578,'ESTADISTICA PARA ADMIN.',55,566,'PORRUA',18),(579,'VALUACION Y COMPENSACION',69,1453,'MCGRAW-HILL',19),(580,'MANUAL DE LENGUAJE Y TIPO',187,903,'MCGRAW HILL',20),(581,'MANUAL DE QUICK TIME',155,653,'DIAZ DE SANTO',1),(582,'PROGRAMACION EN C',45,267,'PRENTICE HALL',2),(583,'DERECHO ROMANO I',58,708,'IMCP',3),(584,'DIGNIDAD DEL ABOGADO',5,967,'MCGRAW HILL',4),(585,'INTROD.AL ANALISIS TEXTOS',9,392,'MANUAL MODERN',5),(586,'2000 PROCEDIMIENTOS INDUS',38,696,'PRENTICE HALL',6),(587,'ADMINISTRACION DE MARKETI',151,957,'MCGRAW-HILL',7),(588,'CONTABILIDAD DE COSTOS',190,1846,'MCGRAW-HILL',8),(589,'CONTABILIDAD PERU 2000',145,1763,'MCGRAW HILL',9),(590,'TURBO PASCAL CON APLICAC.',83,888,'LIMUSA',10),(591,'PROCED. PARA LA EXTRADICI',114,174,'MARCOMBO',11),(592,'INTROD. A LA ESTADISTICA',77,1371,'PRENTICE HALL',12),(593,'MATEMARTICAS APLICADAS AD',143,1194,'LIMUSA',13),(594,'ADMIN. PERSONAL SUELDOS',128,930,'ADDISON',14),(595,'LA VOZ DEL MERCADO',159,969,'HARLA',15),(596,'PERIODISMO COMPROMETIDO',101,718,'GERNIKA',16),(597,'INT. SISTEMAS OPERATIVOS',150,1907,'UTEHA',17),(598,'LIPS,PRIMER LENG. P/PROGR',101,1991,'LIMUSA',18),(599,'MICROSOFT WORD MS DOS',105,199,'PRENTICE HALL',19),(600,'LA INVESTIGACION JURIDICA',179,250,'LIMUSA',20),(601,'MAQUINAS ELECTRICAS',49,1042,'MCGRAW-HILL',1),(602,'MOTOR WANKEL',68,315,'MCGRAW-HILL',2),(603,'CALCULO CON APLICACIONES',121,1522,'MCGRAW-HILL',3),(604,'MARKETING DE ABAJO HACIA',112,1541,'MCGRAW-HILL',4),(605,'PRINCIPIOS DE FISICOQUIMI',174,564,'HARLA',5),(606,'PROG. ORIENTADA P/. OBJET',14,706,'MCGRAW-HILL',6),(607,'LOGISTICA EMPRESARIAL',147,824,'TRILLAS',7),(608,'WORDPERFECT 6 PARA DOS',14,219,'ADDISON',8),(609,'BALISTICA FORENSE',133,216,'LIMUSA',9),(610,'ECONOMIA',191,795,'PORRUA',10),(611,'MECANICA DE MATERIALES',18,1364,'TRILLAS',11),(612,'GESTION DE VALOR DE MARCA',88,1014,'PORRUA',12),(613,'ALGORITMOS Y ESTRUCTURA',8,932,'GEDISA',13),(614,'LAS FINANZAS EN LA EMPRES',41,1752,'MCGRAW-HILL',14),(615,'PRINCIPIOS DE ELECTRONICA',174,1034,'MCGRAW-HILL',15),(616,'PSICOL. DESARR. EDAD ESCO',7,1116,'MCGRAW-HILL',16),(617,'DIRECC. MERCADOTECNIA',88,528,'LIMUSA',17),(618,'INICIAC.ADM.PEQ.Y MED.EMP',143,1560,'ADDISON',18),(619,'LA CALIDAD DEL SERVICIO',93,1679,'REVERTE',19),(620,'PRINCIPIOS QUIMICA INORGA',25,1626,'MARCOMBO',20),(621,'REDES DE AREA LOCAL',47,1622,'MCGRAW-HILL',1),(622,'COMO MEJORAR LA PRODUCTIV',69,1619,'LIMUSA',2),(623,'ANALISIS NUMERICO',199,1621,'MCGRAW-HILL',3),(624,'ADMINISTRACION DE RR.HH.',1,1434,'PORRUA',4),(625,'TRANSICIONES ORGANIZACION',75,554,'MCGRAW-HILL',5),(626,'DERECHO INTERNAC. PRIVADO',100,1867,'MARCOMBO',6),(627,'EL ARTE DE LA GUERRA',14,180,'TRILLAS',7),(628,'FISICA MODERNA (2 TOMOS)',7,1058,'MCGRAW-HILL',8),(629,'INTRODUCCION A LA TEORIA',2,376,'MCGRAW-HILL',9),(630,'MAT. APLICADA. A ADM. ECO',128,1313,'MCGRAW-HILL',10),(631,'ADMINISTRACION DE RR. HH.',171,942,'MCGRAW-HILL',11),(632,'CAM.DE PARADIGMAS EMPRESA',10,664,'MARCOMBO',12),(633,'ESTADISTICA PARA ADMINIST',88,1596,'PRENTICE-HALL',13),(634,'REINGENIERIA',199,755,'LIMUSA',14),(635,'AUDITORIA EN INFORMATICA',81,372,'MACCHI',15),(636,'DERECHO FISCAL',170,792,'MCGRAW-HILL',16),(637,'DIBUJO Y DISEñO DE INGEN.',169,873,'MCGRAW-HILL',17),(638,'PSICOL.DE LA MOTIVAC.TEOR',44,659,'LIMUSA',18),(639,'INGENIERIA DE SOFTWARE',11,106,'ATENEO',19),(640,'INTROD. A LA INFORMATICA',191,1429,'CECSA',20),(641,'DERECHO INTERNACION.PRIVA',45,563,'ALFAOMEGA',1),(642,'DERECHO PROCESAL AGRARIO',139,1420,'MCGRAW-HILL',2),(643,'HISTORIA DEL DERECHO ROMA',89,1159,'MCGRAW-HILL',3),(644,'DISCURSOS SOBRE LA LECTUR',56,925,'MCGRAW-HILL',4),(645,'MACROECONOMIA',12,298,'MCGRAW-HILL',5),(646,'CALCULO Y GEOMETRIA ANALI',50,1116,'PORRUA',6),(647,'ADMIN. EN LAS ORGANIZ.',74,1539,'LIMUSA',7),(648,'ADM. DE DATOS Y ARCHIVOS',57,1373,'LIMUSA',8),(649,'DOMINE PAINTBRUSH IV',83,636,'VENTURA',9),(650,'MANUAL DE INGNIERIA INDUS',157,721,'MCGRAW-HILL',10),(651,'PLANIF.Y PROG.DE LA PRODU',112,573,'HARLA',11),(652,'ESTIMACION DE COSTOS DE P',105,412,'IBEROAMERICAN',12),(653,'CONTABILIDAD (6 TOMOS)',120,1292,'TRILLAS',13),(654,'INT.AL PROCESA.DE DATOS',19,697,'MCGRAW-HILL',14),(655,'IMPUTABILIDAD E INIMPUTAB',86,704,'IMCP',15),(656,'METODOS CUANTIT. P/TOMA D',199,1494,'ALFAOMEGA',16),(657,'COMPETITIVIDAD ES CALIDAD',52,1029,'MCGRAW-HILL',17),(658,'BARRIO E IDENTIDAD',145,1402,'MCGRAW-HILL',18),(659,'CAMINO FACIL A DOS',51,1394,'MARCOMBO',19),(660,'ORGANIZAC.Y DISEÑO COMPUT',45,1437,'ADDISON',20),(661,'CODIGO DE BARRAS',113,736,'PRENTICE HALL',1),(662,'MECANICA DE SUELOS',95,469,'TRILLAS',2),(663,'CIRCULOS DE CALIDAD',95,1727,'MARCOMBO',3),(664,'COMPORTAM. DEL CONSUMIDOR',10,1020,'MCGRAW-HILL',4),(665,'PLANIF.Y CONTROL DE PROY.',191,1870,'ALFAOMEGA',5),(666,'PROYECTOS DE EXPORTACION',200,1518,'ATENEO',6),(667,'PROCESAMIENTO DE DATOS',162,179,'ADDISON',7),(668,'COMO HACER PRESENT. PROFE',172,197,'MCGRAW-HILL',8),(669,'COMPITIENDO CONTRA EL TIE',37,165,'MCGRAW-HILL',9),(670,'ESTRATEGIA EMPRESARIAL',23,1606,'PRENTICE HALL',10),(671,'LA ADMINIST. EN EL MANTEN',128,232,'LIMUSA',11),(672,'PRODUCTIVIDAD Y OPTIMIZAC',92,740,'LIMUSA',12),(673,'MARKETING VTAS. POR MENOR',106,127,'LIMUSA',13),(674,'XEROX PROFETAS EN LA OSCU',27,1009,'CECSA',14),(675,'PROGRAM.ORIENTADA A OBJET',132,1442,'IBEROAMERICA',15),(676,'WINDOWS 95',100,1763,'LIMUSA',16),(677,'DERECHO CONSULAR MEXICANO',7,1901,'TRILLAS',17),(678,'FUNDAM. DE GEOLOGIA FISIC',140,1541,'CECSA',18),(679,'MANUAL DEL INGENIERO',36,482,'MCGRAW-HILL',19),(680,'ABC DEL MS-DOS',163,1963,'MCGRAW-HILL',20),(681,'TURBO PASCAL ORIENT.OBJET',28,1950,'PRENTICE HALL',1),(682,'TITULOS Y CONTRAT. CREDIT',172,1850,'MCGRAW-HILL',2),(683,'MODELOS CUANTITA. ADM.',47,1214,'CECSA',3),(684,'TEORIA DE LA MOTIVACION',76,660,'GRIJALBO',4),(685,'INTROD. A LA TELEINFORMAT',139,876,'MCGRAW HILL',5),(686,'LA EXPER. DEL AUDITOR ANT',157,1130,'MCGRAW HILL',6),(687,'TABLAS DE VAPOR',46,1342,'CECSA',7),(688,'ALGEBRA LINEAL CON APLICA',112,1288,'NCGRAW-HILL',8),(689,'FUNDAM. MARKETING',161,529,'LIMUSA',9),(690,'MANAGEMENT:TECN.PUNTA DEL',195,779,'LIMUSA',10),(691,'C++ LENGUAJE DE PROGRAMAC',58,169,'LIMUSA',11),(692,'FUDAMENTOS DE QUIMICA',178,310,'MCGRAW-HILL',12),(693,'LAS AGENC. DE INF. EN MEX',193,1252,'PRENTICE HALL',13),(694,'CONTROL METODOS Y TIEMPOS',9,406,'MCGRAW-HILL',14),(695,'METODOS NUMERICOS',135,459,'PRENTICE HALL',15),(696,'TECNOLOG. DE FABRICAC. 1',197,460,'ADDISON',16),(697,'Morfofisiología  Tomo  I ',163,1241,'MCGRAW-HILL',17),(698,'Morfofisiología de Tomo II',168,1845,'MCGRAW HILL',18),(699,'Morfología Humana I',133,578,'LIMUSA',19),(700,'Morfología Humana II',105,560,'PRENTICE-HALL',20),(701,'Atlas de Anatomía Humana   ',27,411,'LIMUSA',1),(702,'Atlas de Anatomía Humana ',64,1557,'LIMUSA',2),(703,'Embriología Humana',36,1785,'MCGRAW-HILL',3),(704,'Embriología Médica ',109,602,'MCGRAW-HILL',4),(705,'Atlas de Embriología Humana',191,1801,'LIMUSA',5),(706,'Consideraciones Generales del aparato locomotor',195,485,'NORMA',6),(707,'Neuroanatomía ',198,488,'MCGRAW-HILL',7),(708,'Neuroanatomía Clinica Funcional ',186,401,'CECSA',8),(709,'Propedéutica Clínica y Semiologia Médica     Tomo I',64,1098,'LIMUSA',9),(710,'Propedéutica Clínica y Semiologia Médica     Tomo II',197,645,'LIMUSA',10),(711,'Histologia ',149,590,'ADDISON',11),(712,'Tratado de Fisiología Médica    Tomo I',108,1018,'ADDISON',12),(713,'Tratado de Fisiología Médica    Tomo II',122,360,'NORMA',13),(714,'Tratado de Fisiología Médica    Tomo, III',82,787,'MCGRAW-HILL',14),(715,'Fisiología Médica ',106,852,'LIMUSA',15),(716,'Vision One',73,1974,'MARCOMBO',16),(717,'Lecciones Filosofía, Salud y Sociedad. ',180,1280,'LIMUSA',17),(718,'Lecciones de Filosofía Marxista Leninista        Tomo I   ',89,414,'ADDISON',18),(719,'Lecciones de Filosofía Marxista Leninista        Tomo II  ',37,1727,'ADDISON',19),(720,'Medicina General Integral,   Volumen I',184,1217,'CECSA',20),(721,'Medicina General Integral,   Volumen II',43,1172,'MCGRAW-HILL',1),(722,'Medicina General Integral,   Volumen III',132,1295,'PRENTICE-HALL',2),(723,'Programa Nacional del Médico y la Enfermera de la Familia del MINSAP',67,1864,'MCGRAW-HILL',3),(724,'Informática temas para enfermería',54,1888,'EDITIA',4),(725,'Morfofisiología de Colectivo de autores Tomo  I ',39,1032,'MCGRAW-HILL',5),(726,'Morfofisiología de Colectivo de autores Tomos II',105,682,'MCGRAW HILL',6),(727,'Morfología Humana I',72,1987,'LIMUSA',7),(728,'Morfología Humana II',9,112,'IBEROAMERICA',8),(729,'Bioquímica Médica          Tomos I',156,1276,'LIMUSA',9),(730,'Bioquímica Médica          Tomos II',158,1973,'PRENTICE-HALL',10),(731,'Bioquímica Médica          Tomos III',159,310,'VENTURA',11),(732,'Bioquímica Médica          Tomos IV',98,1179,'LIMUSA',12),(733,'Atlas de Anatomía Humana (Johannes W. Rohen)  ',194,1639,'UTEHA',13),(734,'Atlas de Anatomía Humana (Netter Frank H.)',49,169,'ADDISON',14),(735,'Embriología Humana',184,1088,'HARLA',15),(736,'Embriología Médica',61,397,'MCGRAW-HILL',16),(737,'Atlas de Embriología',74,576,'MCGRAW-HILL',17),(738,'Consideraciones Generales del aparato locomotor',85,1229,'ADDISON',18),(739,'Neuroanatomía Clinica Funcional (Young Paul A.)',142,174,'PORRUA',19),(740,'Neuroanatomía (Crossman A. R.)',129,502,'MCGRAW-HILL',20),(741,'Tratado de Fisiología Médica    Tomo I ',5,585,'PRENTICE-HALL',1),(742,'Tratado de Fisiología Médica    Tomo II ',115,1596,'PRENTICE HALL',2),(743,'Tratado de Fisiología Médica    Tomo, III',144,786,'IBEROAMERICA',3),(744,'Fisiología Humana',184,195,'DIAZ DE SANTO',4),(745,'Introducción a la Genética Médica',186,242,'DIAZ DE SANTO',5),(746,'Patologia Estructural y Funcional  de Robbins tomos I',80,973,'MCGRAW-HILL',6),(747,'Patologia Estructural y Funcional  de Robbins tomos  II',144,1553,'MARCOMBO',7),(748,'Patologia Estructural y Funcional  de Robbins tomos  III ',43,1093,'MCGRAW-HILL',8),(749,'Patologia Estructural y Funcional  de Robbins tomos  IV',142,1111,'CECSA',9),(750,'Microbiología  y Parasitología Médica, Tomos I',144,1880,'PORRUA',10),(751,'Microbiología  y Parasitología Médica, Tomos II',155,1745,'MARCOMBO',11),(752,'Microbiología  y Parasitología Médica, Tomos  III',23,1948,'ADDISON',12),(753,'Psicología y Salud',143,1256,'DIANA',13),(754,'Propedéutica Clínica y Semiologia Médica     Tomos I   ',121,175,'DIAZ DE SANTO',14),(755,'Propedéutica Clínica y Semiologia Médica     Tomo II',70,1948,'IMCP',15),(756,'Vision two',154,331,'MCGRAW-HILL',16),(757,'Historia de Cuba 1492-2005, Colonia, Tomo I. Selección de Articulos y documentos',79,1491,'MCGRAW-HILL',17),(758,'Informática temas para enfermería ',8,960,'LIMUSA',18),(759,'Psicología médica Complemento 1',133,1384,'PRENTICE HALL',19),(760,'Propedéutica Clínica y Semiología Medica I',6,1150,'MCGRAW-HILL',20),(761,'Propedéutica Clínica y Semiología Medica II',151,1478,'MCGRAW HILL',1),(762,'Laboratorio Clínico. ',29,915,'ADDISON',2),(763,'Imagenología,  Dr. Pedroso',120,1494,'LIMUSA',3),(764,'Manual de Imagenología. ',35,317,'MCGRAW-HILL',4),(765,'Medios Diagnosticos Imaginologicos en rehabilitacion',119,870,'MCGRAW-HILL',5),(766,'Farmacologia General. ',137,1899,'DIAZ DE SANTO',6),(767,'Farmacología Clínica. Tomo I ',154,1179,'TRILLAS',7),(768,'Farmacología Clínica. Tomo  II',43,1152,'ADDISON',8),(769,'Temas de Medicina Interna,  Tomo I',181,238,'ADDISON',9),(770,'Temas de Medicina Interna,  Tomo II',168,1133,'MCGRAW-HILL',10),(771,'Temas de Medicina Interna tomo  III',41,1050,'PORRUA',11),(772,'Manual de Terapéutica en Medicina Interna',113,1932,'DIAZ DE SANTO',12),(773,'Psicología y Salud',75,1574,'PRENTICE HALL',13),(774,'Historia de Cuba 1492-2005,República, Tomo II. Selección de Articulos y Documentos',191,1912,'MACGRAW HILL',14),(775,'Vision III',96,197,'PRENTICE-HALL',15),(776,'Psicología médica Complemento 1 ',31,1860,'MCGRAW HILL',16),(777,'Obstetricia y Ginecología',83,1321,'MCGRAW-HILL',17),(778,'Wiliams Ginecología ',152,429,'DIAZ DE SANTO',18),(779,'Manual Procedimientos Diagnostico y Tto en Ginecologia         ',68,1082,'NORMA',19),(780,'Cirugía. De García Gutierrez    tomo I',89,1634,'GRIJALBO',20),(781,'Cirugía. De García Gutierrez    tomo  II',116,776,'PORRUA',1),(782,'Cirugía. De García Gutierrez    tomo  III ',96,1668,'LIMUSA',2),(783,'Cirugía. De García Gutierrez    tomo  IV ',146,266,'MCGRAW-HILL',3),(784,'Temas de Cirugia I',152,472,'TRILLAS',4),(785,'Temas de Cirugia II',112,424,'MCGRAW-HILL',5),(786,'Abdomen Agudo no traumático ',95,1408,'MCGRAW-HILL',6),(787,'Pediatria tomo I',66,1652,'LIMUSA',7),(788,'Pediatria tomo  II',191,1004,'LIMUSA',8),(789,'Pediatria tomo III',105,1312,'TRILLAS',9),(790,'Pediatria tomo  IV ',122,361,'MCGRAW-HILL',10),(791,'Temas de Pediatría   ',91,1536,'LIMUSA',11),(792,'Medicina General Integral   Volumen I',157,1134,'MCGRAW-HILL',12),(793,'Medicina General Integral   Volumen  II',94,353,'MCGRAW-HILL',13),(794,'Medicina General Integral   Volumen III',183,955,'TRILLAS',14),(795,'Medicina de Desastres',48,978,'MCGRAW-HILL',15),(796,'English Through Medicine 1, Student´s  Book.',122,800,'MARCOMBO',16),(797,'Historia de Cuba 1492-2005,Revolución, Tomo III. Selección de Articulos y Documentos.',101,1121,'LIMUSA',17),(798,'Medicina General Integral   Volumen I',120,762,'ADDISON',18),(799,'Medicina General Integral   Volumen II',78,412,'IBEROAMERICA',19),(800,'Medicina General Integral   Volumen  III',23,1639,'UTEHA',20),(801,'ROCKWOOD - FRACTURAS EN EL ADULTO TOMO I',65,1086,'TRILLAS',1),(802,'ROCKWOOD - FRACTURAS EN EL ADULTO TOMO II',143,1126,'ADDISON',2),(803,'ROCKWOOD - FRACTURAS EN EL ADULTO TOMO III',49,963,'MCGRAW-HILL',3),(804,'Medicina Legal',11,1630,'MCGRAW-HILL',4),(805,'Otorrinolaringología',10,1929,'REVERTE',5),(806,'Temas de Urología',166,107,'MCGRAW-HILL',6),(807,'Iconopatografía e Imagenología en urología',75,389,'MCGRAW HILL',7),(808,'Urología',128,1560,'CECSA',8),(809,'Dermatología ',125,1673,'HARLA',9),(810,'Fitzpatrick-Dermatology',111,1669,'LIMUSA',10),(811,'Oftalmología',184,812,'MCGRAW-HILL',11),(812,'Practica Medica en Oftalmología',47,1506,'ALFAOMEGA',12),(813,'Fundamento de Salud Pública Tomo I',62,1785,'MCGRAW-HILL',13),(814,'English Through Medicine  2 Students Book',97,825,'CECSA',14),(815,'Medicina de Desastres',106,1663,'MCGRAW-HILL',15);
/*!40000 ALTER TABLE `libro` ENABLE KEYS */;
UNLOCK TABLES;

--
-- Table structure for table `libroautor`
--

DROP TABLE IF EXISTS `libroautor`;
/*!40101 SET @saved_cs_client     = @@character_set_client */;
/*!40101 SET character_set_client = utf8 */;
CREATE TABLE `libroautor` (
  `idLibro` int(11) NOT NULL,
  `idAutor` int(11) NOT NULL,
  PRIMARY KEY (`idLibro`,`idAutor`),
  KEY `idAutor_idx` (`idAutor`),
  CONSTRAINT `idAutor` FOREIGN KEY (`idAutor`) REFERENCES `autor` (`idAutor`) ON DELETE NO ACTION ON UPDATE NO ACTION,
  CONSTRAINT `idLibro` FOREIGN KEY (`idLibro`) REFERENCES `libro` (`idLibro`) ON DELETE NO ACTION ON UPDATE NO ACTION
) ENGINE=InnoDB DEFAULT CHARSET=utf8;
/*!40101 SET character_set_client = @saved_cs_client */;

--
-- Dumping data for table `libroautor`
--

LOCK TABLES `libroautor` WRITE;
/*!40000 ALTER TABLE `libroautor` DISABLE KEYS */;
INSERT INTO `libroautor` VALUES (1,1),(86,1),(171,1),(301,1),(386,1),(601,1),(686,1),(2,2),(87,2),(172,2),(302,2),(387,2),(602,2),(687,2),(3,3),(88,3),(173,3),(303,3),(388,3),(603,3),(688,3),(4,4),(89,4),(174,4),(304,4),(389,4),(604,4),(689,4),(5,5),(90,5),(175,5),(305,5),(390,5),(605,5),(690,5),(6,6),(91,6),(176,6),(306,6),(391,6),(606,6),(691,6),(7,7),(92,7),(177,7),(307,7),(392,7),(607,7),(692,7),(8,8),(93,8),(178,8),(308,8),(393,8),(608,8),(693,8),(9,9),(94,9),(179,9),(309,9),(394,9),(609,9),(694,9),(10,10),(95,10),(180,10),(310,10),(395,10),(610,10),(695,10),(11,11),(96,11),(181,11),(311,11),(396,11),(611,11),(696,11),(12,12),(97,12),(182,12),(312,12),(397,12),(612,12),(697,12),(13,13),(98,13),(183,13),(313,13),(398,13),(613,13),(698,13),(14,14),(99,14),(184,14),(314,14),(399,14),(614,14),(699,14),(15,15),(100,15),(185,15),(315,15),(400,15),(615,15),(700,15),(16,16),(101,16),(186,16),(316,16),(401,16),(616,16),(701,16),(17,17),(102,17),(187,17),(317,17),(402,17),(617,17),(702,17),(18,18),(103,18),(188,18),(318,18),(403,18),(618,18),(703,18),(19,19),(104,19),(189,19),(319,19),(404,19),(619,19),(704,19),(20,20),(105,20),(190,20),(320,20),(405,20),(620,20),(705,20),(21,21),(106,21),(191,21),(321,21),(406,21),(621,21),(706,21),(22,22),(107,22),(192,22),(322,22),(407,22),(622,22),(707,22),(23,23),(108,23),(193,23),(323,23),(408,23),(623,23),(708,23),(24,24),(109,24),(194,24),(324,24),(409,24),(624,24),(709,24),(25,25),(110,25),(195,25),(325,25),(410,25),(625,25),(710,25),(26,26),(111,26),(196,26),(326,26),(411,26),(626,26),(711,26),(27,27),(112,27),(197,27),(327,27),(412,27),(627,27),(712,27),(28,28),(113,28),(198,28),(328,28),(413,28),(628,28),(713,28),(29,29),(114,29),(199,29),(329,29),(414,29),(629,29),(714,29),(30,30),(115,30),(200,30),(330,30),(415,30),(630,30),(715,30),(31,31),(116,31),(201,31),(331,31),(416,31),(631,31),(716,31),(32,32),(117,32),(202,32),(332,32),(417,32),(632,32),(717,32),(33,33),(118,33),(203,33),(333,33),(418,33),(633,33),(718,33),(34,34),(119,34),(204,34),(334,34),(419,34),(634,34),(719,34),(35,35),(120,35),(205,35),(335,35),(420,35),(635,35),(720,35),(36,36),(121,36),(206,36),(336,36),(421,36),(636,36),(721,36),(37,37),(122,37),(207,37),(337,37),(422,37),(637,37),(722,37),(38,38),(123,38),(208,38),(338,38),(423,38),(638,38),(723,38),(39,39),(124,39),(209,39),(339,39),(424,39),(639,39),(724,39),(40,40),(125,40),(210,40),(340,40),(425,40),(640,40),(725,40),(41,41),(126,41),(211,41),(341,41),(426,41),(641,41),(726,41),(42,42),(127,42),(212,42),(342,42),(427,42),(642,42),(727,42),(43,43),(128,43),(213,43),(343,43),(428,43),(643,43),(728,43),(44,44),(129,44),(214,44),(344,44),(429,44),(644,44),(729,44),(45,45),(130,45),(215,45),(345,45),(430,45),(645,45),(730,45),(46,46),(131,46),(216,46),(346,46),(431,46),(646,46),(731,46),(47,47),(132,47),(217,47),(347,47),(432,47),(647,47),(732,47),(48,48),(133,48),(218,48),(348,48),(433,48),(648,48),(733,48),(49,49),(134,49),(219,49),(349,49),(434,49),(649,49),(734,49),(50,50),(135,50),(220,50),(350,50),(435,50),(650,50),(735,50),(51,51),(136,51),(221,51),(351,51),(436,51),(651,51),(736,51),(52,52),(137,52),(222,52),(352,52),(437,52),(652,52),(737,52),(53,53),(138,53),(223,53),(353,53),(438,53),(653,53),(738,53),(54,54),(139,54),(224,54),(354,54),(439,54),(654,54),(739,54),(55,55),(140,55),(225,55),(355,55),(440,55),(655,55),(740,55),(56,56),(141,56),(226,56),(356,56),(441,56),(656,56),(741,56),(57,57),(142,57),(227,57),(357,57),(442,57),(657,57),(742,57),(58,58),(143,58),(228,58),(358,58),(443,58),(658,58),(743,58),(59,59),(144,59),(229,59),(359,59),(444,59),(659,59),(744,59),(60,60),(145,60),(230,60),(360,60),(445,60),(660,60),(745,60),(61,61),(146,61),(231,61),(361,61),(446,61),(661,61),(746,61),(62,62),(147,62),(232,62),(362,62),(447,62),(662,62),(747,62),(63,63),(148,63),(233,63),(363,63),(448,63),(663,63),(748,63),(64,64),(149,64),(234,64),(364,64),(449,64),(664,64),(749,64),(65,65),(150,65),(235,65),(365,65),(450,65),(665,65),(750,65),(66,66),(151,66),(236,66),(366,66),(451,66),(666,66),(751,66),(67,67),(152,67),(237,67),(367,67),(452,67),(667,67),(752,67),(68,68),(153,68),(238,68),(368,68),(453,68),(668,68),(753,68),(69,69),(154,69),(239,69),(369,69),(454,69),(669,69),(754,69),(70,70),(155,70),(240,70),(370,70),(455,70),(670,70),(755,70),(71,71),(156,71),(241,71),(371,71),(456,71),(671,71),(756,71),(72,72),(157,72),(242,72),(372,72),(457,72),(672,72),(757,72),(73,73),(158,73),(243,73),(373,73),(458,73),(673,73),(758,73),(74,74),(159,74),(244,74),(374,74),(459,74),(674,74),(759,74),(75,75),(160,75),(245,75),(375,75),(460,75),(675,75),(760,75),(76,76),(161,76),(246,76),(376,76),(461,76),(676,76),(761,76),(77,77),(162,77),(247,77),(377,77),(462,77),(677,77),(762,77),(78,78),(163,78),(248,78),(378,78),(463,78),(678,78),(763,78),(79,79),(164,79),(249,79),(379,79),(464,79),(679,79),(764,79),(80,80),(165,80),(250,80),(380,80),(465,80),(680,80),(765,80),(81,81),(166,81),(251,81),(381,81),(466,81),(681,81),(766,81),(82,82),(167,82),(252,82),(382,82),(467,82),(682,82),(767,82),(83,83),(168,83),(253,83),(383,83),(468,83),(683,83),(768,83),(84,84),(169,84),(254,84),(384,84),(469,84),(684,84),(769,84),(85,85),(170,85),(255,85),(385,85),(470,85),(685,85),(770,85),(86,86),(171,86),(256,86),(386,86),(471,86),(686,86),(771,86),(87,87),(172,87),(257,87),(387,87),(472,87),(687,87),(772,87),(88,88),(173,88),(258,88),(388,88),(473,88),(688,88),(773,88),(89,89),(174,89),(259,89),(389,89),(474,89),(689,89),(774,89),(90,90),(175,90),(260,90),(390,90),(475,90),(690,90),(775,90),(91,91),(176,91),(261,91),(391,91),(476,91),(691,91),(776,91),(92,92),(177,92),(262,92),(392,92),(477,92),(692,92),(777,92),(93,93),(178,93),(263,93),(393,93),(478,93),(693,93),(778,93),(94,94),(179,94),(264,94),(394,94),(479,94),(694,94),(779,94),(95,95),(180,95),(265,95),(395,95),(480,95),(695,95),(780,95),(96,96),(181,96),(266,96),(396,96),(481,96),(696,96),(781,96),(97,97),(182,97),(267,97),(397,97),(482,97),(697,97),(782,97),(98,98),(183,98),(268,98),(398,98),(483,98),(698,98),(783,98),(99,99),(184,99),(269,99),(399,99),(484,99),(699,99),(784,99),(100,100),(185,100),(270,100),(400,100),(485,100),(700,100),(785,100),(101,101),(186,101),(271,101),(401,101),(486,101),(701,101),(786,101),(102,102),(187,102),(272,102),(402,102),(487,102),(702,102),(787,102),(103,103),(188,103),(273,103),(403,103),(488,103),(703,103),(788,103),(104,104),(189,104),(274,104),(404,104),(489,104),(704,104),(789,104),(105,105),(190,105),(275,105),(405,105),(490,105),(705,105),(790,105),(106,106),(191,106),(276,106),(406,106),(491,106),(706,106),(791,106),(107,107),(192,107),(277,107),(407,107),(492,107),(707,107),(792,107),(108,108),(193,108),(278,108),(408,108),(493,108),(708,108),(793,108),(109,109),(194,109),(279,109),(409,109),(494,109),(709,109),(794,109),(110,110),(195,110),(280,110),(410,110),(495,110),(710,110),(795,110),(111,111),(196,111),(281,111),(411,111),(496,111),(711,111),(796,111),(112,112),(197,112),(282,112),(412,112),(497,112),(712,112),(797,112),(113,113),(198,113),(283,113),(413,113),(498,113),(713,113),(798,113),(114,114),(199,114),(284,114),(414,114),(499,114),(714,114),(799,114),(115,115),(200,115),(285,115),(415,115),(500,115),(715,115),(800,115),(116,116),(201,116),(286,116),(416,116),(501,116),(716,116),(801,116),(117,117),(202,117),(287,117),(417,117),(502,117),(717,117),(802,117),(118,118),(203,118),(288,118),(418,118),(503,118),(718,118),(803,118),(119,119),(204,119),(289,119),(419,119),(504,119),(719,119),(804,119),(120,120),(205,120),(290,120),(420,120),(505,120),(720,120),(805,120),(121,121),(206,121),(291,121),(421,121),(506,121),(721,121),(806,121),(122,122),(207,122),(292,122),(422,122),(507,122),(722,122),(807,122),(123,123),(208,123),(293,123),(423,123),(508,123),(723,123),(808,123),(124,124),(209,124),(294,124),(424,124),(509,124),(724,124),(809,124),(125,125),(210,125),(295,125),(425,125),(510,125),(725,125),(810,125),(126,126),(211,126),(296,126),(426,126),(511,126),(726,126),(811,126),(127,127),(212,127),(297,127),(427,127),(512,127),(727,127),(812,127),(128,128),(213,128),(298,128),(428,128),(513,128),(728,128),(813,128),(129,129),(214,129),(299,129),(429,129),(514,129),(729,129),(814,129),(130,130),(215,130),(300,130),(430,130),(515,130),(730,130),(815,130),(1,131),(131,131),(216,131),(301,131),(431,131),(516,131),(731,131),(2,132),(132,132),(217,132),(302,132),(432,132),(517,132),(732,132),(3,133),(133,133),(218,133),(303,133),(433,133),(518,133),(733,133),(4,134),(134,134),(219,134),(304,134),(434,134),(519,134),(734,134),(5,135),(135,135),(220,135),(305,135),(435,135),(520,135),(735,135),(6,136),(136,136),(221,136),(306,136),(436,136),(521,136),(736,136),(7,137),(137,137),(222,137),(307,137),(437,137),(522,137),(737,137),(8,138),(138,138),(223,138),(308,138),(438,138),(523,138),(738,138),(9,139),(139,139),(224,139),(309,139),(439,139),(524,139),(739,139),(10,140),(140,140),(225,140),(310,140),(440,140),(525,140),(740,140),(11,141),(141,141),(226,141),(311,141),(441,141),(526,141),(741,141),(12,142),(142,142),(227,142),(312,142),(442,142),(527,142),(742,142),(13,143),(143,143),(228,143),(313,143),(443,143),(528,143),(743,143),(14,144),(144,144),(229,144),(314,144),(444,144),(529,144),(744,144),(15,145),(145,145),(230,145),(315,145),(445,145),(530,145),(745,145),(16,146),(146,146),(231,146),(316,146),(446,146),(531,146),(746,146),(17,147),(147,147),(232,147),(317,147),(447,147),(532,147),(747,147),(18,148),(148,148),(233,148),(318,148),(448,148),(533,148),(748,148),(19,149),(149,149),(234,149),(319,149),(449,149),(534,149),(749,149),(20,150),(150,150),(235,150),(320,150),(450,150),(535,150),(750,150),(21,151),(151,151),(236,151),(321,151),(451,151),(536,151),(751,151),(22,152),(152,152),(237,152),(322,152),(452,152),(537,152),(752,152),(23,153),(153,153),(238,153),(323,153),(453,153),(538,153),(753,153),(24,154),(154,154),(239,154),(324,154),(454,154),(539,154),(754,154),(25,155),(155,155),(240,155),(325,155),(455,155),(540,155),(755,155),(26,156),(156,156),(241,156),(326,156),(456,156),(541,156),(756,156),(27,157),(157,157),(242,157),(327,157),(457,157),(542,157),(757,157),(28,158),(158,158),(243,158),(328,158),(458,158),(543,158),(758,158),(29,159),(159,159),(244,159),(329,159),(459,159),(544,159),(759,159),(30,160),(160,160),(245,160),(330,160),(460,160),(545,160),(760,160),(31,161),(161,161),(246,161),(331,161),(461,161),(546,161),(761,161),(32,162),(162,162),(247,162),(332,162),(462,162),(547,162),(762,162),(33,163),(163,163),(248,163),(333,163),(463,163),(548,163),(763,163),(34,164),(164,164),(249,164),(334,164),(464,164),(549,164),(764,164),(35,165),(165,165),(250,165),(335,165),(465,165),(550,165),(765,165),(36,166),(166,166),(251,166),(336,166),(466,166),(551,166),(766,166),(37,167),(167,167),(252,167),(337,167),(467,167),(552,167),(767,167),(38,168),(168,168),(253,168),(338,168),(468,168),(553,168),(768,168),(39,169),(169,169),(254,169),(339,169),(469,169),(554,169),(769,169),(40,170),(170,170),(255,170),(340,170),(470,170),(555,170),(770,170),(41,171),(171,171),(256,171),(341,171),(471,171),(556,171),(771,171),(42,172),(172,172),(257,172),(342,172),(472,172),(557,172),(772,172),(43,173),(173,173),(258,173),(343,173),(473,173),(558,173),(773,173),(44,174),(174,174),(259,174),(344,174),(474,174),(559,174),(774,174),(45,175),(175,175),(260,175),(345,175),(475,175),(560,175),(775,175),(46,176),(176,176),(261,176),(346,176),(476,176),(561,176),(776,176),(47,177),(177,177),(262,177),(347,177),(477,177),(562,177),(777,177),(48,178),(178,178),(263,178),(348,178),(478,178),(563,178),(778,178),(49,179),(179,179),(264,179),(349,179),(479,179),(564,179),(779,179),(50,180),(180,180),(265,180),(350,180),(480,180),(565,180),(780,180),(51,181),(181,181),(266,181),(351,181),(481,181),(566,181),(781,181),(52,182),(182,182),(267,182),(352,182),(482,182),(567,182),(782,182),(53,183),(183,183),(268,183),(353,183),(483,183),(568,183),(783,183),(54,184),(184,184),(269,184),(354,184),(484,184),(569,184),(784,184),(55,185),(185,185),(270,185),(355,185),(485,185),(570,185),(785,185),(56,186),(186,186),(271,186),(356,186),(486,186),(571,186),(786,186),(57,187),(187,187),(272,187),(357,187),(487,187),(572,187),(787,187),(58,188),(188,188),(273,188),(358,188),(488,188),(573,188),(788,188),(59,189),(189,189),(274,189),(359,189),(489,189),(574,189),(789,189),(60,190),(190,190),(275,190),(360,190),(490,190),(575,190),(790,190),(61,191),(191,191),(276,191),(361,191),(491,191),(576,191),(791,191),(62,192),(192,192),(277,192),(362,192),(492,192),(577,192),(792,192),(63,193),(193,193),(278,193),(363,193),(493,193),(578,193),(793,193),(64,194),(194,194),(279,194),(364,194),(494,194),(579,194),(794,194),(65,195),(195,195),(280,195),(365,195),(495,195),(580,195),(795,195),(66,196),(196,196),(281,196),(366,196),(496,196),(581,196),(796,196),(67,197),(197,197),(282,197),(367,197),(497,197),(582,197),(797,197),(68,198),(198,198),(283,198),(368,198),(498,198),(583,198),(798,198),(69,199),(199,199),(284,199),(369,199),(499,199),(584,199),(799,199),(70,200),(200,200),(285,200),(370,200),(500,200),(585,200),(800,200),(71,201),(201,201),(286,201),(371,201),(501,201),(586,201),(801,201),(72,202),(202,202),(287,202),(372,202),(502,202),(587,202),(802,202),(73,203),(203,203),(288,203),(373,203),(503,203),(588,203),(803,203),(74,204),(204,204),(289,204),(374,204),(504,204),(589,204),(804,204),(75,205),(205,205),(290,205),(375,205),(505,205),(590,205),(805,205),(76,206),(206,206),(291,206),(376,206),(506,206),(591,206),(806,206),(77,207),(207,207),(292,207),(377,207),(507,207),(592,207),(807,207),(78,208),(208,208),(293,208),(378,208),(508,208),(593,208),(808,208),(79,209),(209,209),(294,209),(379,209),(509,209),(594,209),(809,209),(80,210),(210,210),(295,210),(380,210),(510,210),(595,210),(810,210),(81,211),(211,211),(296,211),(381,211),(511,211),(596,211),(811,211),(82,212),(212,212),(297,212),(382,212),(512,212),(597,212),(812,212),(83,213),(213,213),(298,213),(383,213),(513,213),(598,213),(813,213),(84,214),(214,214),(299,214),(384,214),(514,214),(599,214),(814,214),(85,215),(215,215),(300,215),(385,215),(515,215),(600,215),(815,215),(1,216),(86,216),(216,216),(301,216),(386,216),(516,216),(601,216),(2,217),(87,217),(217,217),(302,217),(387,217),(517,217),(602,217),(3,218),(88,218),(218,218),(303,218),(388,218),(518,218),(603,218),(4,219),(89,219),(219,219),(304,219),(389,219),(519,219),(604,219),(5,220),(90,220),(220,220),(305,220),(390,220),(520,220),(605,220),(6,221),(91,221),(221,221),(306,221),(391,221),(521,221),(606,221),(7,222),(92,222),(222,222),(307,222),(392,222),(522,222),(607,222),(8,223),(93,223),(223,223),(308,223),(393,223),(523,223),(608,223),(9,224),(94,224),(224,224),(309,224),(394,224),(524,224),(609,224),(10,225),(95,225),(225,225),(310,225),(395,225),(525,225),(610,225),(11,226),(96,226),(226,226),(311,226),(396,226),(526,226),(611,226),(12,227),(97,227),(227,227),(312,227),(397,227),(527,227),(612,227),(13,228),(98,228),(228,228),(313,228),(398,228),(528,228),(613,228),(14,229),(99,229),(229,229),(314,229),(399,229),(529,229),(614,229),(15,230),(100,230),(230,230),(315,230),(400,230),(530,230),(615,230),(16,231),(101,231),(231,231),(316,231),(401,231),(531,231),(616,231),(17,232),(102,232),(232,232),(317,232),(402,232),(532,232),(617,232),(18,233),(103,233),(233,233),(318,233),(403,233),(533,233),(618,233),(19,234),(104,234),(234,234),(319,234),(404,234),(534,234),(619,234),(20,235),(105,235),(235,235),(320,235),(405,235),(535,235),(620,235),(21,236),(106,236),(236,236),(321,236),(406,236),(536,236),(621,236),(22,237),(107,237),(237,237),(322,237),(407,237),(537,237),(622,237),(23,238),(108,238),(238,238),(323,238),(408,238),(538,238),(623,238),(24,239),(109,239),(239,239),(324,239),(409,239),(539,239),(624,239),(25,240),(110,240),(240,240),(325,240),(410,240),(540,240),(625,240),(26,241),(111,241),(241,241),(326,241),(411,241),(541,241),(626,241),(27,242),(112,242),(242,242),(327,242),(412,242),(542,242),(627,242),(28,243),(113,243),(243,243),(328,243),(413,243),(543,243),(628,243),(29,244),(114,244),(244,244),(329,244),(414,244),(544,244),(629,244),(30,245),(115,245),(245,245),(330,245),(415,245),(545,245),(630,245),(31,246),(116,246),(246,246),(331,246),(416,246),(546,246),(631,246),(32,247),(117,247),(247,247),(332,247),(417,247),(547,247),(632,247),(33,248),(118,248),(248,248),(333,248),(418,248),(548,248),(633,248),(34,249),(119,249),(249,249),(334,249),(419,249),(549,249),(634,249),(35,250),(120,250),(250,250),(335,250),(420,250),(550,250),(635,250),(36,251),(121,251),(251,251),(336,251),(421,251),(551,251),(636,251),(37,252),(122,252),(252,252),(337,252),(422,252),(552,252),(637,252),(38,253),(123,253),(253,253),(338,253),(423,253),(553,253),(638,253),(39,254),(124,254),(254,254),(339,254),(424,254),(554,254),(639,254),(40,255),(125,255),(255,255),(340,255),(425,255),(555,255),(640,255),(41,256),(126,256),(256,256),(341,256),(426,256),(556,256),(641,256),(42,257),(127,257),(257,257),(342,257),(427,257),(557,257),(642,257),(43,258),(128,258),(258,258),(343,258),(428,258),(558,258),(643,258),(44,259),(129,259),(259,259),(344,259),(429,259),(559,259),(644,259),(45,260),(130,260),(260,260),(345,260),(430,260),(560,260),(645,260),(46,261),(131,261),(261,261),(346,261),(431,261),(561,261),(646,261),(47,262),(132,262),(262,262),(347,262),(432,262),(562,262),(647,262),(48,263),(133,263),(263,263),(348,263),(433,263),(563,263),(648,263),(49,264),(134,264),(264,264),(349,264),(434,264),(564,264),(649,264),(50,265),(135,265),(265,265),(350,265),(435,265),(565,265),(650,265),(51,266),(136,266),(266,266),(351,266),(436,266),(566,266),(651,266),(52,267),(137,267),(267,267),(352,267),(437,267),(567,267),(652,267),(53,268),(138,268),(268,268),(353,268),(438,268),(568,268),(653,268),(54,269),(139,269),(269,269),(354,269),(439,269),(569,269),(654,269),(55,270),(140,270),(270,270),(355,270),(440,270),(570,270),(655,270),(56,271),(141,271),(271,271),(356,271),(441,271),(571,271),(656,271),(57,272),(142,272),(272,272),(357,272),(442,272),(572,272),(657,272),(58,273),(143,273),(273,273),(358,273),(443,273),(573,273),(658,273),(59,274),(144,274),(274,274),(359,274),(444,274),(574,274),(659,274),(60,275),(145,275),(275,275),(360,275),(445,275),(575,275),(660,275),(61,276),(146,276),(276,276),(361,276),(446,276),(576,276),(661,276),(62,277),(147,277),(277,277),(362,277),(447,277),(577,277),(662,277),(63,278),(148,278),(278,278),(363,278),(448,278),(578,278),(663,278),(64,279),(149,279),(279,279),(364,279),(449,279),(579,279),(664,279),(65,280),(150,280),(280,280),(365,280),(450,280),(580,280),(665,280),(66,281),(151,281),(281,281),(366,281),(451,281),(581,281),(666,281),(67,282),(152,282),(282,282),(367,282),(452,282),(582,282),(667,282),(68,283),(153,283),(283,283),(368,283),(453,283),(583,283),(668,283),(69,284),(154,284),(284,284),(369,284),(454,284),(584,284),(669,284),(70,285),(155,285),(285,285),(370,285),(455,285),(585,285),(670,285),(71,286),(156,286),(286,286),(371,286),(456,286),(586,286),(671,286),(72,287),(157,287),(287,287),(372,287),(457,287),(587,287),(672,287),(73,288),(158,288),(288,288),(373,288),(458,288),(588,288),(673,288),(74,289),(159,289),(289,289),(374,289),(459,289),(589,289),(674,289),(75,290),(160,290),(290,290),(375,290),(460,290),(590,290),(675,290),(76,291),(161,291),(291,291),(376,291),(461,291),(591,291),(676,291),(77,292),(162,292),(292,292),(377,292),(462,292),(592,292),(677,292),(78,293),(163,293),(293,293),(378,293),(463,293),(593,293),(678,293),(79,294),(164,294),(294,294),(379,294),(464,294),(594,294),(679,294),(80,295),(165,295),(295,295),(380,295),(465,295),(595,295),(680,295),(81,296),(166,296),(296,296),(381,296),(466,296),(596,296),(681,296),(82,297),(167,297),(297,297),(382,297),(597,297),(682,297),(83,298),(168,298),(298,298),(383,298),(598,298),(683,298),(84,299),(169,299),(299,299),(384,299),(599,299),(684,299),(85,300),(170,300),(300,300),(385,300),(600,300),(685,300);
/*!40000 ALTER TABLE `libroautor` ENABLE KEYS */;
UNLOCK TABLES;

--
-- Table structure for table `libroventa`
--

DROP TABLE IF EXISTS `libroventa`;
/*!40101 SET @saved_cs_client     = @@character_set_client */;
/*!40101 SET character_set_client = utf8 */;
CREATE TABLE `libroventa` (
  `idLibro` int(11) NOT NULL,
  `idVenta` int(11) NOT NULL,
  `Cantidad` int(11) DEFAULT NULL,
  PRIMARY KEY (`idLibro`,`idVenta`),
  KEY `idVenta_idx` (`idVenta`),
  CONSTRAINT `LibroVenta_idLibro` FOREIGN KEY (`idLibro`) REFERENCES `libro` (`idLibro`) ON DELETE NO ACTION ON UPDATE NO ACTION,
  CONSTRAINT `LibroVenta_idVenta` FOREIGN KEY (`idVenta`) REFERENCES `venta` (`idVenta`) ON DELETE NO ACTION ON UPDATE NO ACTION
) ENGINE=InnoDB DEFAULT CHARSET=utf8;
/*!40101 SET character_set_client = @saved_cs_client */;

--
-- Dumping data for table `libroventa`
--

LOCK TABLES `libroventa` WRITE;
/*!40000 ALTER TABLE `libroventa` DISABLE KEYS */;
INSERT INTO `libroventa` VALUES (1,1,2),(1,446,1),(1,816,5),(1,1261,10),(1,1631,4),(2,2,5),(2,447,10),(2,817,9),(2,1262,9),(2,1632,8),(3,3,10),(3,448,1),(3,818,9),(3,1263,2),(3,1633,8),(4,4,1),(4,449,7),(4,819,1),(4,1264,6),(4,1634,4),(5,5,2),(5,450,4),(5,820,8),(5,1265,6),(5,1635,9),(6,6,9),(6,451,7),(6,821,10),(6,1266,7),(6,1636,8),(7,7,1),(7,452,6),(7,822,10),(7,1267,1),(7,1637,2),(8,8,3),(8,453,6),(8,823,7),(8,1268,6),(8,1638,8),(9,9,8),(9,454,4),(9,824,10),(9,1269,6),(9,1639,5),(10,10,7),(10,455,10),(10,825,8),(10,1270,8),(10,1640,1),(11,11,9),(11,456,8),(11,826,5),(11,1271,1),(11,1641,3),(12,12,8),(12,457,2),(12,827,10),(12,1272,2),(12,1642,9),(13,13,3),(13,458,3),(13,828,10),(13,1273,2),(13,1643,5),(14,14,1),(14,459,1),(14,829,9),(14,1274,5),(14,1644,1),(15,15,2),(15,460,1),(15,830,10),(15,1275,4),(15,1645,1),(16,16,10),(16,461,3),(16,831,10),(16,1276,6),(16,1646,2),(17,17,6),(17,462,10),(17,832,6),(17,1277,8),(17,1647,6),(18,18,10),(18,463,10),(18,833,5),(18,1278,2),(18,1648,7),(19,19,5),(19,464,2),(19,834,3),(19,1279,5),(19,1649,6),(20,20,10),(20,465,4),(20,835,9),(20,1280,10),(20,1650,7),(21,21,1),(21,466,4),(21,836,7),(21,1281,7),(21,1651,10),(22,22,9),(22,467,5),(22,837,3),(22,1282,10),(22,1652,9),(23,23,4),(23,468,5),(23,838,10),(23,1283,9),(23,1653,4),(24,24,1),(24,469,3),(24,839,10),(24,1284,10),(24,1654,3),(25,25,7),(25,470,9),(25,840,7),(25,1285,8),(25,1655,6),(26,26,2),(26,471,10),(26,841,10),(26,1286,6),(26,1656,9),(27,27,5),(27,472,2),(27,842,1),(27,1287,8),(27,1657,7),(28,28,2),(28,473,9),(28,843,9),(28,1288,2),(28,1658,10),(29,29,9),(29,474,6),(29,844,7),(29,1289,10),(29,1659,2),(30,30,1),(30,475,3),(30,845,8),(30,1290,9),(30,1660,4),(31,31,5),(31,476,10),(31,846,6),(31,1291,7),(31,1661,5),(32,32,2),(32,477,10),(32,847,1),(32,1292,6),(32,1662,8),(33,33,5),(33,478,7),(33,848,1),(33,1293,2),(33,1663,9),(34,34,2),(34,479,9),(34,849,7),(34,1294,4),(34,1664,5),(35,35,7),(35,480,2),(35,850,7),(35,1295,2),(35,1665,7),(36,36,5),(36,481,1),(36,851,6),(36,1296,9),(36,1666,2),(37,37,2),(37,482,4),(37,852,2),(37,1297,5),(37,1667,9),(38,38,2),(38,483,7),(38,853,5),(38,1298,10),(38,1668,8),(39,39,6),(39,484,4),(39,854,4),(39,1299,3),(39,1669,1),(40,40,7),(40,485,4),(40,855,3),(40,1300,2),(40,1670,1),(41,41,4),(41,486,6),(41,856,7),(41,1301,8),(41,1671,8),(42,42,10),(42,487,9),(42,857,4),(42,1302,4),(42,1672,2),(43,43,6),(43,488,2),(43,858,5),(43,1303,4),(43,1673,8),(44,44,9),(44,489,10),(44,859,6),(44,1304,6),(44,1674,4),(45,45,4),(45,490,8),(45,860,10),(45,1305,1),(45,1675,8),(46,46,8),(46,491,1),(46,861,7),(46,1306,9),(46,1676,4),(47,47,1),(47,492,1),(47,862,4),(47,1307,2),(47,1677,10),(48,48,2),(48,493,8),(48,863,4),(48,1308,3),(48,1678,10),(49,49,3),(49,494,6),(49,864,8),(49,1309,6),(49,1679,6),(50,50,3),(50,495,6),(50,865,7),(50,1310,9),(50,1680,3),(51,51,6),(51,496,8),(51,866,5),(51,1311,10),(51,1681,3),(52,52,9),(52,497,2),(52,867,4),(52,1312,7),(52,1682,8),(53,53,2),(53,498,9),(53,868,2),(53,1313,4),(53,1683,5),(54,54,5),(54,499,3),(54,869,1),(54,1314,8),(54,1684,3),(55,55,10),(55,500,5),(55,870,6),(55,1315,4),(55,1685,8),(56,56,2),(56,501,4),(56,871,8),(56,1316,8),(56,1686,8),(57,57,2),(57,502,4),(57,872,1),(57,1317,4),(57,1687,10),(58,58,6),(58,503,3),(58,873,1),(58,1318,7),(58,1688,10),(59,59,4),(59,504,4),(59,874,7),(59,1319,1),(59,1689,4),(60,60,8),(60,505,8),(60,875,7),(60,1320,8),(60,1690,3),(61,61,1),(61,506,9),(61,876,9),(61,1321,1),(61,1691,4),(62,62,9),(62,507,8),(62,877,7),(62,1322,8),(62,1692,2),(63,63,10),(63,508,3),(63,878,4),(63,1323,6),(63,1693,8),(64,64,3),(64,509,10),(64,879,1),(64,1324,5),(64,1694,3),(65,65,4),(65,510,6),(65,880,3),(65,1325,7),(65,1695,2),(66,66,1),(66,511,4),(66,881,9),(66,1326,1),(66,1696,6),(67,67,9),(67,512,9),(67,882,2),(67,1327,10),(67,1697,10),(68,68,5),(68,513,4),(68,883,10),(68,1328,6),(68,1698,7),(69,69,6),(69,514,1),(69,884,2),(69,1329,4),(69,1699,6),(70,70,9),(70,515,1),(70,885,3),(70,1330,2),(70,1700,7),(71,71,7),(71,516,1),(71,886,10),(71,1331,6),(71,1701,1),(72,72,4),(72,517,7),(72,887,2),(72,1332,8),(72,1702,3),(73,73,5),(73,518,6),(73,888,9),(73,1333,9),(73,1703,7),(74,74,6),(74,519,3),(74,889,7),(74,1334,8),(74,1704,9),(75,75,3),(75,520,2),(75,890,8),(75,1335,7),(75,1705,8),(76,76,5),(76,521,6),(76,891,8),(76,1336,4),(76,1706,6),(77,77,3),(77,522,6),(77,892,9),(77,1337,8),(77,1707,8),(78,78,5),(78,523,10),(78,893,2),(78,1338,1),(78,1708,1),(79,79,4),(79,524,9),(79,894,4),(79,1339,8),(79,1709,2),(80,80,10),(80,525,5),(80,895,1),(80,1340,7),(80,1710,8),(81,81,10),(81,526,10),(81,896,7),(81,1341,5),(81,1711,4),(82,82,2),(82,527,10),(82,897,10),(82,1342,5),(82,1712,3),(83,83,9),(83,528,9),(83,898,5),(83,1343,10),(83,1713,3),(84,84,2),(84,529,8),(84,899,3),(84,1344,5),(84,1714,9),(85,85,4),(85,530,7),(85,900,10),(85,1345,7),(85,1715,8),(86,86,8),(86,531,8),(86,901,2),(86,1346,4),(86,1716,5),(87,87,1),(87,532,9),(87,902,10),(87,1347,7),(87,1717,3),(88,88,7),(88,533,2),(88,903,8),(88,1348,7),(88,1718,9),(89,89,9),(89,534,10),(89,904,3),(89,1349,6),(89,1719,4),(90,90,3),(90,535,6),(90,905,3),(90,1350,6),(90,1720,3),(91,91,4),(91,536,1),(91,906,8),(91,1351,2),(91,1721,6),(92,92,10),(92,537,8),(92,907,9),(92,1352,10),(92,1722,1),(93,93,6),(93,538,10),(93,908,2),(93,1353,5),(93,1723,6),(94,94,6),(94,539,10),(94,909,5),(94,1354,4),(94,1724,2),(95,95,10),(95,540,1),(95,910,1),(95,1355,6),(95,1725,10),(96,96,5),(96,541,6),(96,911,6),(96,1356,10),(96,1726,7),(97,97,7),(97,542,8),(97,912,10),(97,1357,10),(97,1727,10),(98,98,1),(98,543,10),(98,913,3),(98,1358,3),(98,1728,10),(99,99,2),(99,544,8),(99,914,5),(99,1359,6),(99,1729,4),(100,100,6),(100,545,5),(100,915,8),(100,1360,6),(100,1730,8),(101,101,6),(101,546,9),(101,916,8),(101,1361,6),(101,1731,6),(102,102,5),(102,547,5),(102,917,8),(102,1362,1),(102,1732,10),(103,103,9),(103,548,3),(103,918,3),(103,1363,1),(103,1733,7),(104,104,6),(104,549,7),(104,919,9),(104,1364,1),(104,1734,7),(105,105,1),(105,550,4),(105,920,8),(105,1365,3),(105,1735,10),(106,106,10),(106,551,4),(106,921,10),(106,1366,3),(106,1736,6),(107,107,4),(107,552,1),(107,922,4),(107,1367,9),(107,1737,8),(108,108,10),(108,553,9),(108,923,9),(108,1368,3),(108,1738,8),(109,109,2),(109,554,8),(109,924,7),(109,1369,6),(109,1739,6),(110,110,2),(110,555,1),(110,925,5),(110,1370,10),(110,1740,7),(111,111,1),(111,556,10),(111,926,8),(111,1371,10),(111,1741,3),(112,112,5),(112,557,5),(112,927,1),(112,1372,7),(112,1742,1),(113,113,4),(113,558,6),(113,928,1),(113,1373,9),(113,1743,3),(114,114,6),(114,559,10),(114,929,2),(114,1374,10),(114,1744,10),(115,115,5),(115,560,4),(115,930,6),(115,1375,5),(115,1745,8),(116,116,2),(116,561,6),(116,931,2),(116,1376,5),(116,1746,8),(117,117,6),(117,562,2),(117,932,6),(117,1377,5),(117,1747,6),(118,118,8),(118,563,8),(118,933,3),(118,1378,2),(118,1748,5),(119,119,7),(119,564,7),(119,934,7),(119,1379,2),(119,1749,9),(120,120,1),(120,565,8),(120,935,7),(120,1380,2),(120,1750,7),(121,121,2),(121,566,8),(121,936,3),(121,1381,1),(121,1751,10),(122,122,3),(122,567,9),(122,937,7),(122,1382,9),(122,1752,1),(123,123,4),(123,568,10),(123,938,3),(123,1383,4),(123,1753,8),(124,124,6),(124,569,8),(124,939,9),(124,1384,5),(124,1754,4),(125,125,10),(125,570,10),(125,940,7),(125,1385,10),(125,1755,4),(126,126,6),(126,571,3),(126,941,10),(126,1386,3),(126,1756,7),(127,127,4),(127,572,2),(127,942,10),(127,1387,2),(127,1757,1),(128,128,3),(128,573,6),(128,943,7),(128,1388,7),(128,1758,3),(129,129,4),(129,574,9),(129,944,8),(129,1389,10),(129,1759,4),(130,130,5),(130,575,3),(130,945,1),(130,1390,9),(130,1760,6),(131,131,5),(131,576,7),(131,946,9),(131,1391,4),(131,1761,6),(132,132,10),(132,577,5),(132,947,9),(132,1392,10),(132,1762,3),(133,133,3),(133,578,10),(133,948,1),(133,1393,2),(133,1763,10),(134,134,6),(134,579,5),(134,949,5),(134,1394,6),(134,1764,10),(135,135,10),(135,580,2),(135,950,4),(135,1395,9),(135,1765,2),(136,136,8),(136,581,10),(136,951,10),(136,1396,3),(136,1766,7),(137,137,1),(137,582,2),(137,952,6),(137,1397,1),(137,1767,6),(138,138,8),(138,583,10),(138,953,9),(138,1398,8),(138,1768,7),(139,139,10),(139,584,5),(139,954,1),(139,1399,3),(139,1769,6),(140,140,1),(140,585,10),(140,955,4),(140,1400,5),(140,1770,4),(141,141,8),(141,586,3),(141,956,3),(141,1401,9),(141,1771,6),(142,142,5),(142,587,6),(142,957,4),(142,1402,3),(142,1772,7),(143,143,3),(143,588,1),(143,958,6),(143,1403,8),(143,1773,7),(144,144,7),(144,589,1),(144,959,7),(144,1404,8),(144,1774,1),(145,145,2),(145,590,10),(145,960,1),(145,1405,10),(145,1775,5),(146,146,4),(146,591,2),(146,961,4),(146,1406,5),(146,1776,2),(147,147,6),(147,592,5),(147,962,1),(147,1407,3),(147,1777,7),(148,148,9),(148,593,2),(148,963,8),(148,1408,6),(148,1778,9),(149,149,6),(149,594,8),(149,964,1),(149,1409,9),(149,1779,4),(150,150,1),(150,595,1),(150,965,1),(150,1410,10),(150,1780,6),(151,151,7),(151,596,2),(151,966,9),(151,1411,9),(151,1781,4),(152,152,10),(152,597,6),(152,967,9),(152,1412,9),(152,1782,6),(153,153,4),(153,598,1),(153,968,5),(153,1413,1),(153,1783,9),(154,154,4),(154,599,2),(154,969,7),(154,1414,10),(154,1784,5),(155,155,6),(155,600,5),(155,970,10),(155,1415,7),(155,1785,1),(156,156,2),(156,601,3),(156,971,3),(156,1416,7),(156,1786,10),(157,157,10),(157,602,7),(157,972,3),(157,1417,1),(157,1787,7),(158,158,3),(158,603,9),(158,973,8),(158,1418,6),(158,1788,3),(159,159,8),(159,604,3),(159,974,1),(159,1419,5),(159,1789,6),(160,160,3),(160,605,2),(160,975,4),(160,1420,10),(160,1790,5),(161,161,8),(161,606,4),(161,976,7),(161,1421,7),(161,1791,3),(162,162,3),(162,607,2),(162,977,9),(162,1422,4),(162,1792,1),(163,163,6),(163,608,6),(163,978,3),(163,1423,3),(163,1793,4),(164,164,7),(164,609,8),(164,979,8),(164,1424,4),(164,1794,8),(165,165,10),(165,610,1),(165,980,10),(165,1425,9),(165,1795,10),(166,166,4),(166,611,6),(166,981,8),(166,1426,6),(166,1796,8),(167,167,7),(167,612,5),(167,982,3),(167,1427,1),(167,1797,2),(168,168,7),(168,613,7),(168,983,1),(168,1428,5),(168,1798,7),(169,169,1),(169,614,3),(169,984,3),(169,1429,5),(169,1799,6),(170,170,8),(170,615,7),(170,985,1),(170,1430,5),(170,1800,8),(171,171,3),(171,616,8),(171,986,10),(171,1431,4),(171,1801,1),(172,172,6),(172,617,3),(172,987,7),(172,1432,8),(172,1802,4),(173,173,8),(173,618,7),(173,988,9),(173,1433,1),(173,1803,2),(174,174,4),(174,619,2),(174,989,9),(174,1434,10),(174,1804,6),(175,175,8),(175,620,2),(175,990,7),(175,1435,10),(175,1805,5),(176,176,7),(176,621,6),(176,991,2),(176,1436,3),(176,1806,1),(177,177,8),(177,622,1),(177,992,9),(177,1437,10),(177,1807,8),(178,178,1),(178,623,2),(178,993,9),(178,1438,4),(178,1808,5),(179,179,7),(179,624,4),(179,994,6),(179,1439,2),(179,1809,5),(180,180,6),(180,625,7),(180,995,7),(180,1440,6),(180,1810,1),(181,181,8),(181,626,8),(181,996,10),(181,1441,6),(181,1811,3),(182,182,3),(182,627,4),(182,997,6),(182,1442,2),(182,1812,6),(183,183,4),(183,628,3),(183,998,3),(183,1443,10),(183,1813,8),(184,184,10),(184,629,10),(184,999,7),(184,1444,7),(184,1814,4),(185,185,5),(185,630,1),(185,1000,2),(185,1445,7),(185,1815,9),(186,186,6),(186,631,4),(186,1001,4),(186,1446,1),(186,1816,1),(187,187,9),(187,632,7),(187,1002,3),(187,1447,2),(187,1817,5),(188,188,9),(188,633,8),(188,1003,1),(188,1448,8),(188,1818,5),(189,189,3),(189,634,10),(189,1004,5),(189,1449,4),(189,1819,10),(190,190,2),(190,635,4),(190,1005,1),(190,1450,7),(190,1820,10),(191,191,9),(191,636,1),(191,1006,5),(191,1451,2),(191,1821,9),(192,192,7),(192,637,9),(192,1007,6),(192,1452,2),(192,1822,10),(193,193,2),(193,638,9),(193,1008,2),(193,1453,5),(193,1823,9),(194,194,6),(194,639,6),(194,1009,8),(194,1454,3),(194,1824,2),(195,195,1),(195,640,7),(195,1010,4),(195,1455,7),(195,1825,10),(196,196,5),(196,641,5),(196,1011,5),(196,1456,9),(196,1826,2),(197,197,2),(197,642,4),(197,1012,3),(197,1457,10),(197,1827,5),(198,198,10),(198,643,6),(198,1013,2),(198,1458,9),(198,1828,8),(199,199,1),(199,644,1),(199,1014,6),(199,1459,8),(199,1829,5),(200,200,10),(200,645,6),(200,1015,2),(200,1460,1),(200,1830,9),(201,201,1),(201,646,8),(201,1016,1),(201,1461,10),(201,1831,2),(202,202,6),(202,647,6),(202,1017,2),(202,1462,9),(202,1832,1),(203,203,4),(203,648,8),(203,1018,8),(203,1463,1),(203,1833,5),(204,204,7),(204,649,6),(204,1019,1),(204,1464,4),(204,1834,2),(205,205,8),(205,650,3),(205,1020,5),(205,1465,2),(205,1835,1),(206,206,1),(206,651,5),(206,1021,2),(206,1466,8),(206,1836,8),(207,207,2),(207,652,7),(207,1022,10),(207,1467,5),(207,1837,6),(208,208,9),(208,653,5),(208,1023,5),(208,1468,5),(208,1838,7),(209,209,5),(209,654,9),(209,1024,5),(209,1469,2),(209,1839,1),(210,210,10),(210,655,5),(210,1025,8),(210,1470,7),(210,1840,7),(211,211,3),(211,656,2),(211,1026,2),(211,1471,8),(211,1841,3),(212,212,9),(212,657,7),(212,1027,10),(212,1472,1),(212,1842,10),(213,213,6),(213,658,9),(213,1028,6),(213,1473,9),(213,1843,5),(214,214,4),(214,659,5),(214,1029,3),(214,1474,7),(214,1844,2),(215,215,8),(215,660,10),(215,1030,7),(215,1475,6),(215,1845,6),(216,216,3),(216,661,5),(216,1031,9),(216,1476,9),(216,1846,4),(217,217,1),(217,662,2),(217,1032,1),(217,1477,7),(217,1847,1),(218,218,6),(218,663,5),(218,1033,10),(218,1478,9),(218,1848,6),(219,219,2),(219,664,7),(219,1034,1),(219,1479,4),(219,1849,10),(220,220,1),(220,665,1),(220,1035,6),(220,1480,1),(220,1850,3),(221,221,1),(221,666,4),(221,1036,9),(221,1481,7),(221,1851,9),(222,222,10),(222,667,3),(222,1037,3),(222,1482,1),(222,1852,3),(223,223,7),(223,668,8),(223,1038,8),(223,1483,5),(223,1853,1),(224,224,3),(224,669,8),(224,1039,5),(224,1484,1),(224,1854,6),(225,225,4),(225,670,4),(225,1040,7),(225,1485,8),(225,1855,1),(226,226,6),(226,671,6),(226,1041,9),(226,1486,1),(226,1856,2),(227,227,2),(227,672,4),(227,1042,8),(227,1487,10),(227,1857,3),(228,228,10),(228,673,7),(228,1043,7),(228,1488,4),(228,1858,5),(229,229,6),(229,674,1),(229,1044,9),(229,1489,9),(229,1859,7),(230,230,10),(230,675,1),(230,1045,4),(230,1490,1),(230,1860,1),(231,231,7),(231,676,9),(231,1046,7),(231,1491,9),(231,1861,5),(232,232,6),(232,677,10),(232,1047,4),(232,1492,7),(232,1862,3),(233,233,2),(233,678,6),(233,1048,2),(233,1493,8),(233,1863,9),(234,234,1),(234,679,5),(234,1049,3),(234,1494,4),(234,1864,10),(235,235,7),(235,680,9),(235,1050,10),(235,1495,8),(235,1865,3),(236,236,9),(236,681,1),(236,1051,3),(236,1496,3),(236,1866,6),(237,237,4),(237,682,6),(237,1052,6),(237,1497,6),(237,1867,7),(238,238,9),(238,683,4),(238,1053,7),(238,1498,6),(238,1868,6),(239,239,7),(239,684,8),(239,1054,5),(239,1499,1),(239,1869,10),(240,240,3),(240,685,2),(240,1055,1),(240,1500,6),(240,1870,6),(241,241,8),(241,686,10),(241,1056,1),(241,1501,7),(241,1871,4),(242,242,10),(242,687,5),(242,1057,2),(242,1502,2),(242,1872,2),(243,243,8),(243,688,6),(243,1058,4),(243,1503,1),(243,1873,1),(244,244,4),(244,689,2),(244,1059,1),(244,1504,6),(244,1874,1),(245,245,2),(245,690,2),(245,1060,2),(245,1505,1),(245,1875,9),(246,246,8),(246,691,8),(246,1061,5),(246,1506,4),(246,1876,9),(247,247,1),(247,692,7),(247,1062,4),(247,1507,4),(247,1877,10),(248,248,3),(248,693,2),(248,1063,9),(248,1508,10),(248,1878,2),(249,249,2),(249,694,2),(249,1064,6),(249,1509,8),(249,1879,1),(250,250,6),(250,695,3),(250,1065,7),(250,1510,3),(250,1880,2),(251,251,4),(251,696,1),(251,1066,9),(251,1511,10),(251,1881,5),(252,252,7),(252,697,4),(252,1067,2),(252,1512,3),(252,1882,6),(253,253,7),(253,698,5),(253,1068,6),(253,1513,1),(253,1883,2),(254,254,1),(254,699,3),(254,1069,7),(254,1514,4),(254,1884,7),(255,255,6),(255,700,10),(255,1070,6),(255,1515,10),(255,1885,9),(256,256,8),(256,701,1),(256,1071,5),(256,1516,9),(256,1886,10),(257,257,2),(257,702,6),(257,1072,8),(257,1517,6),(257,1887,7),(258,258,2),(258,703,3),(258,1073,4),(258,1518,9),(258,1888,7),(259,259,9),(259,704,1),(259,1074,2),(259,1519,5),(259,1889,10),(260,260,6),(260,705,6),(260,1075,7),(260,1520,6),(260,1890,6),(261,261,5),(261,706,3),(261,1076,10),(261,1521,8),(261,1891,3),(262,262,5),(262,707,5),(262,1077,9),(262,1522,7),(262,1892,3),(263,263,6),(263,708,2),(263,1078,4),(263,1523,4),(263,1893,3),(264,264,6),(264,709,4),(264,1079,4),(264,1524,6),(264,1894,8),(265,265,8),(265,710,9),(265,1080,2),(265,1525,2),(265,1895,2),(266,266,4),(266,711,5),(266,1081,9),(266,1526,7),(266,1896,5),(267,267,8),(267,712,9),(267,1082,9),(267,1527,7),(267,1897,6),(268,268,8),(268,713,5),(268,1083,5),(268,1528,7),(268,1898,6),(269,269,8),(269,714,3),(269,1084,7),(269,1529,7),(269,1899,5),(270,270,3),(270,715,3),(270,1085,4),(270,1530,3),(270,1900,10),(271,271,4),(271,716,2),(271,1086,7),(271,1531,3),(271,1901,7),(272,272,8),(272,717,6),(272,1087,7),(272,1532,10),(272,1902,6),(273,273,3),(273,718,9),(273,1088,4),(273,1533,5),(273,1903,1),(274,274,1),(274,719,9),(274,1089,5),(274,1534,10),(274,1904,1),(275,275,8),(275,720,3),(275,1090,8),(275,1535,8),(275,1905,7),(276,276,8),(276,721,9),(276,1091,6),(276,1536,7),(276,1906,3),(277,277,6),(277,722,10),(277,1092,5),(277,1537,6),(277,1907,10),(278,278,10),(278,723,3),(278,1093,1),(278,1538,6),(278,1908,2),(279,279,2),(279,724,3),(279,1094,1),(279,1539,9),(279,1909,2),(280,280,10),(280,725,4),(280,1095,10),(280,1540,10),(280,1910,10),(281,281,3),(281,726,1),(281,1096,10),(281,1541,4),(281,1911,7),(282,282,2),(282,727,1),(282,1097,8),(282,1542,7),(282,1912,3),(283,283,8),(283,728,10),(283,1098,5),(283,1543,9),(283,1913,8),(284,284,8),(284,729,8),(284,1099,3),(284,1544,6),(284,1914,4),(285,285,2),(285,730,2),(285,1100,1),(285,1545,6),(285,1915,4),(286,286,7),(286,731,3),(286,1101,6),(286,1546,7),(286,1916,9),(287,287,2),(287,732,10),(287,1102,1),(287,1547,9),(287,1917,9),(288,288,4),(288,733,9),(288,1103,1),(288,1548,2),(288,1918,2),(289,289,7),(289,734,1),(289,1104,3),(289,1549,8),(289,1919,2),(290,290,8),(290,735,2),(290,1105,4),(290,1550,2),(290,1920,3),(291,291,7),(291,736,7),(291,1106,9),(291,1551,10),(291,1921,8),(292,292,7),(292,737,3),(292,1107,8),(292,1552,7),(292,1922,4),(293,293,6),(293,738,7),(293,1108,5),(293,1553,2),(293,1923,2),(294,294,5),(294,739,7),(294,1109,5),(294,1554,10),(294,1924,9),(295,295,8),(295,740,6),(295,1110,2),(295,1555,5),(295,1925,5),(296,296,4),(296,741,8),(296,1111,6),(296,1556,7),(296,1926,3),(297,297,1),(297,742,3),(297,1112,2),(297,1557,5),(297,1927,9),(298,298,4),(298,743,1),(298,1113,7),(298,1558,6),(298,1928,2),(299,299,9),(299,744,4),(299,1114,4),(299,1559,10),(299,1929,1),(300,300,2),(300,745,7),(300,1115,1),(300,1560,10),(300,1930,6),(301,301,5),(301,746,9),(301,1116,2),(301,1561,2),(301,1931,4),(302,302,2),(302,747,7),(302,1117,9),(302,1562,8),(302,1932,4),(303,303,2),(303,748,2),(303,1118,7),(303,1563,3),(303,1933,8),(304,304,9),(304,749,8),(304,1119,5),(304,1564,4),(304,1934,7),(305,305,7),(305,750,9),(305,1120,7),(305,1565,10),(305,1935,10),(306,306,9),(306,751,10),(306,1121,5),(306,1566,6),(306,1936,5),(307,307,5),(307,752,10),(307,1122,3),(307,1567,1),(307,1937,3),(308,308,3),(308,753,4),(308,1123,1),(308,1568,9),(308,1938,5),(309,309,5),(309,754,10),(309,1124,7),(309,1569,6),(309,1939,6),(310,310,7),(310,755,8),(310,1125,1),(310,1570,5),(310,1940,8),(311,311,4),(311,756,5),(311,1126,4),(311,1571,8),(311,1941,5),(312,312,6),(312,757,2),(312,1127,8),(312,1572,4),(312,1942,5),(313,313,9),(313,758,9),(313,1128,4),(313,1573,7),(313,1943,5),(314,314,6),(314,759,9),(314,1129,9),(314,1574,2),(314,1944,5),(315,315,2),(315,760,9),(315,1130,3),(315,1575,9),(315,1945,9),(316,316,3),(316,761,3),(316,1131,6),(316,1576,10),(316,1946,3),(317,317,5),(317,762,6),(317,1132,8),(317,1577,9),(317,1947,8),(318,318,1),(318,763,1),(318,1133,2),(318,1578,4),(318,1948,9),(319,319,1),(319,764,5),(319,1134,5),(319,1579,5),(319,1949,5),(320,320,1),(320,765,4),(320,1135,8),(320,1580,1),(320,1950,9),(321,321,9),(321,766,4),(321,1136,8),(321,1581,7),(321,1951,4),(322,322,8),(322,767,9),(322,1137,4),(322,1582,2),(322,1952,8),(323,323,3),(323,768,2),(323,1138,6),(323,1583,8),(323,1953,8),(324,324,9),(324,769,8),(324,1139,9),(324,1584,1),(324,1954,4),(325,325,9),(325,770,9),(325,1140,3),(325,1585,3),(325,1955,5),(326,326,1),(326,771,8),(326,1141,6),(326,1586,9),(326,1956,7),(327,327,4),(327,772,1),(327,1142,2),(327,1587,6),(327,1957,5),(328,328,4),(328,773,3),(328,1143,4),(328,1588,5),(328,1958,10),(329,329,8),(329,774,8),(329,1144,5),(329,1589,10),(329,1959,4),(330,330,3),(330,775,6),(330,1145,10),(330,1590,4),(330,1960,9),(331,331,3),(331,776,7),(331,1146,3),(331,1591,3),(331,1961,2),(332,332,7),(332,777,8),(332,1147,1),(332,1592,3),(332,1962,2),(333,333,5),(333,778,7),(333,1148,7),(333,1593,3),(333,1963,10),(334,334,10),(334,779,4),(334,1149,3),(334,1594,8),(334,1964,4),(335,335,9),(335,780,6),(335,1150,9),(335,1595,9),(335,1965,2),(336,336,2),(336,781,5),(336,1151,4),(336,1596,10),(336,1966,5),(337,337,1),(337,782,1),(337,1152,8),(337,1597,9),(337,1967,7),(338,338,2),(338,783,2),(338,1153,3),(338,1598,4),(338,1968,8),(339,339,8),(339,784,9),(339,1154,2),(339,1599,8),(339,1969,6),(340,340,10),(340,785,10),(340,1155,2),(340,1600,8),(340,1970,3),(341,341,5),(341,786,8),(341,1156,7),(341,1601,8),(341,1971,6),(342,342,6),(342,787,1),(342,1157,1),(342,1602,10),(342,1972,5),(343,343,2),(343,788,1),(343,1158,4),(343,1603,10),(343,1973,6),(344,344,8),(344,789,10),(344,1159,5),(344,1604,1),(344,1974,9),(345,345,1),(345,790,8),(345,1160,5),(345,1605,5),(345,1975,7),(346,346,1),(346,791,5),(346,1161,4),(346,1606,1),(346,1976,7),(347,347,6),(347,792,7),(347,1162,4),(347,1607,4),(347,1977,2),(348,348,8),(348,793,9),(348,1163,7),(348,1608,8),(348,1978,2),(349,349,6),(349,794,9),(349,1164,8),(349,1609,3),(349,1979,2),(350,350,3),(350,795,7),(350,1165,8),(350,1610,1),(350,1980,2),(351,351,1),(351,796,8),(351,1166,4),(351,1611,7),(351,1981,8),(352,352,8),(352,797,4),(352,1167,3),(352,1612,3),(352,1982,7),(353,353,8),(353,798,10),(353,1168,5),(353,1613,8),(353,1983,6),(354,354,3),(354,799,8),(354,1169,1),(354,1614,5),(354,1984,2),(355,355,4),(355,800,7),(355,1170,6),(355,1615,6),(355,1985,4),(356,356,3),(356,801,2),(356,1171,4),(356,1616,2),(356,1986,7),(357,357,7),(357,802,8),(357,1172,1),(357,1617,6),(357,1987,8),(358,358,9),(358,803,1),(358,1173,5),(358,1618,2),(358,1988,10),(359,359,6),(359,804,5),(359,1174,6),(359,1619,4),(359,1989,2),(360,360,2),(360,805,5),(360,1175,10),(360,1620,8),(360,1990,3),(361,361,8),(361,806,10),(361,1176,9),(361,1621,3),(361,1991,4),(362,362,3),(362,807,3),(362,1177,10),(362,1622,4),(362,1992,5),(363,363,1),(363,808,5),(363,1178,3),(363,1623,2),(363,1993,7),(364,364,4),(364,809,10),(364,1179,3),(364,1624,2),(364,1994,1),(365,365,9),(365,810,9),(365,1180,4),(365,1625,3),(365,1995,4),(366,366,4),(366,811,7),(366,1181,9),(366,1626,1),(366,1996,2),(367,367,3),(367,812,4),(367,1182,1),(367,1627,9),(367,1997,4),(368,368,1),(368,813,9),(368,1183,7),(368,1628,4),(368,1998,10),(369,369,2),(369,814,8),(369,1184,5),(369,1629,9),(369,1999,4),(370,370,10),(370,815,8),(370,1185,3),(370,1630,10),(370,2000,7),(371,1,4),(371,371,9),(371,816,2),(371,1186,2),(371,1631,7),(372,2,5),(372,372,9),(372,817,2),(372,1187,2),(372,1632,3),(373,3,1),(373,373,3),(373,818,1),(373,1188,4),(373,1633,4),(374,4,6),(374,374,10),(374,819,2),(374,1189,10),(374,1634,10),(375,5,2),(375,375,10),(375,820,7),(375,1190,4),(375,1635,7),(376,6,9),(376,376,5),(376,821,2),(376,1191,2),(376,1636,8),(377,7,3),(377,377,7),(377,822,7),(377,1192,2),(377,1637,3),(378,8,6),(378,378,8),(378,823,8),(378,1193,3),(378,1638,3),(379,9,8),(379,379,10),(379,824,10),(379,1194,5),(379,1639,9),(380,10,3),(380,380,1),(380,825,7),(380,1195,8),(380,1640,3),(381,11,3),(381,381,4),(381,826,10),(381,1196,2),(381,1641,2),(382,12,2),(382,382,10),(382,827,8),(382,1197,5),(382,1642,8),(383,13,4),(383,383,9),(383,828,2),(383,1198,1),(383,1643,10),(384,14,8),(384,384,2),(384,829,10),(384,1199,10),(384,1644,4),(385,15,1),(385,385,9),(385,830,4),(385,1200,2),(385,1645,4),(386,16,7),(386,386,10),(386,831,7),(386,1201,6),(386,1646,8),(387,17,8),(387,387,3),(387,832,10),(387,1202,1),(387,1647,4),(388,18,6),(388,388,2),(388,833,3),(388,1203,1),(388,1648,5),(389,19,10),(389,389,8),(389,834,3),(389,1204,4),(389,1649,8),(390,20,9),(390,390,2),(390,835,2),(390,1205,6),(390,1650,7),(391,21,1),(391,391,9),(391,836,7),(391,1206,7),(391,1651,2),(392,22,5),(392,392,10),(392,837,2),(392,1207,5),(392,1652,5),(393,23,7),(393,393,1),(393,838,9),(393,1208,9),(393,1653,2),(394,24,8),(394,394,8),(394,839,8),(394,1209,1),(394,1654,5),(395,25,9),(395,395,4),(395,840,6),(395,1210,9),(395,1655,7),(396,26,10),(396,396,5),(396,841,9),(396,1211,9),(396,1656,10),(397,27,3),(397,397,10),(397,842,3),(397,1212,5),(397,1657,5),(398,28,7),(398,398,9),(398,843,5),(398,1213,5),(398,1658,8),(399,29,4),(399,399,4),(399,844,2),(399,1214,9),(399,1659,5),(400,30,3),(400,400,2),(400,845,2),(400,1215,2),(400,1660,4),(401,31,8),(401,401,8),(401,846,4),(401,1216,8),(401,1661,7),(402,32,5),(402,402,3),(402,847,1),(402,1217,10),(402,1662,8),(403,33,5),(403,403,2),(403,848,1),(403,1218,8),(403,1663,8),(404,34,10),(404,404,10),(404,849,5),(404,1219,10),(404,1664,4),(405,35,1),(405,405,4),(405,850,9),(405,1220,9),(405,1665,9),(406,36,1),(406,406,9),(406,851,2),(406,1221,6),(406,1666,5),(407,37,1),(407,407,5),(407,852,10),(407,1222,7),(407,1667,8),(408,38,8),(408,408,6),(408,853,5),(408,1223,3),(408,1668,5),(409,39,10),(409,409,10),(409,854,1),(409,1224,4),(409,1669,3),(410,40,1),(410,410,7),(410,855,5),(410,1225,6),(410,1670,4),(411,41,4),(411,411,4),(411,856,3),(411,1226,4),(411,1671,5),(412,42,6),(412,412,5),(412,857,9),(412,1227,4),(412,1672,8),(413,43,1),(413,413,1),(413,858,10),(413,1228,10),(413,1673,5),(414,44,2),(414,414,4),(414,859,8),(414,1229,10),(414,1674,4),(415,45,10),(415,415,10),(415,860,9),(415,1230,4),(415,1675,5),(416,46,3),(416,416,2),(416,861,3),(416,1231,4),(416,1676,5),(417,47,6),(417,417,8),(417,862,7),(417,1232,6),(417,1677,3),(418,48,1),(418,418,2),(418,863,6),(418,1233,8),(418,1678,6),(419,49,5),(419,419,9),(419,864,10),(419,1234,10),(419,1679,3),(420,50,3),(420,420,8),(420,865,1),(420,1235,4),(420,1680,1),(421,51,7),(421,421,4),(421,866,9),(421,1236,3),(421,1681,3),(422,52,4),(422,422,2),(422,867,7),(422,1237,4),(422,1682,7),(423,53,4),(423,423,9),(423,868,9),(423,1238,7),(423,1683,6),(424,54,10),(424,424,3),(424,869,2),(424,1239,5),(424,1684,8),(425,55,2),(425,425,2),(425,870,2),(425,1240,3),(425,1685,4),(426,56,10),(426,426,8),(426,871,8),(426,1241,2),(426,1686,7),(427,57,7),(427,427,2),(427,872,10),(427,1242,1),(427,1687,9),(428,58,5),(428,428,10),(428,873,1),(428,1243,5),(428,1688,5),(429,59,3),(429,429,8),(429,874,1),(429,1244,3),(429,1689,8),(430,60,2),(430,430,4),(430,875,7),(430,1245,6),(430,1690,4),(431,61,1),(431,431,10),(431,876,4),(431,1246,4),(431,1691,1),(432,62,2),(432,432,9),(432,877,9),(432,1247,7),(432,1692,7),(433,63,5),(433,433,4),(433,878,9),(433,1248,2),(433,1693,5),(434,64,4),(434,434,7),(434,879,7),(434,1249,1),(434,1694,10),(435,65,5),(435,435,1),(435,880,2),(435,1250,7),(435,1695,5),(436,66,9),(436,436,2),(436,881,6),(436,1251,5),(436,1696,10),(437,67,9),(437,437,10),(437,882,1),(437,1252,10),(437,1697,2),(438,68,3),(438,438,9),(438,883,2),(438,1253,2),(438,1698,6),(439,69,5),(439,439,10),(439,884,10),(439,1254,5),(439,1699,1),(440,70,4),(440,440,10),(440,885,6),(440,1255,4),(440,1700,4),(441,71,9),(441,441,6),(441,886,3),(441,1256,10),(441,1701,2),(442,72,2),(442,442,6),(442,887,4),(442,1257,7),(442,1702,4),(443,73,9),(443,443,3),(443,888,7),(443,1258,5),(443,1703,9),(444,74,10),(444,444,1),(444,889,1),(444,1259,7),(444,1704,4),(445,75,3),(445,445,4),(445,890,2),(445,1260,1),(445,1705,7),(446,76,1),(446,446,7),(446,891,10),(446,1261,10),(446,1706,5),(447,77,6),(447,447,9),(447,892,4),(447,1262,7),(447,1707,1),(448,78,6),(448,448,2),(448,893,7),(448,1263,9),(448,1708,9),(449,79,8),(449,449,10),(449,894,5),(449,1264,8),(449,1709,10),(450,80,9),(450,450,9),(450,895,9),(450,1265,6),(450,1710,5),(451,81,3),(451,451,7),(451,896,6),(451,1266,1),(451,1711,10),(452,82,9),(452,452,9),(452,897,8),(452,1267,1),(452,1712,10),(453,83,8),(453,453,4),(453,898,1),(453,1268,1),(453,1713,6),(454,84,2),(454,454,6),(454,899,5),(454,1269,9),(454,1714,8),(455,85,7),(455,455,5),(455,900,9),(455,1270,9),(455,1715,7),(456,86,3),(456,456,6),(456,901,3),(456,1271,4),(456,1716,1),(457,87,5),(457,457,3),(457,902,4),(457,1272,3),(457,1717,10),(458,88,10),(458,458,8),(458,903,7),(458,1273,3),(458,1718,3),(459,89,4),(459,459,1),(459,904,9),(459,1274,5),(459,1719,10),(460,90,3),(460,460,3),(460,905,4),(460,1275,10),(460,1720,3),(461,91,5),(461,461,5),(461,906,3),(461,1276,8),(461,1721,3),(462,92,7),(462,462,7),(462,907,3),(462,1277,6),(462,1722,10),(463,93,1),(463,463,1),(463,908,9),(463,1278,2),(463,1723,6),(464,94,6),(464,464,8),(464,909,10),(464,1279,5),(464,1724,8),(465,95,7),(465,465,7),(465,910,10),(465,1280,8),(465,1725,7),(466,96,4),(466,466,4),(466,911,1),(466,1281,1),(466,1726,2),(467,97,1),(467,467,6),(467,912,1),(467,1282,4),(467,1727,4),(468,98,4),(468,468,1),(468,913,7),(468,1283,9),(468,1728,9),(469,99,2),(469,469,7),(469,914,2),(469,1284,9),(469,1729,3),(470,100,10),(470,470,6),(470,915,1),(470,1285,5),(470,1730,8),(471,101,2),(471,471,10),(471,916,2),(471,1286,1),(471,1731,8),(472,102,10),(472,472,1),(472,917,4),(472,1287,2),(472,1732,10),(473,103,1),(473,473,3),(473,918,3),(473,1288,10),(473,1733,10),(474,104,5),(474,474,4),(474,919,8),(474,1289,7),(474,1734,2),(475,105,3),(475,475,4),(475,920,9),(475,1290,9),(475,1735,3),(476,106,7),(476,476,3),(476,921,5),(476,1291,3),(476,1736,5),(477,107,8),(477,477,3),(477,922,5),(477,1292,5),(477,1737,4),(478,108,8),(478,478,2),(478,923,8),(478,1293,8),(478,1738,9),(479,109,10),(479,479,5),(479,924,7),(479,1294,8),(479,1739,5),(480,110,5),(480,480,8),(480,925,2),(480,1295,1),(480,1740,1),(481,111,7),(481,481,2),(481,926,4),(481,1296,1),(481,1741,10),(482,112,3),(482,482,1),(482,927,10),(482,1297,8),(482,1742,10),(483,113,2),(483,483,7),(483,928,10),(483,1298,2),(483,1743,3),(484,114,6),(484,484,8),(484,929,5),(484,1299,5),(484,1744,7),(485,115,9),(485,485,1),(485,930,1),(485,1300,1),(485,1745,10),(486,116,2),(486,486,3),(486,931,9),(486,1301,2),(486,1746,7),(487,117,5),(487,487,4),(487,932,10),(487,1302,4),(487,1747,5),(488,118,2),(488,488,6),(488,933,8),(488,1303,6),(488,1748,1),(489,119,7),(489,489,2),(489,934,4),(489,1304,8),(489,1749,8),(490,120,5),(490,490,10),(490,935,7),(490,1305,8),(490,1750,3),(491,121,1),(491,491,3),(491,936,5),(491,1306,7),(491,1751,8),(492,122,4),(492,492,7),(492,937,10),(492,1307,9),(492,1752,10),(493,123,8),(493,493,5),(493,938,6),(493,1308,6),(493,1753,7),(494,124,9),(494,494,2),(494,939,10),(494,1309,2),(494,1754,3),(495,125,10),(495,495,6),(495,940,5),(495,1310,5),(495,1755,1),(496,126,10),(496,496,3),(496,941,6),(496,1311,8),(496,1756,1),(497,127,6),(497,497,7),(497,942,5),(497,1312,5),(497,1757,10),(498,128,5),(498,498,2),(498,943,8),(498,1313,5),(498,1758,8),(499,129,5),(499,499,2),(499,944,3),(499,1314,1),(499,1759,10),(500,130,6),(500,500,8),(500,945,1),(500,1315,9),(500,1760,2),(501,131,5),(501,501,3),(501,946,1),(501,1316,6),(501,1761,10),(502,132,5),(502,502,10),(502,947,8),(502,1317,8),(502,1762,1),(503,133,8),(503,503,1),(503,948,3),(503,1318,9),(503,1763,10),(504,134,7),(504,504,4),(504,949,8),(504,1319,1),(504,1764,5),(505,135,5),(505,505,9),(505,950,7),(505,1320,4),(505,1765,5),(506,136,5),(506,506,9),(506,951,9),(506,1321,10),(506,1766,8),(507,137,6),(507,507,8),(507,952,9),(507,1322,4),(507,1767,5),(508,138,2),(508,508,1),(508,953,9),(508,1323,8),(508,1768,5),(509,139,10),(509,509,2),(509,954,9),(509,1324,4),(509,1769,6),(510,140,1),(510,510,5),(510,955,3),(510,1325,3),(510,1770,7),(511,141,7),(511,511,4),(511,956,6),(511,1326,7),(511,1771,10),(512,142,9),(512,512,5),(512,957,7),(512,1327,3),(512,1772,9),(513,143,6),(513,513,6),(513,958,2),(513,1328,3),(513,1773,4),(514,144,8),(514,514,4),(514,959,4),(514,1329,8),(514,1774,1),(515,145,6),(515,515,8),(515,960,5),(515,1330,9),(515,1775,6),(516,146,3),(516,516,5),(516,961,8),(516,1331,8),(516,1776,2),(517,147,2),(517,517,10),(517,962,8),(517,1332,1),(517,1777,8),(518,148,9),(518,518,8),(518,963,3),(518,1333,5),(518,1778,1),(519,149,6),(519,519,5),(519,964,5),(519,1334,6),(519,1779,10),(520,150,8),(520,520,9),(520,965,7),(520,1335,7),(520,1780,2),(521,151,8),(521,521,10),(521,966,9),(521,1336,4),(521,1781,10),(522,152,1),(522,522,8),(522,967,10),(522,1337,1),(522,1782,4),(523,153,7),(523,523,8),(523,968,9),(523,1338,4),(523,1783,7),(524,154,5),(524,524,7),(524,969,6),(524,1339,6),(524,1784,1),(525,155,10),(525,525,8),(525,970,8),(525,1340,9),(525,1785,1),(526,156,1),(526,526,1),(526,971,10),(526,1341,3),(526,1786,3),(527,157,6),(527,527,9),(527,972,5),(527,1342,9),(527,1787,3),(528,158,4),(528,528,3),(528,973,4),(528,1343,9),(528,1788,9),(529,159,10),(529,529,7),(529,974,6),(529,1344,8),(529,1789,10),(530,160,7),(530,530,10),(530,975,4),(530,1345,3),(530,1790,7),(531,161,6),(531,531,9),(531,976,10),(531,1346,6),(531,1791,7),(532,162,7),(532,532,7),(532,977,4),(532,1347,9),(532,1792,2),(533,163,5),(533,533,5),(533,978,7),(533,1348,2),(533,1793,1),(534,164,9),(534,534,10),(534,979,4),(534,1349,3),(534,1794,1),(535,165,7),(535,535,9),(535,980,3),(535,1350,9),(535,1795,8),(536,166,5),(536,536,7),(536,981,10),(536,1351,1),(536,1796,2),(537,167,5),(537,537,5),(537,982,2),(537,1352,6),(537,1797,2),(538,168,1),(538,538,5),(538,983,10),(538,1353,1),(538,1798,9),(539,169,2),(539,539,9),(539,984,1),(539,1354,7),(539,1799,10),(540,170,8),(540,540,2),(540,985,7),(540,1355,4),(540,1800,4),(541,171,7),(541,541,1),(541,986,5),(541,1356,9),(541,1801,3),(542,172,4),(542,542,4),(542,987,4),(542,1357,1),(542,1802,9),(543,173,4),(543,543,8),(543,988,8),(543,1358,8),(543,1803,3),(544,174,10),(544,544,1),(544,989,5),(544,1359,10),(544,1804,8),(545,175,5),(545,545,9),(545,990,7),(545,1360,9),(545,1805,10),(546,176,9),(546,546,5),(546,991,5),(546,1361,3),(546,1806,9),(547,177,6),(547,547,3),(547,992,8),(547,1362,6),(547,1807,1),(548,178,7),(548,548,6),(548,993,2),(548,1363,7),(548,1808,4),(549,179,10),(549,549,9),(549,994,6),(549,1364,6),(549,1809,7),(550,180,3),(550,550,5),(550,995,4),(550,1365,6),(550,1810,7),(551,181,7),(551,551,1),(551,996,7),(551,1366,3),(551,1811,7),(552,182,4),(552,552,5),(552,997,5),(552,1367,6),(552,1812,3),(553,183,2),(553,553,3),(553,998,9),(553,1368,7),(553,1813,8),(554,184,1),(554,554,1),(554,999,6),(554,1369,7),(554,1814,10),(555,185,1),(555,555,6),(555,1000,5),(555,1370,8),(555,1815,8),(556,186,3),(556,556,4),(556,1001,6),(556,1371,3),(556,1816,1),(557,187,10),(557,557,5),(557,1002,3),(557,1372,7),(557,1817,10),(558,188,4),(558,558,10),(558,1003,10),(558,1373,5),(558,1818,5),(559,189,6),(559,559,7),(559,1004,5),(559,1374,1),(559,1819,4),(560,190,5),(560,560,4),(560,1005,3),(560,1375,7),(560,1820,7),(561,191,10),(561,561,4),(561,1006,8),(561,1376,8),(561,1821,7),(562,192,5),(562,562,9),(562,1007,1),(562,1377,2),(562,1822,2),(563,193,7),(563,563,7),(563,1008,6),(563,1378,7),(563,1823,8),(564,194,8),(564,564,6),(564,1009,2),(564,1379,10),(564,1824,2),(565,195,4),(565,565,5),(565,1010,1),(565,1380,1),(565,1825,4),(566,196,7),(566,566,5),(566,1011,3),(566,1381,4),(566,1826,10),(567,197,10),(567,567,4),(567,1012,5),(567,1382,9),(567,1827,6),(568,198,2),(568,568,4),(568,1013,3),(568,1383,3),(568,1828,6),(569,199,4),(569,569,8),(569,1014,3),(569,1384,2),(569,1829,1),(570,200,3),(570,570,6),(570,1015,2),(570,1385,3),(570,1830,7),(571,201,5),(571,571,9),(571,1016,6),(571,1386,1),(571,1831,3),(572,202,10),(572,572,6),(572,1017,7),(572,1387,5),(572,1832,8),(573,203,2),(573,573,4),(573,1018,8),(573,1388,6),(573,1833,9),(574,204,7),(574,574,8),(574,1019,9),(574,1389,4),(574,1834,3),(575,205,1),(575,575,4),(575,1020,9),(575,1390,1),(575,1835,5),(576,206,8),(576,576,4),(576,1021,3),(576,1391,4),(576,1836,8),(577,207,8),(577,577,4),(577,1022,7),(577,1392,9),(577,1837,8),(578,208,5),(578,578,9),(578,1023,7),(578,1393,8),(578,1838,2),(579,209,2),(579,579,7),(579,1024,8),(579,1394,9),(579,1839,8),(580,210,5),(580,580,10),(580,1025,3),(580,1395,4),(580,1840,10),(581,211,9),(581,581,4),(581,1026,7),(581,1396,9),(581,1841,1),(582,212,5),(582,582,1),(582,1027,9),(582,1397,6),(582,1842,10),(583,213,6),(583,583,7),(583,1028,1),(583,1398,2),(583,1843,9),(584,214,8),(584,584,3),(584,1029,2),(584,1399,3),(584,1844,10),(585,215,1),(585,585,2),(585,1030,10),(585,1400,7),(585,1845,5),(586,216,2),(586,586,3),(586,1031,9),(586,1401,3),(586,1846,2),(587,217,2),(587,587,4),(587,1032,2),(587,1402,5),(587,1847,9),(588,218,4),(588,588,1),(588,1033,1),(588,1403,5),(588,1848,10),(589,219,6),(589,589,8),(589,1034,2),(589,1404,7),(589,1849,1),(590,220,6),(590,590,8),(590,1035,8),(590,1405,5),(590,1850,10),(591,221,10),(591,591,6),(591,1036,2),(591,1406,5),(591,1851,8),(592,222,9),(592,592,6),(592,1037,6),(592,1407,10),(592,1852,10),(593,223,7),(593,593,9),(593,1038,8),(593,1408,6),(593,1853,3),(594,224,5),(594,594,8),(594,1039,9),(594,1409,3),(594,1854,3),(595,225,2),(595,595,1),(595,1040,9),(595,1410,6),(595,1855,1),(596,226,2),(596,596,3),(596,1041,1),(596,1411,3),(596,1856,1),(597,227,6),(597,597,10),(597,1042,6),(597,1412,5),(597,1857,1),(598,228,6),(598,598,4),(598,1043,2),(598,1413,4),(598,1858,9),(599,229,2),(599,599,8),(599,1044,7),(599,1414,10),(599,1859,7),(600,230,3),(600,600,8),(600,1045,2),(600,1415,5),(600,1860,10),(601,231,8),(601,601,4),(601,1046,2),(601,1416,8),(601,1861,4),(602,232,4),(602,602,5),(602,1047,8),(602,1417,1),(602,1862,5),(603,233,5),(603,603,1),(603,1048,6),(603,1418,2),(603,1863,4),(604,234,1),(604,604,4),(604,1049,8),(604,1419,4),(604,1864,9),(605,235,2),(605,605,4),(605,1050,8),(605,1420,6),(605,1865,8),(606,236,8),(606,606,8),(606,1051,10),(606,1421,4),(606,1866,7),(607,237,8),(607,607,6),(607,1052,3),(607,1422,5),(607,1867,10),(608,238,9),(608,608,5),(608,1053,6),(608,1423,4),(608,1868,5),(609,239,9),(609,609,3),(609,1054,4),(609,1424,7),(609,1869,8),(610,240,6),(610,610,3),(610,1055,4),(610,1425,10),(610,1870,10),(611,241,2),(611,611,6),(611,1056,9),(611,1426,10),(611,1871,7),(612,242,3),(612,612,5),(612,1057,4),(612,1427,1),(612,1872,7),(613,243,4),(613,613,7),(613,1058,4),(613,1428,2),(613,1873,6),(614,244,2),(614,614,5),(614,1059,4),(614,1429,9),(614,1874,2),(615,245,4),(615,615,9),(615,1060,6),(615,1430,7),(615,1875,4),(616,246,3),(616,616,3),(616,1061,4),(616,1431,2),(616,1876,2),(617,247,1),(617,617,8),(617,1062,10),(617,1432,6),(617,1877,4),(618,248,9),(618,618,6),(618,1063,9),(618,1433,6),(618,1878,7),(619,249,7),(619,619,10),(619,1064,3),(619,1434,3),(619,1879,9),(620,250,4),(620,620,8),(620,1065,2),(620,1435,6),(620,1880,6),(621,251,9),(621,621,5),(621,1066,6),(621,1436,8),(621,1881,5),(622,252,5),(622,622,5),(622,1067,9),(622,1437,6),(622,1882,8),(623,253,8),(623,623,10),(623,1068,1),(623,1438,2),(623,1883,4),(624,254,2),(624,624,2),(624,1069,3),(624,1439,9),(624,1884,1),(625,255,8),(625,625,8),(625,1070,8),(625,1440,3),(625,1885,1),(626,256,4),(626,626,5),(626,1071,10),(626,1441,9),(626,1886,9),(627,257,4),(627,627,9),(627,1072,5),(627,1442,10),(627,1887,9),(628,258,3),(628,628,1),(628,1073,5),(628,1443,3),(628,1888,8),(629,259,3),(629,629,8),(629,1074,5),(629,1444,10),(629,1889,6),(630,260,1),(630,630,6),(630,1075,2),(630,1445,7),(630,1890,5),(631,261,1),(631,631,4),(631,1076,3),(631,1446,4),(631,1891,1),(632,262,6),(632,632,2),(632,1077,9),(632,1447,4),(632,1892,6),(633,263,4),(633,633,10),(633,1078,8),(633,1448,1),(633,1893,9),(634,264,7),(634,634,2),(634,1079,8),(634,1449,8),(634,1894,5),(635,265,6),(635,635,4),(635,1080,5),(635,1450,9),(635,1895,9),(636,266,10),(636,636,9),(636,1081,7),(636,1451,9),(636,1896,1),(637,267,7),(637,637,3),(637,1082,4),(637,1452,7),(637,1897,1),(638,268,4),(638,638,7),(638,1083,4),(638,1453,2),(638,1898,10),(639,269,8),(639,639,3),(639,1084,7),(639,1454,5),(639,1899,2),(640,270,6),(640,640,2),(640,1085,7),(640,1455,1),(640,1900,7),(641,271,6),(641,641,2),(641,1086,7),(641,1456,2),(641,1901,6),(642,272,2),(642,642,2),(642,1087,8),(642,1457,6),(642,1902,1),(643,273,6),(643,643,2),(643,1088,9),(643,1458,10),(643,1903,2),(644,274,4),(644,644,6),(644,1089,8),(644,1459,6),(644,1904,6),(645,275,5),(645,645,5),(645,1090,4),(645,1460,4),(645,1905,4),(646,276,9),(646,646,7),(646,1091,9),(646,1461,2),(646,1906,6),(647,277,4),(647,647,10),(647,1092,10),(647,1462,9),(647,1907,6),(648,278,9),(648,648,9),(648,1093,1),(648,1463,2),(648,1908,4),(649,279,6),(649,649,6),(649,1094,9),(649,1464,10),(649,1909,5),(650,280,4),(650,650,8),(650,1095,4),(650,1465,5),(650,1910,7),(651,281,6),(651,651,4),(651,1096,3),(651,1466,9),(651,1911,6),(652,282,1),(652,652,7),(652,1097,1),(652,1467,4),(652,1912,3),(653,283,2),(653,653,7),(653,1098,5),(653,1468,10),(653,1913,7),(654,284,3),(654,654,10),(654,1099,9),(654,1469,1),(654,1914,6),(655,285,9),(655,655,1),(655,1100,3),(655,1470,7),(655,1915,10),(656,286,3),(656,656,2),(656,1101,8),(656,1471,1),(656,1916,10),(657,287,8),(657,657,6),(657,1102,2),(657,1472,6),(657,1917,5),(658,288,9),(658,658,8),(658,1103,7),(658,1473,2),(658,1918,9),(659,289,4),(659,659,4),(659,1104,6),(659,1474,6),(659,1919,2),(660,290,6),(660,660,1),(660,1105,3),(660,1475,10),(660,1920,3),(661,291,9),(661,661,5),(661,1106,5),(661,1476,2),(661,1921,6),(662,292,8),(662,662,9),(662,1107,8),(662,1477,9),(662,1922,6),(663,293,4),(663,663,7),(663,1108,10),(663,1478,8),(663,1923,9),(664,294,3),(664,664,2),(664,1109,5),(664,1479,4),(664,1924,5),(665,295,6),(665,665,5),(665,1110,1),(665,1480,7),(665,1925,2),(666,296,9),(666,666,9),(666,1111,6),(666,1481,2),(666,1926,5),(667,297,5),(667,667,9),(667,1112,6),(667,1482,4),(667,1927,1),(668,298,1),(668,668,2),(668,1113,7),(668,1483,9),(668,1928,5),(669,299,10),(669,669,4),(669,1114,3),(669,1484,9),(669,1929,6),(670,300,7),(670,670,2),(670,1115,7),(670,1485,7),(670,1930,5),(671,301,6),(671,671,1),(671,1116,3),(671,1486,5),(671,1931,2),(672,302,4),(672,672,7),(672,1117,6),(672,1487,5),(672,1932,3),(673,303,2),(673,673,4),(673,1118,8),(673,1488,3),(673,1933,3),(674,304,1),(674,674,9),(674,1119,1),(674,1489,1),(674,1934,7),(675,305,6),(675,675,9),(675,1120,6),(675,1490,8),(675,1935,10),(676,306,7),(676,676,7),(676,1121,5),(676,1491,10),(676,1936,2),(677,307,7),(677,677,10),(677,1122,6),(677,1492,6),(677,1937,7),(678,308,1),(678,678,3),(678,1123,5),(678,1493,9),(678,1938,4),(679,309,7),(679,679,6),(679,1124,10),(679,1494,5),(679,1939,10),(680,310,2),(680,680,6),(680,1125,1),(680,1495,5),(680,1940,3),(681,311,3),(681,681,2),(681,1126,3),(681,1496,10),(681,1941,4),(682,312,6),(682,682,7),(682,1127,7),(682,1497,4),(682,1942,10),(683,313,4),(683,683,2),(683,1128,5),(683,1498,5),(683,1943,5),(684,314,6),(684,684,4),(684,1129,4),(684,1499,4),(684,1944,6),(685,315,2),(685,685,9),(685,1130,10),(685,1500,1),(685,1945,3),(686,316,7),(686,686,6),(686,1131,9),(686,1501,2),(686,1946,6),(687,317,8),(687,687,4),(687,1132,2),(687,1502,5),(687,1947,8),(688,318,1),(688,688,4),(688,1133,5),(688,1503,8),(688,1948,10),(689,319,2),(689,689,5),(689,1134,3),(689,1504,1),(689,1949,4),(690,320,4),(690,690,10),(690,1135,7),(690,1505,9),(690,1950,10),(691,321,9),(691,691,10),(691,1136,7),(691,1506,8),(691,1951,9),(692,322,9),(692,692,10),(692,1137,7),(692,1507,8),(692,1952,6),(693,323,6),(693,693,2),(693,1138,9),(693,1508,4),(693,1953,6),(694,324,6),(694,694,9),(694,1139,8),(694,1509,6),(694,1954,3),(695,325,9),(695,695,6),(695,1140,10),(695,1510,5),(695,1955,2),(696,326,9),(696,696,3),(696,1141,6),(696,1511,7),(696,1956,9),(697,327,1),(697,697,7),(697,1142,4),(697,1512,10),(697,1957,9),(698,328,10),(698,698,3),(698,1143,7),(698,1513,4),(698,1958,9),(699,329,8),(699,699,9),(699,1144,4),(699,1514,10),(699,1959,9),(700,330,2),(700,700,5),(700,1145,2),(700,1515,5),(700,1960,10),(701,331,9),(701,701,5),(701,1146,2),(701,1516,2),(701,1961,1),(702,332,2),(702,702,7),(702,1147,3),(702,1517,2),(702,1962,3),(703,333,2),(703,703,9),(703,1148,6),(703,1518,3),(703,1963,4),(704,334,1),(704,704,8),(704,1149,10),(704,1519,9),(704,1964,1),(705,335,8),(705,705,3),(705,1150,8),(705,1520,5),(705,1965,2),(706,336,6),(706,706,10),(706,1151,8),(706,1521,1),(706,1966,1),(707,337,4),(707,707,10),(707,1152,6),(707,1522,8),(707,1967,3),(708,338,4),(708,708,3),(708,1153,8),(708,1523,8),(708,1968,5),(709,339,10),(709,709,2),(709,1154,6),(709,1524,9),(709,1969,7),(710,340,1),(710,710,1),(710,1155,6),(710,1525,3),(710,1970,9),(711,341,10),(711,711,6),(711,1156,9),(711,1526,10),(711,1971,2),(712,342,9),(712,712,6),(712,1157,1),(712,1527,2),(712,1972,3),(713,343,10),(713,713,5),(713,1158,5),(713,1528,8),(713,1973,4),(714,344,3),(714,714,2),(714,1159,5),(714,1529,3),(714,1974,7),(715,345,4),(715,715,7),(715,1160,10),(715,1530,8),(715,1975,8),(716,346,3),(716,716,4),(716,1161,2),(716,1531,1),(716,1976,7),(717,347,4),(717,717,8),(717,1162,7),(717,1532,5),(717,1977,2),(718,348,1),(718,718,10),(718,1163,5),(718,1533,5),(718,1978,10),(719,349,5),(719,719,4),(719,1164,3),(719,1534,6),(719,1979,7),(720,350,10),(720,720,2),(720,1165,4),(720,1535,10),(720,1980,4),(721,351,9),(721,721,4),(721,1166,10),(721,1536,4),(721,1981,1),(722,352,5),(722,722,10),(722,1167,5),(722,1537,5),(722,1982,7),(723,353,6),(723,723,5),(723,1168,5),(723,1538,2),(723,1983,2),(724,354,3),(724,724,2),(724,1169,7),(724,1539,1),(724,1984,5),(725,355,2),(725,725,6),(725,1170,2),(725,1540,6),(725,1985,6),(726,356,4),(726,726,8),(726,1171,10),(726,1541,2),(726,1986,3),(727,357,5),(727,727,3),(727,1172,6),(727,1542,3),(727,1987,9),(728,358,2),(728,728,3),(728,1173,8),(728,1543,9),(728,1988,10),(729,359,4),(729,729,2),(729,1174,1),(729,1544,9),(729,1989,3),(730,360,10),(730,730,2),(730,1175,9),(730,1545,1),(730,1990,10),(731,361,3),(731,731,5),(731,1176,1),(731,1546,5),(731,1991,6),(732,362,1),(732,732,10),(732,1177,1),(732,1547,3),(732,1992,4),(733,363,8),(733,733,1),(733,1178,7),(733,1548,5),(733,1993,6),(734,364,1),(734,734,6),(734,1179,3),(734,1549,3),(734,1994,2),(735,365,5),(735,735,10),(735,1180,10),(735,1550,9),(735,1995,4),(736,366,8),(736,736,5),(736,1181,10),(736,1551,3),(736,1996,7),(737,367,1),(737,737,10),(737,1182,8),(737,1552,8),(737,1997,2),(738,368,6),(738,738,6),(738,1183,3),(738,1553,4),(738,1998,1),(739,369,4),(739,739,3),(739,1184,10),(739,1554,8),(739,1999,1),(740,370,7),(740,740,5),(740,1185,4),(740,1555,5),(740,2000,9),(741,371,3),(741,741,2),(741,1186,4),(741,1556,10),(742,372,9),(742,742,6),(742,1187,9),(742,1557,2),(743,373,9),(743,743,4),(743,1188,10),(743,1558,7),(744,374,7),(744,744,2),(744,1189,2),(744,1559,2),(745,375,3),(745,745,2),(745,1190,9),(745,1560,8),(746,376,10),(746,746,7),(746,1191,2),(746,1561,5),(747,377,10),(747,747,4),(747,1192,9),(747,1562,5),(748,378,3),(748,748,1),(748,1193,5),(748,1563,3),(749,379,10),(749,749,8),(749,1194,5),(749,1564,4),(750,380,9),(750,750,2),(750,1195,4),(750,1565,1),(751,381,10),(751,751,4),(751,1196,10),(751,1566,8),(752,382,9),(752,752,6),(752,1197,7),(752,1567,10),(753,383,7),(753,753,7),(753,1198,5),(753,1568,6),(754,384,10),(754,754,3),(754,1199,1),(754,1569,1),(755,385,6),(755,755,3),(755,1200,8),(755,1570,8),(756,386,9),(756,756,7),(756,1201,10),(756,1571,4),(757,387,8),(757,757,8),(757,1202,3),(757,1572,4),(758,388,6),(758,758,8),(758,1203,2),(758,1573,2),(759,389,10),(759,759,8),(759,1204,2),(759,1574,1),(760,390,9),(760,760,10),(760,1205,4),(760,1575,3),(761,391,6),(761,761,5),(761,1206,8),(761,1576,9),(762,392,4),(762,762,8),(762,1207,10),(762,1577,8),(763,393,4),(763,763,9),(763,1208,3),(763,1578,3),(764,394,4),(764,764,2),(764,1209,10),(764,1579,7),(765,395,10),(765,765,3),(765,1210,9),(765,1580,10),(766,396,10),(766,766,10),(766,1211,9),(766,1581,5),(767,397,5),(767,767,4),(767,1212,6),(767,1582,1),(768,398,1),(768,768,3),(768,1213,6),(768,1583,10),(769,399,2),(769,769,3),(769,1214,9),(769,1584,1),(770,400,3),(770,770,3),(770,1215,1),(770,1585,2),(771,401,4),(771,771,10),(771,1216,3),(771,1586,3),(772,402,6),(772,772,2),(772,1217,8),(772,1587,7),(773,403,4),(773,773,9),(773,1218,8),(773,1588,10),(774,404,8),(774,774,10),(774,1219,2),(774,1589,5),(775,405,5),(775,775,10),(775,1220,3),(775,1590,7),(776,406,5),(776,776,6),(776,1221,1),(776,1591,5),(777,407,3),(777,777,3),(777,1222,9),(777,1592,8),(778,408,4),(778,778,9),(778,1223,1),(778,1593,7),(779,409,5),(779,779,4),(779,1224,8),(779,1594,8),(780,410,10),(780,780,8),(780,1225,4),(780,1595,7),(781,411,6),(781,781,6),(781,1226,8),(781,1596,1),(782,412,1),(782,782,5),(782,1227,6),(782,1597,9),(783,413,1),(783,783,1),(783,1228,8),(783,1598,10),(784,414,9),(784,784,4),(784,1229,1),(784,1599,3),(785,415,4),(785,785,3),(785,1230,1),(785,1600,8),(786,416,5),(786,786,2),(786,1231,1),(786,1601,10),(787,417,4),(787,787,6),(787,1232,9),(787,1602,5),(788,418,3),(788,788,8),(788,1233,3),(788,1603,6),(789,419,10),(789,789,1),(789,1234,4),(789,1604,8),(790,420,2),(790,790,8),(790,1235,5),(790,1605,7),(791,421,2),(791,791,8),(791,1236,7),(791,1606,10),(792,422,6),(792,792,3),(792,1237,3),(792,1607,7),(793,423,10),(793,793,8),(793,1238,3),(793,1608,1),(794,424,4),(794,794,10),(794,1239,6),(794,1609,1),(795,425,1),(795,795,9),(795,1240,4),(795,1610,3),(796,426,2),(796,796,4),(796,1241,4),(796,1611,10),(797,427,10),(797,797,4),(797,1242,10),(797,1612,10),(798,428,8),(798,798,6),(798,1243,8),(798,1613,3),(799,429,4),(799,799,3),(799,1244,8),(799,1614,1),(800,430,10),(800,800,2),(800,1245,7),(800,1615,4),(801,431,9),(801,801,2),(801,1246,9),(801,1616,10),(802,432,2),(802,802,7),(802,1247,5),(802,1617,1),(803,433,10),(803,803,6),(803,1248,5),(803,1618,10),(804,434,10),(804,804,1),(804,1249,1),(804,1619,5),(805,435,9),(805,805,10),(805,1250,9),(805,1620,4),(806,436,6),(806,806,5),(806,1251,6),(806,1621,5),(807,437,1),(807,807,9),(807,1252,3),(807,1622,6),(808,438,6),(808,808,4),(808,1253,9),(808,1623,9),(809,439,4),(809,809,1),(809,1254,1),(809,1624,4),(810,440,4),(810,810,1),(810,1255,2),(810,1625,1),(811,441,9),(811,811,2),(811,1256,7),(811,1626,3),(812,442,9),(812,812,1),(812,1257,1),(812,1627,10),(813,443,6),(813,813,3),(813,1258,10),(813,1628,10),(814,444,2),(814,814,9),(814,1259,8),(814,1629,8),(815,445,5),(815,815,1),(815,1260,1),(815,1630,10);
/*!40000 ALTER TABLE `libroventa` ENABLE KEYS */;
UNLOCK TABLES;

--
-- Table structure for table `venta`
--

DROP TABLE IF EXISTS `venta`;
/*!40101 SET @saved_cs_client     = @@character_set_client */;
/*!40101 SET character_set_client = utf8 */;
CREATE TABLE `venta` (
  `idVenta` int(11) NOT NULL,
  `Monto` decimal(10,0) DEFAULT NULL,
  `Fecha` date DEFAULT NULL,
  `idEmpleado` int(11) DEFAULT NULL,
  PRIMARY KEY (`idVenta`),
  KEY `idEmpleado_idx` (`idEmpleado`),
  CONSTRAINT `idEmpleado` FOREIGN KEY (`idEmpleado`) REFERENCES `empleado` (`idEmpleado`) ON DELETE NO ACTION ON UPDATE NO ACTION
) ENGINE=InnoDB DEFAULT CHARSET=utf8;
/*!40101 SET character_set_client = @saved_cs_client */;

--
-- Dumping data for table `venta`
--

LOCK TABLES `venta` WRITE;
/*!40000 ALTER TABLE `venta` DISABLE KEYS */;
INSERT INTO `venta` VALUES (1,1972,'2000-11-15',1),(2,652,'2000-07-06',2),(3,3366,'2008-02-22',3),(4,2951,'2011-09-08',4),(5,954,'2002-03-27',5),(6,4791,'2008-09-09',6),(7,4217,'2012-01-17',7),(8,3140,'2010-06-02',8),(9,4683,'2003-11-09',9),(10,3344,'2012-05-15',10),(11,2596,'2011-06-26',11),(12,3716,'2005-05-06',12),(13,3897,'2007-10-27',13),(14,4193,'2002-05-11',14),(15,1705,'2005-01-01',15),(16,583,'2005-03-03',16),(17,3094,'2009-03-01',17),(18,4780,'2008-08-18',18),(19,3074,'2014-12-18',19),(20,1087,'2006-09-09',20),(21,3368,'2009-10-12',1),(22,4998,'2012-06-12',2),(23,2788,'2001-02-27',3),(24,3045,'2001-09-07',4),(25,3719,'2015-08-28',5),(26,2053,'2009-02-26',6),(27,1147,'2009-03-17',7),(28,4109,'2015-10-18',8),(29,4365,'2016-10-16',9),(30,4715,'2008-11-23',10),(31,1118,'2013-02-04',11),(32,4156,'2001-04-13',12),(33,290,'2003-09-13',13),(34,3411,'2006-10-11',14),(35,2819,'2005-12-13',15),(36,4880,'2012-07-14',16),(37,3722,'2013-06-21',17),(38,3139,'2001-02-11',18),(39,2556,'2009-05-02',19),(40,1327,'2010-06-05',20),(41,652,'2015-04-26',1),(42,3447,'2015-09-16',2),(43,2208,'2009-03-20',3),(44,687,'2002-08-02',4),(45,885,'1999-11-14',5),(46,3757,'2016-03-03',6),(47,4526,'2004-09-27',7),(48,3440,'2008-06-28',8),(49,1097,'2003-11-01',9),(50,940,'2005-09-02',10),(51,3298,'2001-07-10',11),(52,3160,'2007-01-01',12),(53,2226,'2011-05-12',13),(54,2017,'2005-05-18',14),(55,1996,'2003-07-01',15),(56,3834,'2015-10-16',16),(57,742,'2015-09-25',17),(58,4468,'2015-03-11',18),(59,2044,'2010-07-07',19),(60,667,'2009-03-02',20),(61,2937,'2006-06-21',1),(62,2661,'2005-05-17',2),(63,4945,'2011-11-20',3),(64,633,'2007-08-14',4),(65,3881,'2004-10-08',5),(66,328,'2009-01-16',6),(67,3932,'2006-05-07',7),(68,4932,'2008-07-21',8),(69,4738,'2004-04-28',9),(70,4567,'1999-08-07',10),(71,2432,'2016-08-27',11),(72,234,'2004-01-28',12),(73,1837,'2004-10-24',13),(74,2931,'2006-08-12',14),(75,3904,'2014-11-16',15),(76,2311,'2009-01-21',16),(77,3455,'2004-05-28',17),(78,2934,'1999-10-01',18),(79,4889,'2000-08-15',19),(80,884,'2002-01-05',20),(81,1271,'2003-09-17',1),(82,3091,'2003-03-23',2),(83,872,'2002-04-10',3),(84,4797,'2016-11-28',4),(85,4766,'2006-06-10',5),(86,1463,'2007-01-01',6),(87,3554,'2007-06-28',7),(88,1301,'2004-06-05',8),(89,2513,'2002-07-08',9),(90,1391,'2015-05-12',10),(91,3494,'2008-09-15',11),(92,426,'2001-01-18',12),(93,3089,'2005-07-22',13),(94,2969,'2005-02-03',14),(95,2509,'2016-11-28',15),(96,4272,'2004-11-04',16),(97,2118,'2010-03-17',17),(98,4248,'2002-06-02',18),(99,1740,'2005-04-03',19),(100,1745,'2016-11-18',20),(101,1392,'2003-04-24',1),(102,4468,'2008-02-20',2),(103,1424,'2001-07-04',3),(104,1128,'2009-06-18',4),(105,2623,'2002-07-16',5),(106,2592,'2009-08-21',6),(107,3753,'2014-04-10',7),(108,3238,'1999-03-08',8),(109,246,'2007-01-01',9),(110,1370,'2005-06-23',10),(111,1708,'2006-10-20',11),(112,3077,'2008-01-23',12),(113,4013,'2002-01-23',13),(114,4422,'2004-12-13',14),(115,2462,'2007-03-13',15),(116,2021,'2002-02-01',16),(117,410,'2016-05-15',17),(118,3960,'2005-06-01',18),(119,2719,'2015-01-21',19),(120,4312,'2015-05-22',20),(121,2727,'2011-05-11',1),(122,3051,'2012-06-05',2),(123,3826,'1999-04-26',3),(124,2493,'2007-10-12',4),(125,1939,'1999-09-21',5),(126,2627,'2014-09-18',6),(127,1159,'2009-08-05',7),(128,3593,'2006-06-07',8),(129,352,'2011-07-18',9),(130,632,'2001-07-17',10),(131,3102,'2014-11-22',11),(132,621,'2006-06-25',12),(133,2887,'2014-03-01',13),(134,3282,'1999-02-19',14),(135,205,'2007-11-14',15),(136,3087,'2002-04-25',16),(137,733,'2005-09-24',17),(138,3818,'2007-10-28',18),(139,4963,'2003-02-02',19),(140,3277,'1999-11-03',20),(141,4533,'2002-12-23',1),(142,3675,'2010-10-26',2),(143,732,'2002-06-21',3),(144,1461,'2006-06-24',4),(145,2552,'2011-08-19',5),(146,4938,'2010-06-03',6),(147,1378,'2003-05-11',7),(148,4812,'2001-12-05',8),(149,284,'1999-07-21',9),(150,1563,'2001-07-04',10),(151,1799,'2005-09-21',11),(152,4794,'1999-02-23',12),(153,2537,'2012-02-14',13),(154,3104,'2012-07-22',14),(155,3682,'2001-09-18',15),(156,4191,'2013-02-16',16),(157,601,'2011-06-23',17),(158,3156,'2013-10-13',18),(159,1737,'2014-07-28',19),(160,933,'2008-12-25',20),(161,4530,'2007-09-06',1),(162,3933,'2010-03-19',2),(163,3253,'2011-02-27',3),(164,2698,'2004-06-26',4),(165,717,'2002-11-05',5),(166,4412,'2010-11-14',6),(167,4090,'2001-11-20',7),(168,3562,'2014-05-02',8),(169,230,'2003-02-13',9),(170,1192,'2010-02-10',10),(171,3763,'2015-05-23',11),(172,3493,'2016-08-24',12),(173,1713,'2009-02-19',13),(174,3447,'2002-05-26',14),(175,2141,'2005-05-20',15),(176,1952,'2011-07-20',16),(177,4275,'2003-08-25',17),(178,4250,'2012-10-04',18),(179,4191,'2010-09-19',19),(180,1226,'2002-10-24',20),(181,683,'2009-03-13',1),(182,1324,'2002-12-05',2),(183,275,'2015-07-05',3),(184,3986,'2004-04-22',4),(185,4383,'2011-01-16',5),(186,3172,'2009-05-27',6),(187,1757,'2015-11-02',7),(188,2210,'2016-04-23',8),(189,2682,'2000-04-16',9),(190,3445,'2013-08-28',10),(191,1517,'2006-11-03',11),(192,491,'2006-04-04',12),(193,4490,'2003-07-01',13),(194,4093,'2011-03-19',14),(195,3293,'2000-03-12',15),(196,2002,'2014-11-07',16),(197,1881,'2010-05-21',17),(198,2225,'2010-02-04',18),(199,4199,'2000-10-09',19),(200,1267,'2002-05-09',20),(201,4295,'1999-02-19',1),(202,273,'2006-01-21',2),(203,1081,'2004-05-11',3),(204,4890,'2014-04-20',4),(205,221,'2007-01-24',5),(206,352,'2003-12-14',6),(207,4478,'1999-12-11',7),(208,4209,'2003-10-15',8),(209,1051,'2004-03-14',9),(210,3671,'2007-04-21',10),(211,2525,'2000-02-05',11),(212,1014,'2001-12-14',12),(213,3725,'2014-08-14',13),(214,986,'2001-01-15',14),(215,1602,'2008-08-04',15),(216,301,'2014-03-15',16),(217,3706,'2007-10-18',17),(218,2289,'2005-07-24',18),(219,4490,'2001-02-25',19),(220,3707,'2002-11-06',20),(221,1685,'2016-06-28',1),(222,935,'2008-05-18',2),(223,610,'2005-11-02',3),(224,1625,'2009-10-19',4),(225,1341,'2009-10-13',5),(226,3792,'2004-04-13',6),(227,4526,'2007-08-16',7),(228,2315,'2014-11-14',8),(229,340,'2012-11-08',9),(230,3573,'2007-03-22',10),(231,211,'2001-07-02',11),(232,4118,'2007-11-15',12),(233,4600,'2003-12-05',13),(234,4286,'2012-10-15',14),(235,1291,'2000-03-16',15),(236,1138,'2005-01-05',16),(237,824,'2015-02-17',17),(238,1430,'2009-07-22',18),(239,3265,'2006-10-06',19),(240,1428,'2003-04-06',20),(241,1872,'2005-08-18',1),(242,2599,'2003-08-03',2),(243,4170,'2010-10-12',3),(244,526,'2011-03-10',4),(245,627,'2016-04-03',5),(246,4226,'2007-02-16',6),(247,4943,'2002-10-11',7),(248,795,'2001-03-19',8),(249,3168,'2012-06-11',9),(250,1006,'2011-10-03',10),(251,2182,'2006-03-28',11),(252,2833,'2013-05-09',12),(253,4032,'2007-11-27',13),(254,234,'2010-07-04',14),(255,3689,'2004-05-05',15),(256,2627,'2010-02-14',16),(257,2376,'2015-08-03',17),(258,2908,'2008-03-11',18),(259,1912,'2009-09-24',19),(260,4236,'2007-04-19',20),(261,3257,'2016-08-05',1),(262,1741,'2013-05-01',2),(263,1011,'2014-12-23',3),(264,887,'2002-04-19',4),(265,4510,'2006-05-16',5),(266,1659,'2013-11-03',6),(267,4115,'2016-09-10',7),(268,2321,'2008-06-01',8),(269,1415,'2001-07-05',9),(270,2704,'2013-10-10',10),(271,3417,'2002-11-20',11),(272,3452,'2005-08-06',12),(273,705,'2009-10-23',13),(274,4149,'2001-10-21',14),(275,3065,'2001-10-02',15),(276,3246,'2013-05-01',16),(277,3653,'2012-03-24',17),(278,4795,'2008-07-20',18),(279,4634,'2001-11-14',19),(280,4152,'2015-06-20',20),(281,1642,'2012-03-15',1),(282,1037,'2012-05-16',2),(283,1512,'2001-04-16',3),(284,1397,'2013-11-18',4),(285,559,'2007-03-15',5),(286,4210,'2011-08-08',6),(287,286,'2012-09-05',7),(288,1004,'2004-08-18',8),(289,4433,'2006-09-01',9),(290,4943,'2003-09-24',10),(291,3734,'2011-09-12',11),(292,788,'2008-04-21',12),(293,2080,'2005-12-27',13),(294,4932,'1999-04-25',14),(295,2029,'2006-03-18',15),(296,1138,'2013-01-01',16),(297,2689,'2009-06-06',17),(298,480,'2002-02-14',18),(299,922,'2010-04-16',19),(300,403,'2006-01-19',20),(301,2228,'2013-12-19',1),(302,3342,'2001-07-02',2),(303,2486,'1999-02-03',3),(304,3362,'2012-12-16',4),(305,3414,'2015-12-25',5),(306,3094,'2008-03-07',6),(307,3017,'2012-04-14',7),(308,3057,'2008-01-24',8),(309,3637,'2013-03-08',9),(310,934,'2007-06-28',10),(311,2704,'2010-12-02',11),(312,3786,'2009-01-17',12),(313,577,'2011-04-08',13),(314,3385,'2015-07-14',14),(315,1971,'2002-11-23',15),(316,274,'2009-04-04',16),(317,3801,'2000-10-07',17),(318,4896,'2012-12-10',18),(319,1340,'1999-02-20',19),(320,3282,'2015-06-11',20),(321,532,'2014-03-03',1),(322,2701,'2005-12-23',2),(323,1699,'2007-10-20',3),(324,1462,'2005-10-20',4),(325,237,'2001-03-02',5),(326,1678,'2008-06-27',6),(327,4534,'2010-05-15',7),(328,4538,'2011-12-21',8),(329,1940,'2013-04-26',9),(330,496,'2002-01-18',10),(331,4936,'2003-03-18',11),(332,772,'2005-07-11',12),(333,2620,'2004-08-03',13),(334,3436,'2008-01-08',14),(335,4503,'2005-02-11',15),(336,4349,'2015-01-17',16),(337,2163,'2013-09-20',17),(338,2586,'2015-12-01',18),(339,4483,'2003-02-07',19),(340,4024,'2013-01-17',20),(341,4075,'2009-04-18',1),(342,4958,'2012-12-22',2),(343,2172,'2014-10-07',3),(344,737,'2016-10-20',4),(345,1977,'2007-02-24',5),(346,1352,'2008-12-13',6),(347,235,'2001-10-04',7),(348,354,'2016-10-17',8),(349,3183,'2011-03-22',9),(350,273,'2005-06-23',10),(351,4577,'2003-07-18',11),(352,4341,'2004-06-26',12),(353,3280,'1999-03-24',13),(354,2008,'2005-12-27',14),(355,3298,'2001-10-13',15),(356,4399,'2009-12-01',16),(357,3602,'2002-08-27',17),(358,3747,'2005-12-12',18),(359,1413,'2001-02-05',19),(360,2675,'1999-03-28',20),(361,4606,'2002-09-27',1),(362,1105,'2012-10-06',2),(363,2803,'2007-03-10',3),(364,4043,'2000-05-16',4),(365,3958,'2011-05-10',5),(366,4183,'2007-12-05',6),(367,2696,'2004-09-11',7),(368,1120,'2001-05-25',8),(369,1633,'1999-02-14',9),(370,451,'2009-10-01',10),(371,391,'2014-11-19',11),(372,2606,'2010-07-16',12),(373,4793,'2005-07-13',13),(374,4394,'2012-11-09',14),(375,2558,'2003-09-03',15),(376,3357,'2007-01-02',16),(377,2180,'2006-06-26',17),(378,3756,'1999-12-05',18),(379,994,'2003-04-16',19),(380,3626,'2003-05-18',20),(381,4603,'2002-12-28',1),(382,4500,'2013-12-03',2),(383,1997,'2009-03-16',3),(384,3723,'2010-01-18',4),(385,338,'2014-06-10',5),(386,4591,'1999-07-02',6),(387,993,'2001-02-15',7),(388,4824,'2000-10-12',8),(389,2773,'2001-03-05',9),(390,4844,'2009-07-22',10),(391,3437,'1999-01-23',11),(392,814,'2005-05-19',12),(393,1856,'2013-03-22',13),(394,4514,'2015-04-26',14),(395,4765,'2005-10-28',15),(396,752,'2002-11-09',16),(397,4273,'2000-08-19',17),(398,2798,'2006-09-02',18),(399,3406,'2008-03-01',19),(400,2843,'2016-10-16',20),(401,4949,'2009-12-17',1),(402,4418,'2010-12-11',2),(403,4262,'2007-03-07',3),(404,3672,'2013-12-06',4),(405,247,'2008-03-24',5),(406,1288,'2001-04-17',6),(407,875,'2010-11-10',7),(408,3556,'2013-09-01',8),(409,3443,'2003-02-02',9),(410,1336,'2000-04-03',10),(411,1511,'2006-05-04',11),(412,1277,'2001-11-15',12),(413,4332,'2015-06-19',13),(414,2786,'2008-10-05',14),(415,1083,'2006-02-19',15),(416,3048,'2002-08-26',16),(417,2396,'2007-10-23',17),(418,1407,'2002-12-15',18),(419,4491,'2009-10-10',19),(420,670,'2010-07-04',20),(421,1120,'2002-10-09',1),(422,2883,'2010-11-07',2),(423,2110,'2016-12-17',3),(424,4924,'2013-02-17',4),(425,689,'2012-02-26',5),(426,1302,'2004-07-11',6),(427,4022,'2016-07-07',7),(428,663,'2014-01-28',8),(429,2200,'2007-10-08',9),(430,4392,'2011-11-03',10),(431,4012,'2001-11-01',11),(432,3631,'2000-08-28',12),(433,3072,'2010-02-14',13),(434,1795,'2012-03-05',14),(435,4692,'2012-01-23',15),(436,4158,'2009-12-04',16),(437,3732,'2006-12-19',17),(438,4181,'2016-11-07',18),(439,533,'2010-09-01',19),(440,3010,'2014-11-10',20),(441,2743,'2001-06-05',1),(442,3046,'2003-08-07',2),(443,3041,'2008-04-04',3),(444,3530,'2001-01-14',4),(445,1552,'2010-06-16',5),(446,4861,'2014-05-27',6),(447,2206,'2015-07-05',7),(448,450,'2002-09-13',8),(449,227,'2010-02-08',9),(450,2482,'2011-10-19',10),(451,3654,'2009-03-13',11),(452,2825,'2002-12-28',12),(453,4311,'2000-08-05',13),(454,4505,'2007-01-06',14),(455,3536,'2006-01-09',15),(456,2083,'2003-02-20',16),(457,1487,'2016-04-19',17),(458,972,'2012-12-23',18),(459,810,'2014-05-11',19),(460,4429,'2009-11-18',20),(461,500,'2010-02-22',1),(462,1511,'2003-02-26',2),(463,730,'1999-04-19',3),(464,2901,'2000-05-17',4),(465,3821,'2013-04-13',5),(466,1223,'2015-08-04',6),(467,842,'2015-02-03',7),(468,4800,'2008-03-01',8),(469,2282,'2010-05-04',9),(470,3848,'2016-12-19',10),(471,3000,'2015-11-25',11),(472,2059,'2004-01-12',12),(473,1076,'2006-04-07',13),(474,1988,'2012-11-13',14),(475,3345,'2012-05-16',15),(476,2600,'2013-07-17',16),(477,2473,'2006-07-17',17),(478,2977,'2006-06-13',18),(479,1107,'2008-05-03',19),(480,1662,'2009-09-06',20),(481,1533,'2005-07-12',1),(482,1552,'2007-12-17',2),(483,819,'2005-07-11',3),(484,1639,'2000-02-18',4),(485,3273,'2005-11-28',5),(486,4837,'2009-11-08',6),(487,685,'2011-01-06',7),(488,2247,'2008-01-24',8),(489,3119,'2005-06-16',9),(490,3325,'2011-11-09',10),(491,2662,'2007-01-05',11),(492,4892,'2005-07-17',12),(493,1064,'2007-06-01',13),(494,3813,'2000-02-18',14),(495,1913,'2011-02-04',15),(496,4713,'2015-02-25',16),(497,1742,'2012-06-19',17),(498,2786,'2007-11-04',18),(499,4065,'2013-02-14',19),(500,1905,'2002-06-09',20),(501,705,'2012-08-15',1),(502,1067,'2007-05-20',2),(503,1721,'2001-07-14',3),(504,3971,'2003-08-12',4),(505,4869,'2009-11-22',5),(506,1736,'2008-07-21',6),(507,478,'2000-06-27',7),(508,1753,'2003-10-20',8),(509,3088,'2015-04-11',9),(510,4045,'2016-07-18',10),(511,2743,'1999-01-08',11),(512,565,'2004-02-13',12),(513,3999,'2006-05-17',13),(514,1410,'2000-02-18',14),(515,1658,'2009-01-23',15),(516,426,'2002-07-18',16),(517,3094,'2010-12-14',17),(518,3093,'2016-11-24',18),(519,3446,'2007-10-18',19),(520,2550,'2005-08-17',20),(521,1687,'2000-08-11',1),(522,1702,'2016-01-14',2),(523,3852,'2012-01-13',3),(524,4283,'1999-02-25',4),(525,4429,'2006-09-28',5),(526,1250,'2012-08-19',6),(527,3528,'2007-03-15',7),(528,3424,'2002-05-22',8),(529,3312,'2002-08-18',9),(530,2520,'2014-04-03',10),(531,4956,'2003-08-08',11),(532,1701,'1999-04-28',12),(533,1867,'1999-09-08',13),(534,1599,'2005-05-23',14),(535,4866,'2016-05-06',15),(536,662,'2002-11-12',16),(537,3693,'2016-03-01',17),(538,1970,'2010-01-22',18),(539,3710,'2008-05-08',19),(540,1989,'2005-02-11',20),(541,1359,'2001-12-06',1),(542,332,'2001-03-18',2),(543,1400,'2006-08-09',3),(544,3154,'2001-12-19',4),(545,2744,'2011-09-12',5),(546,3673,'2016-07-16',6),(547,1182,'2012-01-22',7),(548,942,'2005-07-24',8),(549,4012,'2003-07-02',9),(550,2341,'2004-10-02',10),(551,1131,'2005-07-22',11),(552,1306,'2012-11-10',12),(553,2913,'2004-03-25',13),(554,3276,'2012-01-18',14),(555,3184,'2005-11-13',15),(556,2463,'2015-07-10',16),(557,2267,'2016-01-27',17),(558,3170,'2010-02-23',18),(559,1863,'2016-11-08',19),(560,4455,'2001-08-02',20),(561,3818,'2003-11-26',1),(562,4497,'2001-02-26',2),(563,4294,'2004-11-12',3),(564,1783,'2015-01-10',4),(565,3235,'2014-11-21',5),(566,4201,'2011-03-04',6),(567,1250,'2015-08-05',7),(568,1599,'2000-06-25',8),(569,4864,'2008-04-05',9),(570,3849,'2012-08-23',10),(571,202,'2009-06-06',11),(572,423,'2008-05-20',12),(573,2536,'1999-12-23',13),(574,4660,'2010-12-21',14),(575,562,'2011-03-25',15),(576,3278,'2005-05-20',16),(577,4247,'2012-12-17',17),(578,2956,'2014-11-27',18),(579,2018,'2004-08-20',19),(580,2304,'2006-04-17',20),(581,2154,'2006-09-12',1),(582,3183,'2009-10-05',2),(583,1888,'2010-02-24',3),(584,1418,'2016-07-17',4),(585,2046,'2007-05-02',5),(586,1223,'2016-07-17',6),(587,1578,'2015-04-19',7),(588,3439,'2001-10-25',8),(589,3095,'1999-08-13',9),(590,1170,'2007-05-01',10),(591,2691,'2014-01-14',11),(592,3814,'2008-08-12',12),(593,2331,'2000-08-23',13),(594,4739,'2015-06-08',14),(595,986,'2011-03-20',15),(596,4925,'2008-08-19',16),(597,1199,'2003-02-11',17),(598,479,'2012-02-17',18),(599,497,'2011-04-01',19),(600,4186,'2002-06-03',20),(601,2944,'2007-02-19',1),(602,2719,'2000-02-21',2),(603,440,'2000-04-04',3),(604,4755,'2014-09-22',4),(605,4881,'2002-07-01',5),(606,1235,'2009-06-18',6),(607,4192,'2005-02-16',7),(608,1614,'2008-08-18',8),(609,3918,'2015-09-09',9),(610,3694,'2011-09-03',10),(611,4077,'2000-07-18',11),(612,4819,'2006-06-08',12),(613,2575,'2004-07-25',13),(614,898,'2001-12-14',14),(615,4277,'2008-08-18',15),(616,3729,'2013-04-16',16),(617,1696,'2005-03-09',17),(618,693,'2015-06-11',18),(619,426,'2007-02-16',19),(620,3347,'2016-06-21',20),(621,821,'2004-03-21',1),(622,4852,'1999-10-17',2),(623,524,'2009-05-08',3),(624,2783,'2006-01-24',4),(625,4373,'2012-06-18',5),(626,4444,'2011-11-03',6),(627,664,'2001-08-27',7),(628,4387,'1999-01-08',8),(629,984,'2007-06-11',9),(630,4619,'2014-11-20',10),(631,567,'2009-10-01',11),(632,3218,'2007-02-12',12),(633,1145,'2012-10-10',13),(634,701,'2013-11-06',14),(635,470,'2007-06-02',15),(636,4508,'2014-08-21',16),(637,702,'2016-02-26',17),(638,802,'2002-12-16',18),(639,2914,'2008-01-14',19),(640,1127,'2004-03-18',20),(641,4353,'1999-09-16',1),(642,3251,'2006-12-16',2),(643,2386,'2012-10-06',3),(644,1643,'2003-08-17',4),(645,3842,'2015-12-19',5),(646,3000,'2004-01-10',6),(647,4330,'2003-07-07',7),(648,875,'2011-05-25',8),(649,1405,'2009-09-01',9),(650,593,'2012-09-03',10),(651,3385,'2002-04-21',11),(652,2741,'1999-02-05',12),(653,894,'2014-04-25',13),(654,4716,'2005-11-04',14),(655,660,'2002-05-25',15),(656,844,'2006-07-15',16),(657,768,'2003-11-23',17),(658,507,'2014-01-28',18),(659,251,'2016-08-08',19),(660,3052,'2001-11-21',20),(661,2997,'2001-10-17',1),(662,3176,'2014-11-07',2),(663,3466,'2008-11-06',3),(664,2743,'2013-07-15',4),(665,4932,'2003-10-14',5),(666,2368,'2016-05-21',6),(667,3015,'2016-11-14',7),(668,4135,'2004-01-17',8),(669,2543,'2000-12-01',9),(670,4418,'2007-09-28',10),(671,2037,'2009-02-26',11),(672,3448,'2014-07-10',12),(673,4123,'2014-08-12',13),(674,817,'1999-05-08',14),(675,2873,'2001-08-06',15),(676,3002,'2001-01-16',16),(677,3072,'2013-02-10',17),(678,2112,'2004-11-09',18),(679,1763,'2008-03-02',19),(680,3123,'2012-02-11',20),(681,420,'2004-12-20',1),(682,2500,'2003-11-19',2),(683,1440,'2006-04-05',3),(684,4618,'2011-05-16',4),(685,1476,'2007-03-28',5),(686,3818,'2014-07-05',6),(687,4084,'2014-07-26',7),(688,4275,'2015-10-07',8),(689,1916,'2004-11-18',9),(690,3505,'2000-07-10',10),(691,3214,'1999-12-24',11),(692,1785,'2010-09-25',12),(693,3486,'1999-06-10',13),(694,3246,'2005-05-09',14),(695,2896,'2010-01-10',15),(696,4316,'2014-02-04',16),(697,2748,'2005-07-09',17),(698,1954,'2001-06-01',18),(699,2722,'2005-05-11',19),(700,3523,'1999-12-01',20),(701,542,'1999-03-02',1),(702,2372,'2009-07-12',2),(703,3406,'2014-05-23',3),(704,4119,'2015-02-27',4),(705,4734,'2004-01-15',5),(706,802,'2005-12-20',6),(707,3241,'2016-11-10',7),(708,216,'2015-11-25',8),(709,4174,'1999-08-22',9),(710,3952,'2004-07-13',10),(711,1437,'2009-03-22',11),(712,1155,'2004-11-26',12),(713,4934,'2016-10-12',13),(714,898,'2015-06-20',14),(715,2360,'2004-07-20',15),(716,598,'1999-01-22',16),(717,1455,'2004-04-28',17),(718,330,'2006-12-18',18),(719,1473,'2016-09-07',19),(720,1305,'2012-04-19',20),(721,1468,'2008-05-23',1),(722,2965,'2007-09-03',2),(723,2553,'2010-11-13',3),(724,530,'2016-08-13',4),(725,333,'2006-04-05',5),(726,448,'1999-05-14',6),(727,4056,'2007-08-01',7),(728,2447,'2006-10-20',8),(729,2009,'2000-03-16',9),(730,2556,'2016-08-10',10),(731,3226,'2014-08-03',11),(732,4639,'2004-07-09',12),(733,4724,'2004-04-01',13),(734,1845,'2006-03-26',14),(735,1507,'2011-10-03',15),(736,4097,'2013-03-25',16),(737,4578,'2003-09-25',17),(738,4842,'2008-09-06',18),(739,2215,'2013-04-03',19),(740,2955,'2010-10-21',20),(741,1013,'2000-07-20',1),(742,3760,'2005-01-19',2),(743,2900,'2005-03-19',3),(744,4621,'2012-03-23',4),(745,3034,'2001-03-16',5),(746,2543,'2000-06-26',6),(747,2547,'1999-03-27',7),(748,2643,'2002-01-14',8),(749,1372,'2008-07-12',9),(750,1875,'2015-06-07',10),(751,4885,'2007-06-15',11),(752,4517,'2000-12-14',12),(753,1271,'2010-09-06',13),(754,1271,'2005-03-14',14),(755,4730,'2003-11-28',15),(756,1449,'2002-11-06',16),(757,1796,'2000-04-02',17),(758,2915,'2002-03-03',18),(759,956,'2009-01-14',19),(760,789,'2005-02-28',20),(761,3414,'2014-10-09',1),(762,905,'2006-01-24',2),(763,2966,'1999-10-13',3),(764,791,'1999-12-15',4),(765,3849,'2009-05-17',5),(766,1352,'2011-04-04',6),(767,1184,'2016-07-01',7),(768,337,'1999-02-28',8),(769,4814,'2000-06-24',9),(770,3826,'2010-12-05',10),(771,2415,'2016-12-03',11),(772,225,'2010-04-05',12),(773,1831,'2000-03-03',13),(774,1530,'2014-07-22',14),(775,3111,'2010-01-07',15),(776,1919,'2005-12-09',16),(777,1143,'2015-07-16',17),(778,1296,'2001-10-12',18),(779,528,'2010-03-26',19),(780,3301,'2008-03-04',20),(781,3342,'2015-11-16',1),(782,2165,'2014-08-13',2),(783,2680,'2010-10-19',3),(784,623,'2009-01-07',4),(785,4356,'2005-09-13',5),(786,4159,'2007-02-03',6),(787,3198,'2005-02-28',7),(788,1623,'2009-10-27',8),(789,2730,'2000-10-07',9),(790,4559,'2003-01-08',10),(791,885,'2001-09-14',11),(792,3197,'2009-08-07',12),(793,3769,'2006-05-27',13),(794,3279,'2000-02-14',14),(795,869,'2000-04-10',15),(796,3700,'2005-06-12',16),(797,3182,'2009-02-22',17),(798,2151,'2003-07-22',18),(799,2214,'2007-05-02',19),(800,2106,'2002-09-12',20),(801,389,'2003-06-13',1),(802,4997,'2000-10-28',2),(803,1922,'2014-11-03',3),(804,4699,'2005-10-23',4),(805,3873,'2004-08-09',5),(806,717,'2002-12-15',6),(807,4732,'2001-12-15',7),(808,209,'2011-12-17',8),(809,2070,'2012-06-05',9),(810,755,'2011-10-08',10),(811,3187,'2006-02-09',11),(812,3292,'2011-03-22',12),(813,3351,'2008-05-17',13),(814,3487,'2009-10-19',14),(815,1175,'2012-11-27',15),(816,2737,'2011-09-16',16),(817,546,'2013-11-19',17),(818,4967,'2010-04-14',18),(819,3040,'2001-03-24',19),(820,1061,'2013-05-19',20),(821,3950,'2004-06-25',1),(822,4017,'2007-08-13',2),(823,3991,'2011-11-18',3),(824,4507,'2012-03-28',4),(825,1147,'2004-11-19',5),(826,4315,'2012-02-27',6),(827,3319,'2014-12-27',7),(828,1525,'2010-05-23',8),(829,1132,'2003-09-28',9),(830,3130,'1999-12-02',10),(831,704,'2002-06-07',11),(832,4529,'2014-11-28',12),(833,4685,'2013-07-19',13),(834,639,'2004-01-12',14),(835,2566,'2007-03-19',15),(836,314,'2001-04-09',16),(837,1088,'2006-04-13',17),(838,1987,'1999-03-22',18),(839,3196,'2001-02-07',19),(840,2755,'2005-09-26',20),(841,3902,'2006-07-16',1),(842,2446,'2000-09-01',2),(843,2419,'2009-10-02',3),(844,2909,'2014-07-06',4),(845,2680,'2012-05-16',5),(846,4165,'2008-08-09',6),(847,3499,'2013-12-23',7),(848,3087,'2011-03-03',8),(849,4450,'2011-11-06',9),(850,4892,'2006-10-01',10),(851,273,'2007-04-17',11),(852,2748,'2004-12-08',12),(853,4269,'2012-06-12',13),(854,4482,'1999-06-15',14),(855,2705,'2002-02-13',15),(856,1094,'2005-12-18',16),(857,1502,'2016-04-19',17),(858,2062,'2009-01-16',18),(859,4034,'2009-01-19',19),(860,4520,'2010-02-01',20),(861,3376,'2010-08-12',1),(862,1113,'1999-02-17',2),(863,3119,'2012-11-26',3),(864,2197,'2010-07-08',4),(865,4660,'2013-11-15',5),(866,1743,'2006-10-24',6),(867,3466,'2016-07-02',7),(868,1317,'2012-02-19',8),(869,2029,'1999-12-15',9),(870,3472,'1999-01-19',10),(871,3721,'2005-09-26',11),(872,4703,'2009-10-20',12),(873,860,'1999-02-22',13),(874,3825,'2010-05-10',14),(875,3375,'2000-04-27',15),(876,856,'2005-01-09',16),(877,1644,'2007-12-14',17),(878,1360,'1999-10-28',18),(879,2502,'2016-03-25',19),(880,2638,'2014-11-18',20),(881,3976,'2004-06-17',1),(882,1850,'2007-03-13',2),(883,4652,'2001-12-22',3),(884,4213,'2012-06-22',4),(885,4911,'2010-12-24',5),(886,1157,'2000-06-07',6),(887,2434,'2010-12-12',7),(888,4782,'2004-12-09',8),(889,2674,'2003-06-17',9),(890,1217,'2005-07-16',10),(891,4908,'2001-10-28',11),(892,4847,'2001-06-03',12),(893,2327,'2013-05-14',13),(894,250,'2003-03-14',14),(895,4331,'2004-05-16',15),(896,4165,'2016-06-01',16),(897,433,'2008-05-28',17),(898,3939,'2001-11-17',18),(899,3261,'2008-11-07',19),(900,2076,'2002-03-06',20),(901,4927,'2004-08-19',1),(902,641,'2003-11-28',2),(903,1753,'2007-06-02',3),(904,3168,'2003-05-16',4),(905,1334,'2012-04-27',5),(906,3107,'2009-10-14',6),(907,2303,'2011-02-14',7),(908,2617,'2016-03-23',8),(909,3625,'2012-06-06',9),(910,2640,'2014-06-12',10),(911,3789,'2001-06-18',11),(912,1429,'2016-10-02',12),(913,699,'2009-04-11',13),(914,1757,'2015-08-04',14),(915,3925,'2004-05-28',15),(916,3506,'2015-09-10',16),(917,4017,'2003-01-25',17),(918,2628,'2000-04-07',18),(919,1115,'2014-12-20',19),(920,4077,'2016-10-11',20),(921,4872,'2016-10-15',1),(922,4930,'1999-04-05',2),(923,3611,'2011-02-21',3),(924,3761,'2007-04-09',4),(925,2476,'2000-06-10',5),(926,2392,'2006-12-12',6),(927,327,'2011-06-26',7),(928,954,'2003-09-16',8),(929,1480,'2007-03-16',9),(930,1785,'2000-11-11',10),(931,604,'2013-12-01',11),(932,2671,'2003-06-19',12),(933,3449,'2005-11-19',13),(934,2803,'2002-09-15',14),(935,4891,'2014-07-14',15),(936,1344,'2000-09-09',16),(937,4686,'2013-03-14',17),(938,3727,'2003-07-25',18),(939,2199,'2009-02-13',19),(940,1570,'2013-07-01',20),(941,3107,'2005-01-08',1),(942,3773,'2011-03-03',2),(943,793,'2010-07-10',3),(944,3353,'2002-08-14',4),(945,378,'2008-12-08',5),(946,354,'2015-03-22',6),(947,407,'2016-06-12',7),(948,895,'2004-04-23',8),(949,1914,'2010-01-06',9),(950,4873,'1999-02-25',10),(951,2648,'2003-08-23',11),(952,3167,'2010-11-21',12),(953,4162,'2011-04-12',13),(954,702,'2015-08-28',14),(955,1444,'2002-02-07',15),(956,2217,'2001-10-25',16),(957,2230,'2002-10-22',17),(958,3761,'2007-04-05',18),(959,3443,'2016-05-24',19),(960,4183,'2014-09-24',20),(961,1468,'2000-03-06',1),(962,2471,'1999-11-06',2),(963,2661,'2015-08-13',3),(964,2333,'2012-03-28',4),(965,3602,'2007-07-15',5),(966,998,'2009-11-16',6),(967,1441,'2011-07-26',7),(968,3087,'2001-04-08',8),(969,2665,'2015-06-17',9),(970,4737,'2001-08-12',10),(971,1313,'2008-07-23',11),(972,3219,'2003-03-21',12),(973,4471,'1999-02-27',13),(974,2926,'2001-07-24',14),(975,3381,'2006-12-25',15),(976,4415,'2013-07-05',16),(977,841,'2006-01-08',17),(978,1491,'2012-03-23',18),(979,2495,'2012-11-08',19),(980,992,'2015-10-05',20),(981,2227,'2014-07-13',1),(982,2864,'2013-10-06',2),(983,1689,'2005-05-08',3),(984,1834,'2011-06-23',4),(985,4090,'2000-06-22',5),(986,3454,'2010-02-01',6),(987,275,'2016-10-18',7),(988,4977,'2011-02-10',8),(989,2281,'2001-09-05',9),(990,2878,'2012-10-22',10),(991,2091,'2002-02-08',11),(992,438,'2006-03-04',12),(993,218,'1999-11-06',13),(994,3117,'2009-08-19',14),(995,1082,'2008-09-13',15),(996,976,'2005-03-19',16),(997,2629,'2014-11-21',17),(998,896,'2004-07-23',18),(999,1022,'2016-05-13',19),(1000,1980,'2005-12-05',20),(1001,1138,'2004-08-03',1),(1002,1482,'2014-05-01',2),(1003,2743,'2007-06-04',3),(1004,3863,'2010-04-10',4),(1005,1896,'2009-09-25',5),(1006,3340,'2000-08-19',6),(1007,830,'2013-08-14',7),(1008,2986,'2011-09-19',8),(1009,4806,'1999-06-22',9),(1010,1260,'2008-10-18',10),(1011,955,'2003-02-20',11),(1012,3989,'2002-05-23',12),(1013,1502,'2012-10-02',13),(1014,225,'2009-07-23',14),(1015,4285,'2013-05-23',15),(1016,2341,'2008-06-11',16),(1017,4482,'2001-07-24',17),(1018,1248,'2007-06-07',18),(1019,547,'2001-07-07',19),(1020,222,'2003-06-07',20),(1021,4317,'2004-03-22',1),(1022,3642,'1999-12-16',2),(1023,1451,'2012-07-25',3),(1024,605,'2013-07-26',4),(1025,1781,'2011-01-03',5),(1026,1144,'2008-06-07',6),(1027,4987,'2000-10-16',7),(1028,2526,'1999-01-16',8),(1029,4652,'2002-03-08',9),(1030,2486,'2016-08-28',10),(1031,3069,'2001-02-22',11),(1032,2350,'2002-03-10',12),(1033,2959,'2002-07-21',13),(1034,941,'1999-11-17',14),(1035,4529,'2006-12-10',15),(1036,2225,'2009-08-15',16),(1037,3292,'2005-07-03',17),(1038,310,'2004-06-16',18),(1039,2868,'2008-04-18',19),(1040,564,'2010-09-23',20),(1041,3309,'2007-12-15',1),(1042,2043,'1999-04-16',2),(1043,1455,'2005-11-07',3),(1044,2853,'2010-03-03',4),(1045,3223,'2006-03-23',5),(1046,4710,'2003-05-16',6),(1047,1478,'2011-03-12',7),(1048,3107,'2013-04-23',8),(1049,2575,'2005-07-11',9),(1050,1839,'2014-07-27',10),(1051,1415,'2004-10-03',11),(1052,1116,'2014-07-26',12),(1053,2944,'2007-02-01',13),(1054,4034,'2015-10-17',14),(1055,4860,'2008-05-24',15),(1056,4310,'2005-08-06',16),(1057,1652,'2012-07-01',17),(1058,582,'2004-06-14',18),(1059,1536,'2004-05-27',19),(1060,1695,'2016-02-19',20),(1061,234,'2013-01-08',1),(1062,3811,'2001-02-05',2),(1063,1895,'2005-10-19',3),(1064,3388,'2013-09-08',4),(1065,539,'2013-07-14',5),(1066,2438,'2003-03-12',6),(1067,4757,'2008-02-19',7),(1068,628,'2014-08-22',8),(1069,3424,'2004-09-09',9),(1070,1291,'2011-09-28',10),(1071,4394,'2008-10-15',11),(1072,1565,'2009-04-20',12),(1073,3419,'2005-10-17',13),(1074,3648,'2002-09-06',14),(1075,4861,'2006-09-05',15),(1076,2319,'2000-02-27',16),(1077,2913,'2007-12-23',17),(1078,3022,'2010-06-25',18),(1079,772,'2002-06-23',19),(1080,1335,'2006-12-26',20),(1081,1374,'2003-05-18',1),(1082,3044,'2012-12-16',2),(1083,3471,'2013-10-26',3),(1084,2371,'2006-02-19',4),(1085,2315,'2005-03-25',5),(1086,4942,'2007-12-21',6),(1087,3881,'2016-08-08',7),(1088,4652,'2005-05-27',8),(1089,449,'2013-09-12',9),(1090,4055,'2012-01-07',10),(1091,929,'2016-03-05',11),(1092,1210,'2001-04-18',12),(1093,2271,'2006-08-26',13),(1094,2987,'2006-05-24',14),(1095,1120,'2007-04-26',15),(1096,4817,'2005-03-20',16),(1097,4570,'2008-02-15',17),(1098,3176,'2009-01-16',18),(1099,4887,'2012-04-09',19),(1100,840,'2010-06-18',20),(1101,1815,'2000-04-28',1),(1102,415,'2004-03-20',2),(1103,3923,'2005-03-21',3),(1104,483,'2012-02-25',4),(1105,4173,'2011-09-06',5),(1106,2828,'2007-01-23',6),(1107,1858,'2006-11-13',7),(1108,3797,'2016-08-26',8),(1109,1238,'2014-12-13',9),(1110,2924,'2006-11-19',10),(1111,1810,'2011-01-09',11),(1112,4236,'1999-07-08',12),(1113,2070,'2010-12-01',13),(1114,1142,'2006-06-25',14),(1115,4028,'2005-08-08',15),(1116,1292,'2000-03-13',16),(1117,4971,'2011-02-27',17),(1118,3138,'2005-08-22',18),(1119,4752,'2006-02-13',19),(1120,1751,'1999-12-03',20),(1121,1358,'2009-06-28',1),(1122,4559,'2005-02-26',2),(1123,2427,'2001-07-24',3),(1124,3891,'2013-09-02',4),(1125,4118,'2006-11-10',5),(1126,3682,'2015-08-24',6),(1127,3544,'2011-09-13',7),(1128,1027,'2016-06-21',8),(1129,2822,'2015-02-18',9),(1130,238,'2016-05-05',10),(1131,3009,'2005-11-20',11),(1132,485,'2015-03-16',12),(1133,1591,'2012-01-26',13),(1134,2785,'2013-12-19',14),(1135,4797,'2009-06-05',15),(1136,4960,'2001-04-23',16),(1137,2903,'2007-11-11',17),(1138,4187,'1999-04-07',18),(1139,2410,'1999-05-11',19),(1140,3709,'2012-09-19',20),(1141,2531,'2014-09-06',1),(1142,1947,'2011-10-22',2),(1143,4608,'2004-09-03',3),(1144,3510,'2014-07-12',4),(1145,1450,'2013-10-06',5),(1146,2579,'2015-01-01',6),(1147,1585,'2001-05-08',7),(1148,4558,'2010-08-15',8),(1149,2738,'2009-08-02',9),(1150,696,'2007-02-25',10),(1151,251,'2016-11-13',11),(1152,803,'2011-08-11',12),(1153,4503,'2002-04-11',13),(1154,2478,'2012-08-17',14),(1155,2807,'2014-05-14',15),(1156,1766,'2014-02-11',16),(1157,4776,'2011-09-10',17),(1158,782,'2002-01-06',18),(1159,753,'2007-10-01',19),(1160,3273,'2007-12-14',20),(1161,4613,'2006-05-04',1),(1162,880,'2015-06-09',2),(1163,3329,'2003-02-18',3),(1164,354,'2005-07-11',4),(1165,338,'2016-07-19',5),(1166,236,'2011-11-19',6),(1167,778,'2000-02-21',7),(1168,1055,'2008-05-05',8),(1169,1693,'2014-10-03',9),(1170,2789,'2005-09-14',10),(1171,2467,'2016-01-10',11),(1172,3370,'2016-03-01',12),(1173,4791,'2004-04-15',13),(1174,4163,'2009-10-14',14),(1175,3487,'2005-03-04',15),(1176,929,'2003-09-14',16),(1177,351,'2002-05-18',17),(1178,1689,'2001-04-06',18),(1179,469,'2011-11-01',19),(1180,1074,'2006-10-26',20),(1181,3502,'2008-03-03',1),(1182,1379,'2014-11-07',2),(1183,4514,'2012-03-26',3),(1184,2294,'2001-07-05',4),(1185,1338,'2005-01-25',5),(1186,4791,'2009-10-02',6),(1187,4422,'2007-07-11',7),(1188,1361,'2002-01-21',8),(1189,1790,'2008-02-27',9),(1190,2036,'2009-09-20',10),(1191,603,'2003-09-09',11),(1192,4148,'2015-05-19',12),(1193,1713,'1999-10-26',13),(1194,4083,'2007-04-14',14),(1195,4929,'2010-08-17',15),(1196,1272,'2006-01-14',16),(1197,2873,'2006-05-07',17),(1198,2422,'2004-11-12',18),(1199,4886,'2007-03-16',19),(1200,2998,'2013-09-18',20),(1201,804,'2003-10-25',1),(1202,695,'2005-06-06',2),(1203,4950,'2004-07-18',3),(1204,1419,'1999-06-24',4),(1205,4530,'2000-01-08',5),(1206,1669,'2011-09-17',6),(1207,2754,'2012-08-10',7),(1208,4052,'2012-01-22',8),(1209,2825,'2011-08-20',9),(1210,2089,'2002-03-16',10),(1211,4325,'2006-04-04',11),(1212,3910,'2002-12-25',12),(1213,1811,'2012-06-04',13),(1214,902,'2003-06-20',14),(1215,1407,'2010-07-14',15),(1216,3582,'2012-10-24',16),(1217,4894,'2014-08-16',17),(1218,4388,'2011-03-01',18),(1219,3304,'2013-05-13',19),(1220,1077,'2012-04-04',20),(1221,1801,'1999-06-21',1),(1222,544,'2007-03-04',2),(1223,1698,'2012-03-15',3),(1224,4436,'2013-07-22',4),(1225,2109,'2001-02-04',5),(1226,4502,'2012-01-24',6),(1227,321,'1999-12-14',7),(1228,3436,'2007-06-20',8),(1229,2681,'1999-03-10',9),(1230,3496,'2001-03-21',10),(1231,4035,'2014-10-03',11),(1232,4770,'2015-11-24',12),(1233,551,'2005-03-28',13),(1234,1602,'2008-01-06',14),(1235,3344,'2008-06-07',15),(1236,4658,'2009-11-21',16),(1237,2265,'2007-06-11',17),(1238,1588,'2011-05-20',18),(1239,4814,'2011-07-26',19),(1240,1902,'2005-08-06',20),(1241,3173,'2010-03-17',1),(1242,3690,'1999-01-28',2),(1243,3069,'1999-12-01',3),(1244,617,'2012-09-26',4),(1245,1783,'2016-08-08',5),(1246,837,'2001-09-19',6),(1247,1966,'2014-07-06',7),(1248,781,'2006-02-25',8),(1249,313,'2003-07-13',9),(1250,3928,'2016-05-19',10),(1251,4214,'2005-10-04',11),(1252,4547,'2015-06-01',12),(1253,4425,'2010-10-18',13),(1254,4203,'2015-06-11',14),(1255,1135,'2003-01-05',15),(1256,3725,'2003-06-05',16),(1257,694,'2013-10-08',17),(1258,2607,'2005-09-15',18),(1259,3096,'2013-09-09',19),(1260,2947,'2009-03-09',20),(1261,3141,'2000-03-26',1),(1262,2942,'1999-09-02',2),(1263,3428,'2002-08-15',3),(1264,4700,'1999-01-10',4),(1265,3360,'2006-02-05',5),(1266,2186,'2006-02-05',6),(1267,531,'2014-08-03',7),(1268,3112,'2012-12-14',8),(1269,4253,'2014-09-22',9),(1270,2194,'2014-10-20',10),(1271,2499,'2000-10-04',11),(1272,340,'2008-09-09',12),(1273,4731,'2012-06-16',13),(1274,1932,'2011-05-11',14),(1275,3322,'2012-02-16',15),(1276,2229,'2002-06-28',16),(1277,4639,'2002-12-13',17),(1278,2760,'2010-06-01',18),(1279,1848,'2008-06-05',19),(1280,238,'2016-02-11',20),(1281,4325,'2015-11-04',1),(1282,4633,'2008-03-05',2),(1283,1265,'2011-06-22',3),(1284,4266,'2003-09-13',4),(1285,1309,'2008-09-20',5),(1286,2098,'2009-10-24',6),(1287,2441,'2000-10-28',7),(1288,790,'2000-02-11',8),(1289,1129,'2000-05-07',9),(1290,3506,'2001-05-12',10),(1291,4484,'2006-01-02',11),(1292,3141,'2010-08-18',12),(1293,869,'2014-02-09',13),(1294,4312,'2010-10-23',14),(1295,4428,'2006-05-22',15),(1296,2897,'2008-09-09',16),(1297,1233,'2000-02-22',17),(1298,843,'2011-12-21',18),(1299,2885,'2016-01-03',19),(1300,3966,'2006-07-15',20),(1301,1706,'2004-04-13',1),(1302,1837,'2005-07-02',2),(1303,825,'2007-11-24',3),(1304,2417,'2012-10-19',4),(1305,1232,'2002-07-27',5),(1306,2325,'2016-04-14',6),(1307,3467,'2006-05-24',7),(1308,601,'2003-02-18',8),(1309,2830,'2006-01-23',9),(1310,4281,'2012-04-21',10),(1311,707,'2003-06-02',11),(1312,897,'2002-01-06',12),(1313,2665,'2001-05-14',13),(1314,894,'2005-07-17',14),(1315,2508,'2003-01-15',15),(1316,2545,'2002-08-14',16),(1317,3055,'2007-05-10',17),(1318,2081,'1999-02-05',18),(1319,690,'2016-03-08',19),(1320,3847,'2008-08-07',20),(1321,359,'2000-05-20',1),(1322,2780,'2001-02-22',2),(1323,4943,'2015-12-25',3),(1324,3074,'2008-03-27',4),(1325,3350,'2007-01-18',5),(1326,3816,'2008-09-08',6),(1327,3147,'2006-03-18',7),(1328,824,'2002-07-06',8),(1329,369,'2003-04-02',9),(1330,879,'2011-02-18',10),(1331,2198,'2016-08-05',11),(1332,3526,'2016-04-06',12),(1333,2417,'2010-11-18',13),(1334,3922,'2001-08-15',14),(1335,4135,'2004-10-11',15),(1336,3673,'2012-08-27',16),(1337,1103,'2009-05-06',17),(1338,2421,'2004-11-11',18),(1339,4358,'2000-09-17',19),(1340,434,'2001-06-08',20),(1341,3374,'2016-04-13',1),(1342,2799,'2001-04-21',2),(1343,2336,'2005-11-14',3),(1344,2914,'2000-06-28',4),(1345,1579,'2009-12-20',5),(1346,2703,'2008-05-14',6),(1347,1231,'2000-12-12',7),(1348,1849,'2002-03-10',8),(1349,3699,'2012-08-25',9),(1350,1487,'2002-10-05',10),(1351,502,'2013-05-26',11),(1352,3571,'2014-10-28',12),(1353,366,'2000-08-25',13),(1354,2673,'2012-01-01',14),(1355,1947,'2001-01-05',15),(1356,2038,'2011-11-10',16),(1357,2803,'2000-09-08',17),(1358,4866,'2005-09-06',18),(1359,562,'2004-12-02',19),(1360,3327,'2013-06-10',20),(1361,2700,'2008-07-10',1),(1362,580,'2016-11-09',2),(1363,587,'2013-04-01',3),(1364,637,'2007-09-21',4),(1365,882,'2006-05-26',5),(1366,4808,'2001-05-26',6),(1367,1115,'2016-04-15',7),(1368,2516,'2001-12-18',8),(1369,3917,'2003-01-13',9),(1370,2132,'2007-09-11',10),(1371,698,'2001-07-25',11),(1372,4900,'2012-10-25',12),(1373,841,'2003-02-16',13),(1374,3541,'2007-11-17',14),(1375,3079,'2004-02-26',15),(1376,1118,'2006-10-02',16),(1377,3107,'2011-12-14',17),(1378,3937,'2003-06-28',18),(1379,2894,'2008-10-25',19),(1380,2871,'2005-02-16',20),(1381,843,'2010-02-17',1),(1382,1263,'2001-05-02',2),(1383,1512,'2009-05-13',3),(1384,3237,'2008-07-15',4),(1385,1823,'2010-04-26',5),(1386,1485,'2015-01-26',6),(1387,4531,'2011-12-04',7),(1388,4008,'2014-08-12',8),(1389,3306,'2013-12-14',9),(1390,345,'2002-12-07',10),(1391,3375,'1999-08-03',11),(1392,2777,'2005-07-03',12),(1393,3829,'2003-09-18',13),(1394,3513,'2007-11-21',14),(1395,1016,'2007-05-22',15),(1396,2953,'2006-05-19',16),(1397,3783,'2009-06-21',17),(1398,3581,'2012-06-21',18),(1399,3345,'2004-11-04',19),(1400,2376,'2014-07-14',20),(1401,4791,'2006-05-17',1),(1402,1275,'2005-12-02',2),(1403,3830,'2015-08-21',3),(1404,4952,'2004-03-21',4),(1405,633,'2013-09-13',5),(1406,1372,'2007-12-28',6),(1407,238,'2014-05-11',7),(1408,735,'2006-06-15',8),(1409,2714,'2015-05-06',9),(1410,3581,'2016-03-23',10),(1411,3234,'2009-03-25',11),(1412,4970,'2010-07-06',12),(1413,2398,'2012-05-12',13),(1414,2834,'2005-10-22',14),(1415,4959,'2011-10-24',15),(1416,2570,'2014-07-21',16),(1417,2898,'2015-01-23',17),(1418,4946,'2005-05-25',18),(1419,4999,'2014-07-17',19),(1420,1250,'2011-03-06',20),(1421,4095,'2016-08-01',1),(1422,2725,'2014-09-15',2),(1423,2832,'2010-07-28',3),(1424,4666,'2006-06-06',4),(1425,2065,'2001-10-23',5),(1426,2719,'2009-06-11',6),(1427,1507,'2013-06-04',7),(1428,538,'2002-08-21',8),(1429,4531,'2003-05-21',9),(1430,2491,'2003-07-23',10),(1431,2423,'1999-12-16',11),(1432,3219,'2013-02-10',12),(1433,1925,'2004-11-01',13),(1434,4970,'2011-03-25',14),(1435,3947,'2007-06-06',15),(1436,1551,'2015-01-26',16),(1437,1597,'2016-08-04',17),(1438,1939,'2008-03-28',18),(1439,2258,'1999-10-14',19),(1440,1773,'2002-10-15',20),(1441,501,'2007-07-16',1),(1442,1026,'2006-05-05',2),(1443,3239,'2005-11-21',3),(1444,3157,'2011-10-04',4),(1445,3296,'2008-07-03',5),(1446,3026,'2014-01-18',6),(1447,1836,'2008-09-28',7),(1448,4830,'1999-02-17',8),(1449,3008,'2008-03-03',9),(1450,1775,'2006-07-22',10),(1451,223,'2008-02-21',11),(1452,4832,'2002-02-10',12),(1453,2123,'2005-08-07',13),(1454,2794,'2012-07-02',14),(1455,1531,'2009-05-24',15),(1456,1417,'2001-05-21',16),(1457,4944,'2008-11-20',17),(1458,1549,'2009-08-04',18),(1459,3491,'2013-01-14',19),(1460,1036,'2008-10-11',20),(1461,2505,'2013-01-10',1),(1462,4307,'2004-06-05',2),(1463,4031,'2011-01-01',3),(1464,3220,'2006-05-10',4),(1465,4260,'2005-01-08',5),(1466,3539,'1999-01-03',6),(1467,3512,'2008-03-05',7),(1468,1889,'1999-03-13',8),(1469,1278,'2005-04-02',9),(1470,4702,'2006-02-25',10),(1471,2719,'2009-04-27',11),(1472,1431,'2013-02-02',12),(1473,3979,'2012-06-16',13),(1474,3477,'2005-02-15',14),(1475,1241,'2012-06-17',15),(1476,2956,'2016-11-23',16),(1477,3858,'2011-12-11',17),(1478,4223,'2009-05-24',18),(1479,2785,'2009-03-27',19),(1480,3864,'1999-09-28',20),(1481,1895,'2013-05-15',1),(1482,490,'2002-10-09',2),(1483,4276,'2008-06-04',3),(1484,1067,'2000-09-03',4),(1485,3369,'2000-11-09',5),(1486,4590,'2002-04-28',6),(1487,2486,'2012-09-25',7),(1488,3623,'2000-04-18',8),(1489,2429,'2007-03-08',9),(1490,4565,'2015-10-06',10),(1491,4969,'2001-01-04',11),(1492,789,'2001-04-26',12),(1493,2424,'2000-08-12',13),(1494,3174,'2009-11-03',14),(1495,1371,'2007-07-20',15),(1496,1460,'2007-04-16',16),(1497,616,'2004-08-05',17),(1498,3860,'2005-09-04',18),(1499,576,'2006-10-13',19),(1500,2059,'2011-07-02',20),(1501,4308,'2004-07-26',1),(1502,2704,'1999-03-06',2),(1503,3310,'2007-08-22',3),(1504,4952,'2011-10-04',4),(1505,331,'2015-02-16',5),(1506,1586,'2001-06-17',6),(1507,1267,'2011-12-26',7),(1508,310,'2000-09-15',8),(1509,4589,'2007-07-10',9),(1510,3347,'2004-06-14',10),(1511,4530,'2010-07-17',11),(1512,1251,'2007-02-27',12),(1513,3405,'2011-12-22',13),(1514,3136,'2006-01-16',14),(1515,2790,'2006-08-12',15),(1516,4798,'2004-12-12',16),(1517,3115,'2009-03-12',17),(1518,3503,'1999-09-21',18),(1519,1625,'2008-12-05',19),(1520,3669,'2016-10-20',20),(1521,2443,'2000-07-22',1),(1522,1183,'2004-02-28',2),(1523,490,'2014-02-02',3),(1524,1384,'2004-05-04',4),(1525,3826,'2002-02-09',5),(1526,3207,'2005-08-17',6),(1527,4548,'2013-05-27',7),(1528,3431,'2012-04-18',8),(1529,2958,'2005-06-09',9),(1530,1574,'2008-11-19',10),(1531,1194,'2010-02-20',11),(1532,1950,'2014-11-12',12),(1533,1361,'2014-07-09',13),(1534,1479,'2007-08-25',14),(1535,4244,'2010-06-10',15),(1536,4061,'2011-02-16',16),(1537,4886,'2015-10-05',17),(1538,2560,'2003-06-26',18),(1539,3159,'2001-09-20',19),(1540,2941,'2011-09-02',20),(1541,456,'2011-11-16',1),(1542,3088,'2012-01-14',2),(1543,3025,'2003-07-09',3),(1544,278,'2014-06-20',4),(1545,713,'2002-01-08',5),(1546,3666,'2002-01-24',6),(1547,4813,'2005-04-28',7),(1548,4096,'2016-06-06',8),(1549,1096,'2008-07-22',9),(1550,4102,'2001-10-05',10),(1551,2559,'2003-10-27',11),(1552,2352,'2005-03-23',12),(1553,4881,'2006-09-25',13),(1554,1500,'2014-11-09',14),(1555,4282,'2003-02-20',15),(1556,630,'2001-12-01',16),(1557,2035,'2007-06-18',17),(1558,846,'2004-06-13',18),(1559,200,'1999-09-23',19),(1560,3569,'2015-06-21',20),(1561,423,'2000-05-06',1),(1562,2907,'2006-07-17',2),(1563,3878,'2007-04-12',3),(1564,1124,'2005-12-14',4),(1565,4302,'2011-04-21',5),(1566,567,'2004-04-23',6),(1567,3432,'2009-02-28',7),(1568,4152,'2013-08-23',8),(1569,1426,'2009-02-26',9),(1570,3995,'2011-02-25',10),(1571,3452,'2009-09-22',11),(1572,3355,'2003-02-02',12),(1573,571,'2006-11-18',13),(1574,3359,'2012-06-20',14),(1575,4138,'2011-01-18',15),(1576,4683,'2000-11-18',16),(1577,1301,'2009-10-08',17),(1578,3876,'2002-03-06',18),(1579,497,'2007-10-05',19),(1580,2931,'2016-11-12',20),(1581,2971,'2013-01-16',1),(1582,2180,'2012-04-23',2),(1583,2322,'2002-10-17',3),(1584,3189,'2010-10-04',4),(1585,618,'2003-05-12',5),(1586,3681,'2015-04-10',6),(1587,1944,'2014-07-09',7),(1588,3136,'2004-04-13',8),(1589,394,'2002-02-16',9),(1590,2092,'2004-07-14',10),(1591,3582,'2006-10-07',11),(1592,3812,'2000-04-17',12),(1593,3609,'2005-03-16',13),(1594,675,'2006-10-18',14),(1595,1960,'2011-10-22',15),(1596,3708,'2015-06-03',16),(1597,3383,'2008-03-09',17),(1598,2691,'2012-10-17',18),(1599,1088,'2008-07-16',19),(1600,1679,'2006-05-25',20),(1601,2090,'2003-12-08',1),(1602,3587,'2000-02-11',2),(1603,2015,'2005-09-09',3),(1604,731,'2011-02-13',4),(1605,1787,'2002-01-11',5),(1606,4929,'2003-06-23',6),(1607,380,'2008-02-02',7),(1608,2764,'2008-02-17',8),(1609,1661,'2006-11-20',9),(1610,4111,'2011-12-27',10),(1611,681,'2009-01-17',11),(1612,2151,'2007-10-11',12),(1613,1137,'2010-05-27',13),(1614,2602,'2016-01-09',14),(1615,2551,'2000-10-10',15),(1616,4892,'2006-04-12',16),(1617,1796,'2012-06-09',17),(1618,1381,'2012-08-04',18),(1619,1560,'2012-10-23',19),(1620,1143,'2014-03-21',20),(1621,4770,'2010-06-02',1),(1622,2681,'2003-06-05',2),(1623,719,'2007-12-01',3),(1624,3976,'2014-05-27',4),(1625,2008,'2009-02-16',5),(1626,464,'2000-11-20',6),(1627,4833,'2005-08-26',7),(1628,1861,'2004-04-25',8),(1629,4981,'2005-05-17',9),(1630,2530,'2002-09-05',10),(1631,424,'2009-09-07',11),(1632,2784,'2008-11-02',12),(1633,1846,'2006-09-25',13),(1634,4818,'2015-02-11',14),(1635,2517,'2006-12-16',15),(1636,3382,'2002-02-10',16),(1637,4204,'2005-03-28',17),(1638,4133,'2011-05-04',18),(1639,3990,'2000-11-28',19),(1640,244,'2002-11-05',20),(1641,1384,'2014-11-23',1),(1642,4715,'2005-07-11',2),(1643,4577,'2001-03-11',3),(1644,758,'2015-10-26',4),(1645,1353,'2011-10-04',5),(1646,2147,'2008-12-14',6),(1647,3541,'2004-05-28',7),(1648,1073,'2006-10-08',8),(1649,2735,'2004-09-05',9),(1650,1418,'2001-12-24',10),(1651,4243,'2007-12-15',11),(1652,3248,'2006-09-24',12),(1653,3312,'2011-06-12',13),(1654,1085,'2015-08-12',14),(1655,1440,'2000-01-02',15),(1656,1616,'2014-06-23',16),(1657,2209,'2000-10-24',17),(1658,3175,'2000-10-21',18),(1659,1245,'2009-03-27',19),(1660,223,'2016-03-28',20),(1661,2123,'2001-05-08',1),(1662,2048,'2007-08-12',2),(1663,4321,'2010-08-25',3),(1664,4661,'2002-04-22',4),(1665,386,'2007-12-28',5),(1666,2554,'2007-04-22',6),(1667,2152,'2001-09-18',7),(1668,832,'2004-11-10',8),(1669,4028,'2005-02-28',9),(1670,3006,'2016-09-23',10),(1671,4863,'2003-04-19',11),(1672,1129,'2007-02-02',12),(1673,671,'2014-03-08',13),(1674,2321,'2006-03-27',14),(1675,2901,'2004-01-12',15),(1676,705,'2012-08-09',16),(1677,2041,'2002-07-25',17),(1678,2669,'2008-09-14',18),(1679,1970,'2015-02-16',19),(1680,2568,'2015-01-01',20),(1681,3874,'2014-01-15',1),(1682,3837,'2004-01-19',2),(1683,293,'2010-11-05',3),(1684,2818,'2007-09-03',4),(1685,2655,'2008-05-26',5),(1686,4528,'1999-03-05',6),(1687,1971,'2016-12-26',7),(1688,586,'2008-10-21',8),(1689,2785,'2007-09-26',9),(1690,4108,'2012-07-20',10),(1691,1655,'2005-12-20',11),(1692,4937,'2000-05-02',12),(1693,4542,'2014-09-23',13),(1694,4532,'2004-05-07',14),(1695,4483,'2002-07-24',15),(1696,4934,'2007-10-14',16),(1697,1459,'2008-08-15',17),(1698,1753,'2006-01-21',18),(1699,3862,'2002-09-10',19),(1700,3781,'2005-01-12',20),(1701,1802,'2012-06-05',1),(1702,545,'2000-08-21',2),(1703,4739,'2005-03-08',3),(1704,3855,'2010-06-18',4),(1705,4184,'2013-03-14',5),(1706,4402,'2012-06-11',6),(1707,4013,'2004-07-22',7),(1708,1074,'1999-06-12',8),(1709,2227,'2004-06-06',9),(1710,3291,'2006-03-19',10),(1711,3120,'2000-02-03',11),(1712,1342,'2016-08-25',12),(1713,2345,'2014-03-12',13),(1714,3697,'2016-12-03',14),(1715,1165,'2015-12-20',15),(1716,3353,'2014-08-01',16),(1717,1632,'2014-11-02',17),(1718,2898,'2004-09-25',18),(1719,4668,'2016-02-04',19),(1720,1762,'2005-09-21',20),(1721,1013,'1999-06-20',1),(1722,4776,'1999-05-02',2),(1723,2360,'2000-02-23',3),(1724,537,'1999-07-19',4),(1725,2445,'2015-12-23',5),(1726,3401,'2008-09-01',6),(1727,1835,'2013-02-27',7),(1728,999,'2016-09-10',8),(1729,606,'2002-08-08',9),(1730,697,'2008-04-11',10),(1731,508,'2015-11-03',11),(1732,4818,'2015-07-01',12),(1733,4656,'2005-10-28',13),(1734,1924,'2002-07-22',14),(1735,1487,'2005-04-10',15),(1736,4952,'1999-06-24',16),(1737,3932,'2014-09-12',17),(1738,2959,'2008-05-25',18),(1739,2365,'2011-11-14',19),(1740,4728,'2013-04-04',20),(1741,1061,'2003-02-26',1),(1742,1995,'2016-01-16',2),(1743,3507,'2012-03-05',3),(1744,867,'2014-10-07',4),(1745,3505,'2015-07-09',5),(1746,1719,'2005-06-06',6),(1747,4017,'2015-11-01',7),(1748,4060,'2012-07-17',8),(1749,2892,'2005-12-06',9),(1750,3272,'2004-06-11',10),(1751,3647,'2008-02-03',11),(1752,2816,'2008-10-03',12),(1753,3510,'2015-12-02',13),(1754,2854,'2008-12-20',14),(1755,792,'2008-02-07',15),(1756,2381,'1999-05-17',16),(1757,4258,'1999-02-07',17),(1758,2669,'2012-12-08',18),(1759,3471,'2001-06-12',19),(1760,2592,'2007-12-19',20),(1761,2973,'2009-04-27',1),(1762,2681,'2003-11-09',2),(1763,3873,'2008-09-14',3),(1764,3520,'2001-03-21',4),(1765,3680,'2010-11-28',5),(1766,871,'2003-07-05',6),(1767,1872,'2003-04-11',7),(1768,4667,'2014-06-28',8),(1769,2915,'2003-05-13',9),(1770,1962,'1999-02-02',10),(1771,2858,'2014-10-17',11),(1772,2201,'2011-08-13',12),(1773,3856,'2016-01-27',13),(1774,677,'2006-09-16',14),(1775,4457,'2015-05-13',15),(1776,3147,'2007-07-08',16),(1777,387,'2011-08-27',17),(1778,2429,'2008-07-27',18),(1779,3314,'2013-04-20',19),(1780,3011,'2005-04-19',20),(1781,553,'2000-03-13',1),(1782,2805,'2011-12-14',2),(1783,3730,'2001-03-08',3),(1784,1838,'2015-05-04',4),(1785,3305,'2002-04-27',5),(1786,3460,'2000-04-02',6),(1787,606,'2015-04-08',7),(1788,734,'2011-08-06',8),(1789,3285,'2006-01-10',9),(1790,4926,'2000-07-24',10),(1791,723,'2000-02-28',11),(1792,2392,'2010-12-22',12),(1793,3242,'1999-02-28',13),(1794,2973,'2008-09-19',14),(1795,223,'1999-09-01',15),(1796,2924,'2014-07-26',16),(1797,3588,'2004-02-01',17),(1798,4882,'1999-05-05',18),(1799,3909,'2011-05-10',19),(1800,4812,'2016-04-01',20),(1801,1854,'2007-01-24',1),(1802,754,'2008-09-02',2),(1803,2492,'2001-11-26',3),(1804,300,'2015-05-22',4),(1805,2104,'2015-11-10',5),(1806,2145,'2004-05-10',6),(1807,1222,'2013-04-27',7),(1808,787,'2006-10-03',8),(1809,2337,'2002-06-15',9),(1810,4426,'2012-11-28',10),(1811,2016,'2014-06-04',11),(1812,1763,'2015-10-28',12),(1813,4047,'2000-05-16',13),(1814,387,'2001-08-06',14),(1815,886,'1999-04-02',15),(1816,1844,'2005-06-01',16),(1817,1915,'2005-07-23',17),(1818,3742,'2011-10-05',18),(1819,2703,'2008-02-15',19),(1820,1939,'2006-09-15',20),(1821,3799,'2013-07-19',1),(1822,416,'2004-08-03',2),(1823,1061,'1999-03-20',3),(1824,2267,'2011-03-23',4),(1825,1818,'1999-02-07',5),(1826,2007,'2008-07-01',6),(1827,1185,'2016-08-09',7),(1828,3671,'2010-01-20',8),(1829,3720,'2015-04-24',9),(1830,1478,'2015-07-04',10),(1831,2618,'2014-10-10',11),(1832,4114,'2006-08-06',12),(1833,3533,'2007-01-18',13),(1834,3872,'2010-01-26',14),(1835,569,'2013-10-16',15),(1836,3987,'2000-07-18',16),(1837,3569,'2016-08-02',17),(1838,2592,'2011-10-02',18),(1839,676,'2003-01-02',19),(1840,1011,'2014-12-03',20),(1841,1516,'2003-08-27',1),(1842,475,'2004-07-15',2),(1843,4136,'2013-02-22',3),(1844,4235,'1999-07-21',4),(1845,539,'2002-05-07',5),(1846,4634,'2004-09-21',6),(1847,4189,'2004-02-02',7),(1848,1926,'2015-03-24',8),(1849,2997,'1999-07-06',9),(1850,4206,'2013-02-14',10),(1851,4924,'2008-07-24',11),(1852,3721,'2008-11-06',12),(1853,436,'2004-05-27',13),(1854,542,'2016-09-10',14),(1855,3934,'2010-07-06',15),(1856,3957,'2009-07-19',16),(1857,2337,'2002-09-26',17),(1858,2438,'2005-04-16',18),(1859,2890,'2010-11-26',19),(1860,3041,'2009-12-09',20),(1861,4705,'2009-01-27',1),(1862,263,'2015-02-06',2),(1863,249,'2008-11-12',3),(1864,1684,'2008-01-24',4),(1865,4947,'2015-10-17',5),(1866,1012,'2012-12-18',6),(1867,1237,'2012-01-21',7),(1868,2693,'2000-11-06',8),(1869,4599,'2007-06-11',9),(1870,3603,'2012-10-25',10),(1871,509,'2010-05-22',11),(1872,2075,'2011-06-19',12),(1873,700,'2016-07-28',13),(1874,514,'2002-11-08',14),(1875,1825,'2012-11-18',15),(1876,4571,'2014-07-08',16),(1877,1890,'2005-07-19',17),(1878,615,'2007-10-07',18),(1879,2539,'2003-12-10',19),(1880,934,'2015-12-11',20),(1881,3586,'2001-01-27',1),(1882,2133,'2003-09-22',2),(1883,3741,'2008-06-16',3),(1884,3963,'2009-10-22',4),(1885,2797,'2001-11-22',5),(1886,1906,'2013-08-02',6),(1887,1768,'2010-03-03',7),(1888,3374,'2010-10-09',8),(1889,4363,'2013-07-07',9),(1890,3500,'2011-06-07',10),(1891,2977,'2001-05-08',11),(1892,3752,'2009-05-01',12),(1893,468,'2006-12-27',13),(1894,3189,'2001-01-17',14),(1895,4659,'2006-10-05',15),(1896,377,'2010-05-26',16),(1897,1177,'2006-09-08',17),(1898,2364,'2005-05-24',18),(1899,4581,'2004-01-11',19),(1900,3474,'2012-05-16',20),(1901,4220,'2013-04-27',1),(1902,2996,'2009-01-28',2),(1903,1586,'1999-10-20',3),(1904,3526,'2016-03-21',4),(1905,798,'2011-10-27',5),(1906,4168,'1999-06-01',6),(1907,4806,'2007-11-08',7),(1908,4039,'2014-05-16',8),(1909,2449,'2015-04-02',9),(1910,2293,'2008-12-23',10),(1911,2689,'2013-02-14',11),(1912,2023,'2001-04-12',12),(1913,1401,'2015-09-09',13),(1914,2623,'1999-11-14',14),(1915,4132,'2011-11-11',15),(1916,1118,'2006-09-16',16),(1917,1714,'2011-05-05',17),(1918,235,'2003-07-10',18),(1919,1725,'2001-07-03',19),(1920,4712,'2012-01-01',20),(1921,1240,'2004-02-08',1),(1922,3500,'2000-10-15',2),(1923,4797,'2002-05-22',3),(1924,1771,'2009-11-12',4),(1925,3370,'2014-12-28',5),(1926,429,'2000-08-16',6),(1927,4499,'2001-10-01',7),(1928,1190,'2016-04-05',8),(1929,3490,'1999-01-04',9),(1930,1335,'2016-02-27',10),(1931,4477,'2016-01-28',11),(1932,2785,'2005-02-01',12),(1933,2974,'2012-06-11',13),(1934,2599,'2000-06-27',14),(1935,4444,'2010-07-23',15),(1936,3816,'2005-05-12',16),(1937,1686,'2008-12-16',17),(1938,3736,'2015-03-23',18),(1939,2252,'2016-11-09',19),(1940,4966,'2011-12-09',20),(1941,3325,'2012-01-13',1),(1942,4156,'2002-11-13',2),(1943,1480,'2001-01-13',3),(1944,2237,'2011-04-26',4),(1945,1765,'2007-11-24',5),(1946,2379,'2000-10-28',6),(1947,4828,'2016-02-27',7),(1948,4865,'2011-05-01',8),(1949,2354,'1999-04-21',9),(1950,1274,'2009-09-01',10),(1951,2300,'2012-03-10',11),(1952,1743,'2008-02-26',12),(1953,1918,'1999-09-15',13),(1954,1644,'2007-08-23',14),(1955,1351,'2010-07-08',15),(1956,4998,'2009-03-28',16),(1957,703,'2002-04-09',17),(1958,2400,'2003-10-18',18),(1959,2498,'2010-08-26',19),(1960,1223,'2005-10-21',20),(1961,2309,'2009-11-27',1),(1962,949,'2007-01-25',2),(1963,2167,'2008-06-02',3),(1964,3460,'2008-02-09',4),(1965,3477,'2007-11-04',5),(1966,746,'2001-06-02',6),(1967,3660,'2003-03-07',7),(1968,3172,'2012-06-20',8),(1969,2944,'2014-04-07',9),(1970,1852,'2006-04-03',10),(1971,3560,'2000-03-08',11),(1972,4767,'2007-04-05',12),(1973,2551,'2000-03-06',13),(1974,1961,'2006-06-04',14),(1975,3117,'2003-11-12',15),(1976,2200,'2013-10-08',16),(1977,2151,'2000-07-17',17),(1978,4591,'2000-04-18',18),(1979,1244,'2005-05-17',19),(1980,4139,'2010-11-21',20),(1981,3010,'2001-06-13',1),(1982,4172,'2012-02-02',2),(1983,1594,'2016-10-09',3),(1984,2639,'2015-08-22',4),(1985,2344,'2014-11-08',5),(1986,561,'2015-12-28',6),(1987,4673,'2013-05-01',7),(1988,4937,'2010-11-19',8),(1989,1115,'2003-03-14',9),(1990,3347,'2016-08-14',10),(1991,3202,'2006-03-25',11),(1992,2049,'2000-09-05',12),(1993,934,'2006-08-13',13),(1994,1257,'2011-11-04',14),(1995,2197,'2010-07-27',15),(1996,3253,'2001-05-11',16),(1997,2528,'2005-11-18',17),(1998,2389,'2013-09-01',18),(1999,208,'1999-01-05',19),(2000,2444,'2009-04-17',20);
/*!40000 ALTER TABLE `venta` ENABLE KEYS */;
UNLOCK TABLES;
/*!40103 SET TIME_ZONE=@OLD_TIME_ZONE */;

/*!40101 SET SQL_MODE=@OLD_SQL_MODE */;
/*!40014 SET FOREIGN_KEY_CHECKS=@OLD_FOREIGN_KEY_CHECKS */;
/*!40014 SET UNIQUE_CHECKS=@OLD_UNIQUE_CHECKS */;
/*!40101 SET CHARACTER_SET_CLIENT=@OLD_CHARACTER_SET_CLIENT */;
/*!40101 SET CHARACTER_SET_RESULTS=@OLD_CHARACTER_SET_RESULTS */;
/*!40101 SET COLLATION_CONNECTION=@OLD_COLLATION_CONNECTION */;
/*!40111 SET SQL_NOTES=@OLD_SQL_NOTES */;

-- Dump completed on 2016-08-29 22:19:32
